SampleID,Recency
House1493-1473-FEMALE,NO
House1782-7309-FEMALE,NO
House3264-7514-FEMALE,NO
House534-508-MALE,NO
House5435-5419-FEMALE,NO
House5489-5479-FEMALE,NO
House2402-10939-MALE,NO
House5952-7379-MALE,NO
House1651-1645-FEMALE,NO
House2932-8795-MALE,NO
House1092-1063-FEMALE,NO
House5294-5275-FEMALE,YES
House2159-6526-MALE,NO
House3368-7994-MALE,NO
House1072-1045-FEMALE,NO
House1483-11844-MALE,NO
House5681-5670-MALE,NO
House3280-13020-FEMALE,YES
House3391-3340-MALE,NO
House2200-11375-MALE,YES
House5592-5587-FEMALE,NO
House2643-8638-FEMALE,NO
House2816-8929-MALE,NO
House4304-9334-MALE,NO
House5969-12374-MALE,NO
House4223-9435-FEMALE,YES
House1601-9706-MALE,NO
House1527-1511-FEMALE,NO
House3653-3598-MALE,YES
House1289-8935-FEMALE,NO
House477-447-FEMALE,YES
House3826-3780-MALE,NO
House4745-4715-FEMALE,YES
House3718-10208-FEMALE,NO
House1572-12767-MALE,YES
House773-7251-FEMALE,YES
House1968-11790-FEMALE,NO
House1632-1623-FEMALE,NO
House6019-6188-FEMALE,NO
House4707-4679-FEMALE,NO
House5906-11037-MALE,NO
House6019-6069-FEMALE,NO
House491-11802-MALE,NO
House4397-4363-FEMALE,YES
House4135-10011-FEMALE,NO
House1759-10668-MALE,YES
House681-11884-FEMALE,YES
House1222-9533-MALE,NO
House2592-9550-FEMALE,NO
House391-376-MALE,NO
House6019-9915-FEMALE,NO
House1421-1408-MALE,NO
House807-7658-MALE,NO
House2082-10190-MALE,NO
House5967-6282-MALE,NO
House396-383-FEMALE,NO
House798-11837-FEMALE,NO
House434-9414-MALE,NO
House1190-11163-MALE,NO
House1995-8269-MALE,YES
House49-9496-FEMALE,NO
House1382-1361-FEMALE,NO
House956-12599-MALE,YES
House2030-9719-FEMALE,NO
House5582-10408-MALE,YES
House1535-10594-MALE,NO
House2969-10222-FEMALE,NO
House5194-5162-MALE,NO
House699-670-MALE,NO
House6019-12711-FEMALE,NO
House1138-8822-FEMALE,NO
House2066-2067-FEMALE,NO
House556-526-MALE,YES
House495-12669-MALE,NO
House1534-12265-MALE,NO
House2405-2427-FEMALE,NO
House1126-10815-MALE,NO
House3252-3213-FEMALE,NO
House6019-12294-FEMALE,YES
House1748-7449-MALE,NO
House4600-6215-MALE,YES
House1545-8601-MALE,NO
House3700-3640-MALE,NO
House3357-3306-MALE,YES
House872-6967-MALE,NO
House3192-3144-MALE,NO
House4752-4717-FEMALE,NO
House6019-13103-FEMALE,YES
House233-11357-MALE,NO
House432-11665-FEMALE,YES
House4594-4544-MALE,NO
House958-12842-FEMALE,YES
House5670-7427-MALE,NO
House5401-5382-MALE,YES
House2524-2541-FEMALE,NO
House2806-11363-MALE,NO
House2746-2750-MALE,NO
House2702-2715-FEMALE,NO
House6019-6146-FEMALE,NO
House180-11387-MALE,YES
House547-10673-FEMALE,YES
House808-787-FEMALE,YES
House2416-11879-MALE,YES
House4226-4175-FEMALE,NO
House5819-8651-MALE,NO
House6019-12674-FEMALE,NO
House936-12348-FEMALE,NO
House1626-11194-MALE,NO
House1024-11153-MALE,NO
House3550-12930-FEMALE,NO
House4200-6377-MALE,NO
House378-8051-MALE,NO
House4749-6868-MALE,NO
House3351-10706-MALE,NO
House3809-3761-FEMALE,NO
House1578-1563-FEMALE,NO
House4262-6493-FEMALE,NO
House2756-11207-MALE,NO
House6019-11779-FEMALE,NO
House2444-10321-MALE,NO
House1736-1729-FEMALE,NO
House865-7750-MALE,YES
House318-297-FEMALE,NO
House5822-5801-FEMALE,NO
House4277-4234-MALE,NO
House3943-3900-MALE,NO
House2381-2396-MALE,NO
House300-8716-MALE,NO
House4714-10791-FEMALE,NO
House2625-2632-MALE,NO
House3821-3775-FEMALE,NO
House4485-8933-FEMALE,NO
House258-8534-FEMALE,NO
House3607-3555-FEMALE,NO
House2624-8096-FEMALE,NO
House4316-4270-MALE,NO
House6019-7775-FEMALE,NO
House2521-10842-FEMALE,NO
House1020-12172-FEMALE,NO
House1729-1724-MALE,NO
House1832-1832-MALE,NO
House687-12407-MALE,YES
House2623-2628-MALE,NO
House6019-12909-FEMALE,YES
House5432-5414-MALE,NO
House135-10194-MALE,NO
House1440-11994-FEMALE,YES
House1410-11634-MALE,NO
House2702-2714-MALE,NO
House2092-2100-MALE,NO
House561-11220-MALE,NO
House3437-9459-FEMALE,NO
House873-859-FEMALE,NO
House59-45-FEMALE,NO
House2032-2033-FEMALE,NO
House647-11492-MALE,NO
House1224-1209-FEMALE,NO
House2984-2972-MALE,NO
House1036-1007-FEMALE,NO
House2735-2737-FEMALE,NO
House1374-8948-MALE,NO
House2816-9333-FEMALE,NO
House1845-11859-MALE,NO
House5773-5759-FEMALE,NO
House6019-7545-FEMALE,NO
House679-12537-MALE,YES
House768-10740-MALE,NO
House5637-12807-FEMALE,NO
House1607-1600-MALE,YES
House3063-11065-MALE,NO
House2576-2587-FEMALE,NO
House6019-6068-FEMALE,NO
House385-6808-MALE,NO
House2077-2079-FEMALE,NO
House5423-9924-MALE,NO
House6019-6144-FEMALE,NO
House858-842-MALE,NO
House3416-3367-FEMALE,NO
House1492-13492-MALE,YES
House1755-6414-FEMALE,NO
House2825-12338-MALE,YES
House1393-12054-FEMALE,NO
House2982-7754-FEMALE,YES
House4827-4798-MALE,YES
House2251-9835-FEMALE,YES
House269-10006-MALE,NO
House1664-1659-FEMALE,NO
House6019-11250-FEMALE,NO
House124-106-MALE,NO
House1894-11910-MALE,YES
House3305-3263-FEMALE,NO
House592-559-FEMALE,YES
House3127-3094-MALE,NO
House428-11309-FEMALE,NO
House4670-10817-FEMALE,NO
House94-10733-MALE,NO
House277-251-FEMALE,NO
House5872-5850-MALE,NO
House3634-11570-MALE,NO
House4665-10708-FEMALE,NO
House627-588-MALE,NO
House820-8029-MALE,NO
House3910-3871-FEMALE,NO
House1007-980-MALE,NO
House3331-7192-MALE,NO
House757-6914-FEMALE,NO
House806-8864-FEMALE,NO
House1873-11295-MALE,NO
House1249-9894-MALE,NO
House5262-13519-MALE,YES
House933-11408-MALE,NO
House4753-4719-FEMALE,NO
House1974-9498-MALE,NO
House166-12873-MALE,YES
House322-300-MALE,NO
House6019-10050-FEMALE,NO
House932-7770-FEMALE,NO
House3095-9231-MALE,NO
House226-10449-FEMALE,NO
House3253-10419-MALE,NO
House1652-1646-MALE,NO
House1763-11132-MALE,NO
House4561-4509-FEMALE,NO
House2642-8395-FEMALE,NO
House259-238-MALE,NO
House2027-2027-FEMALE,NO
House6019-6078-FEMALE,NO
House1998-1988-MALE,NO
House2860-2856-MALE,NO
House1521-1500-MALE,NO
House598-11926-MALE,YES
House425-8775-FEMALE,NO
House2914-2913-FEMALE,NO
House5678-7400-FEMALE,NO
House821-10473-FEMALE,NO
House1206-13032-FEMALE,YES
House272-10527-FEMALE,NO
House9-9-FEMALE,YES
House5435-5418-MALE,NO
House1075-9279-MALE,NO
House5652-7118-MALE,YES
House1592-1579-FEMALE,NO
House2546-12589-FEMALE,YES
House2665-10349-FEMALE,YES
House4397-4362-MALE,YES
House3940-3897-FEMALE,NO
House777-10350-FEMALE,YES
House310-10941-MALE,NO
House1444-1433-FEMALE,NO
House5544-12739-MALE,NO
House159-12488-MALE,NO
House681-11973-MALE,NO
House4463-7372-MALE,NO
House4195-4152-MALE,NO
House359-9059-FEMALE,NO
House1942-1938-MALE,NO
House2487-11526-MALE,NO
House5848-5829-FEMALE,NO
House1912-1907-FEMALE,NO
House1565-12600-FEMALE,YES
House641-7024-FEMALE,NO
House2859-12816-FEMALE,YES
House131-11512-MALE,NO
House6019-6102-FEMALE,NO
House3833-11283-FEMALE,NO
House2572-12427-MALE,NO
House1925-1924-MALE,NO
House3414-7002-MALE,NO
House2298-2306-MALE,NO
House4634-4599-FEMALE,NO
House1066-12299-MALE,NO
House4784-4748-MALE,YES
House3351-12245-FEMALE,NO
House2055-11034-MALE,NO
House4204-12005-MALE,YES
House4938-11256-FEMALE,NO
House5849-10739-MALE,YES
House5994-5970-MALE,NO
House2231-6347-MALE,NO
House696-665-FEMALE,NO
House1778-1783-FEMALE,NO
House630-592-MALE,NO
House359-11393-MALE,NO
House403-8793-FEMALE,NO
House3291-3252-MALE,YES
House5895-7049-MALE,YES
House2957-13512-MALE,YES
House1793-7596-MALE,NO
House6019-10956-FEMALE,NO
House202-183-FEMALE,NO
House1664-1658-MALE,NO
House1180-11218-MALE,NO
House3328-9944-FEMALE,YES
House341-326-MALE,NO
House1157-1124-MALE,NO
House3555-10623-MALE,NO
House1681-11352-MALE,YES
House2270-11618-MALE,NO
House3740-3689-FEMALE,YES
House2296-2304-MALE,NO
House373-6349-FEMALE,NO
House978-8497-FEMALE,NO
House5568-5562-MALE,NO
House439-10117-MALE,NO
House5569-5565-FEMALE,NO
House4219-4166-MALE,NO
House3857-9031-MALE,NO
House1474-13433-MALE,YES
House6019-10375-FEMALE,NO
House2841-11382-FEMALE,NO
House3829-9611-FEMALE,NO
House1755-8118-MALE,NO
House3338-3286-MALE,NO
House6000-5976-MALE,YES
House458-11229-FEMALE,YES
House1177-7381-MALE,NO
House2029-12880-MALE,NO
House1119-10443-FEMALE,NO
House6019-6045-FEMALE,NO
House1005-979-FEMALE,YES
House3638-3582-MALE,YES
House2426-11596-MALE,NO
House6019-12159-FEMALE,YES
House6019-10450-FEMALE,NO
House5320-5300-MALE,NO
House3399-8689-FEMALE,NO
House388-6663-FEMALE,NO
House5906-10836-FEMALE,NO
House2447-2463-FEMALE,NO
House2103-2116-MALE,NO
House4267-12623-MALE,YES
House538-12449-MALE,YES
House1531-1512-MALE,YES
House5943-11058-FEMALE,NO
House1628-1617-FEMALE,NO
House2714-9703-MALE,NO
House2486-2508-MALE,NO
House418-400-MALE,NO
House6019-6067-FEMALE,NO
House1096-11473-MALE,NO
House5678-7676-MALE,NO
House3726-6639-MALE,NO
House365-9277-MALE,NO
House728-12140-FEMALE,NO
House796-11041-MALE,NO
House739-8853-MALE,YES
House3810-12258-MALE,YES
House338-13004-MALE,YES
House5820-10126-FEMALE,NO
House3094-3071-FEMALE,NO
House5871-5848-MALE,NO
House582-7201-MALE,NO
House547-10472-MALE,NO
House2459-9780-FEMALE,NO
House462-435-FEMALE,NO
House3733-11538-MALE,NO
House2026-13608-MALE,YES
House2357-2368-MALE,NO
House4878-4850-MALE,NO
House5765-6522-FEMALE,NO
House1801-1807-FEMALE,NO
House4291-4248-MALE,NO
House1982-9892-MALE,NO
House3841-3799-FEMALE,NO
House1314-1291-FEMALE,NO
House2589-11774-MALE,NO
House333-10963-FEMALE,NO
House5612-8879-FEMALE,NO
House5135-8931-FEMALE,NO
House2584-12063-MALE,NO
House3857-8645-FEMALE,YES
House174-10024-FEMALE,NO
House2586-9126-MALE,NO
House4651-4618-MALE,NO
House511-487-FEMALE,NO
House1807-8866-FEMALE,NO
House3663-10201-MALE,NO
House1581-13315-MALE,YES
House80-9883-FEMALE,YES
House32-27-FEMALE,YES
House2777-2772-MALE,NO
House1673-11698-FEMALE,YES
House1795-8714-MALE,NO
House4957-12731-MALE,NO
House486-458-MALE,NO
House3759-9724-MALE,NO
House550-522-MALE,NO
House4933-4905-FEMALE,NO
House1784-11094-FEMALE,NO
House6019-11113-FEMALE,YES
House3489-9167-MALE,NO
House3470-3419-FEMALE,NO
House5271-13586-MALE,YES
House3101-9573-MALE,NO
House2266-9100-MALE,NO
House2153-9356-FEMALE,NO
House1151-9247-MALE,NO
House1374-1355-FEMALE,NO
House1768-1771-FEMALE,NO
House3821-3774-MALE,NO
House2168-11100-MALE,NO
House1044-11168-MALE,YES
House425-408-MALE,NO
House484-7484-FEMALE,NO
House4150-11397-MALE,NO
House3301-10549-FEMALE,NO
House4154-11079-MALE,NO
House4842-7694-FEMALE,NO
House2550-8969-FEMALE,YES
House171-12464-MALE,NO
House1311-1286-MALE,NO
House2088-2093-FEMALE,NO
House668-10790-FEMALE,NO
House5009-7071-FEMALE,YES
House6019-12229-FEMALE,NO
House2529-2543-FEMALE,YES
House4943-12796-MALE,NO
House4935-8402-MALE,NO
House1434-12212-FEMALE,YES
House3054-3035-FEMALE,NO
House1200-7408-MALE,NO
House2652-13289-MALE,YES
House439-9829-FEMALE,YES
House984-6479-FEMALE,NO
House1757-9999-MALE,NO
House4743-9529-MALE,NO
House1916-10100-FEMALE,NO
House2252-6715-MALE,NO
House6019-10359-FEMALE,NO
House400-11823-MALE,YES
House1697-7947-MALE,NO
House844-831-FEMALE,YES
House2837-2832-MALE,NO
House40-7365-FEMALE,NO
House622-587-FEMALE,YES
House3612-9964-MALE,YES
House2966-10152-FEMALE,NO
House2238-9481-FEMALE,NO
House2732-8808-MALE,YES
House5610-5601-FEMALE,YES
House1703-11998-MALE,NO
House1823-1824-MALE,NO
House3943-3901-FEMALE,NO
House3667-3609-FEMALE,NO
House663-630-MALE,NO
House5568-5563-FEMALE,NO
House5977-13161-FEMALE,YES
House2792-2785-FEMALE,NO
House1657-6810-FEMALE,NO
House2557-6897-FEMALE,NO
House2202-2226-MALE,NO
House3664-3605-FEMALE,NO
House5247-5220-MALE,NO
House3829-6621-MALE,NO
House4119-4079-FEMALE,YES
House350-10723-MALE,NO
House660-624-MALE,NO
House5430-5410-MALE,NO
House284-6569-FEMALE,NO
House5637-12358-MALE,NO
House186-166-MALE,NO
House1155-9734-MALE,NO
House4385-4352-MALE,NO
House4422-7209-MALE,NO
House183-165-FEMALE,NO
House3394-3344-MALE,NO
House3812-11504-MALE,NO
House3411-9597-MALE,NO
House6019-10525-FEMALE,NO
House873-9843-MALE,NO
House3229-3184-MALE,NO
House2742-2746-MALE,NO
House5871-5849-FEMALE,NO
House4352-11381-MALE,YES
House2739-7521-MALE,NO
House1670-6517-MALE,NO
House3883-3838-MALE,NO
House4116-4075-FEMALE,NO
House103-12459-MALE,NO
House223-11865-MALE,NO
House4289-9350-FEMALE,NO
House4519-10822-MALE,NO
House2464-11444-MALE,NO
House236-214-MALE,NO
House2596-2607-FEMALE,NO
House4392-9932-MALE,YES
House4616-4574-MALE,NO
House4383-8856-MALE,NO
House809-789-FEMALE,NO
House6019-6032-FEMALE,NO
House3501-3446-MALE,NO
House1486-11095-FEMALE,NO
House3553-8762-FEMALE,NO
House2974-12215-FEMALE,NO
House1377-10212-FEMALE,NO
House4118-13121-MALE,NO
House2546-11718-MALE,NO
House435-8451-FEMALE,NO
House1827-8163-MALE,NO
House6019-8054-FEMALE,NO
House1239-11549-FEMALE,NO
House6019-6175-FEMALE,NO
House3033-8270-FEMALE,NO
House1239-11737-MALE,NO
House1591-12251-MALE,YES
House3979-11562-MALE,NO
House3611-3559-FEMALE,YES
House1007-981-FEMALE,NO
House427-11904-MALE,NO
House2107-8600-MALE,NO
House2956-10249-FEMALE,NO
House2536-11289-MALE,NO
House2780-8684-MALE,NO
House454-7546-FEMALE,NO
House2481-2503-FEMALE,YES
House6019-11758-FEMALE,NO
House5805-5790-MALE,YES
House6019-10067-FEMALE,NO
House5959-5937-FEMALE,NO
House66-52-MALE,NO
House5722-9861-MALE,NO
House2380-10602-MALE,NO
House4268-7631-MALE,NO
House2373-10937-MALE,NO
House5263-11478-MALE,NO
House2123-6949-FEMALE,NO
House1416-12756-MALE,NO
House324-7656-MALE,NO
House3775-3735-FEMALE,YES
House821-9112-MALE,NO
House5864-5842-MALE,NO
House2600-2611-FEMALE,NO
House2626-10196-MALE,NO
House6019-6039-FEMALE,NO
House141-7434-MALE,NO
House4156-4116-MALE,NO
House1346-1322-MALE,YES
House299-10605-FEMALE,NO
House238-219-FEMALE,NO
House1253-11402-FEMALE,NO
House849-836-MALE,NO
House3331-6394-FEMALE,NO
House2370-2383-FEMALE,NO
House2419-11656-MALE,NO
House428-412-MALE,NO
House496-12647-MALE,YES
House1734-12721-MALE,NO
House1918-1914-MALE,NO
House685-651-FEMALE,NO
House2184-11192-MALE,NO
House4456-4423-FEMALE,NO
House3601-8164-FEMALE,NO
House5148-5110-MALE,NO
House2484-7072-MALE,NO
House634-597-FEMALE,NO
House1800-7190-MALE,NO
House6019-6059-FEMALE,NO
House5452-5438-MALE,YES
House4645-8768-FEMALE,NO
House6019-12986-FEMALE,NO
House1015-10843-MALE,NO
House612-13131-MALE,NO
House1769-6573-MALE,NO
House3496-9931-MALE,YES
House449-13302-MALE,YES
House1566-1546-MALE,NO
House3328-3278-MALE,NO
House5430-6862-FEMALE,NO
House2286-13371-MALE,YES
House355-9760-MALE,NO
House3984-11561-MALE,NO
House4847-4812-MALE,YES
House2708-9082-FEMALE,YES
House718-9711-MALE,NO
House3408-10198-FEMALE,NO
House134-115-FEMALE,NO
House4711-7800-FEMALE,NO
House1851-6424-FEMALE,NO
House2774-7829-MALE,NO
House304-279-FEMALE,NO
House2440-2455-FEMALE,NO
House6019-8443-FEMALE,NO
House2826-10796-MALE,NO
House150-132-MALE,YES
House2655-2658-MALE,YES
House3272-3228-MALE,NO
House2376-10771-FEMALE,NO
House1212-1194-MALE,NO
House121-9665-MALE,NO
House1790-9439-MALE,NO
House4373-10727-MALE,YES
House764-9043-MALE,NO
House5516-7325-FEMALE,NO
House3212-3165-FEMALE,NO
House1240-1226-MALE,NO
House5490-11809-FEMALE,NO
House4514-12160-MALE,NO
House1930-10129-FEMALE,NO
House3619-3565-FEMALE,NO
House1200-1173-FEMALE,NO
House1251-9296-FEMALE,NO
House170-149-FEMALE,NO
House5710-5700-MALE,YES
House1438-10803-FEMALE,NO
House662-628-MALE,NO
House3292-7249-FEMALE,NO
House1753-1749-FEMALE,YES
House5148-6452-FEMALE,NO
House5377-5354-MALE,NO
House1215-10573-MALE,NO
House2809-10037-MALE,NO
House193-172-MALE,NO
House2458-2478-MALE,NO
House5922-5906-MALE,NO
House6019-10215-FEMALE,NO
House534-509-FEMALE,NO
House1977-7992-FEMALE,NO
House4440-8788-FEMALE,NO
House920-11880-FEMALE,NO
House1640-11122-FEMALE,NO
House5826-12450-MALE,NO
House4305-4261-FEMALE,NO
House1570-9273-MALE,NO
House6019-10010-FEMALE,NO
House4579-6882-FEMALE,NO
House317-8513-MALE,NO
House5807-8702-MALE,NO
House2982-7389-MALE,NO
House390-9096-FEMALE,NO
House336-320-MALE,YES
House3052-8807-FEMALE,NO
House1860-10310-MALE,NO
House832-815-FEMALE,NO
House4462-4430-MALE,NO
House254-8957-FEMALE,NO
House734-715-FEMALE,NO
House1462-6509-FEMALE,NO
House5449-5437-FEMALE,NO
House2636-9007-MALE,NO
House5135-8911-MALE,NO
House803-7632-MALE,NO
House2196-10322-MALE,NO
House426-410-MALE,NO
House3548-11125-FEMALE,NO
House2586-8941-FEMALE,NO
House2894-9914-MALE,NO
House1821-7196-MALE,NO
House5612-9586-MALE,NO
House1163-9692-FEMALE,YES
House4343-6772-MALE,NO
House4513-9263-FEMALE,YES
House1169-7648-MALE,NO
House1083-1054-MALE,NO
House559-12076-MALE,NO
House6019-12110-FEMALE,NO
House143-126-MALE,NO
House2499-2525-FEMALE,YES
House2524-2540-MALE,NO
House4309-4262-MALE,NO
House169-147-FEMALE,YES
House4051-4006-MALE,NO
House2850-2842-MALE,NO
House105-10320-MALE,NO
House5564-12429-MALE,NO
House4281-4238-MALE,NO
House5373-6584-MALE,NO
House2272-10333-MALE,NO
House13-13-FEMALE,NO
House4675-4641-FEMALE,NO
House1852-10448-MALE,NO
House4601-4550-MALE,NO
House1069-9595-FEMALE,YES
House69-8778-FEMALE,NO
House5232-5200-MALE,NO
House3054-9303-MALE,NO
House1151-1117-FEMALE,NO
House2388-9264-FEMALE,NO
House1812-9967-FEMALE,NO
House4941-12336-MALE,NO
House2967-13061-MALE,NO
House1501-11033-FEMALE,NO
House5490-5480-MALE,NO
House6019-7151-FEMALE,YES
House983-8721-MALE,NO
House1555-11495-MALE,YES
House4852-9209-MALE,YES
House1558-8894-MALE,NO
House6016-9889-FEMALE,YES
House147-11610-MALE,NO
House2541-12511-MALE,NO
House1243-10656-FEMALE,NO
House3947-12380-FEMALE,NO
House6019-6031-FEMALE,NO
House4251-4206-MALE,NO
House2822-11307-MALE,NO
House2275-8140-FEMALE,YES
House2704-6459-MALE,NO
House1115-11391-MALE,YES
House4142-10759-MALE,NO
House665-7666-MALE,NO
House3666-3606-MALE,NO
House1378-9212-MALE,NO
House719-11751-MALE,NO
House3212-3164-MALE,NO
House6019-9000-FEMALE,NO
House3548-12368-MALE,NO
House866-11417-MALE,YES
House305-6418-MALE,NO
House3607-7659-MALE,NO
House4297-4254-MALE,NO
House2470-2492-MALE,NO
House5992-10497-FEMALE,NO
House221-10533-MALE,NO
House2742-2747-FEMALE,NO
House40-7431-MALE,NO
House2664-2674-MALE,NO
House1099-1070-MALE,NO
House6019-6171-FEMALE,NO
House1453-12745-MALE,NO
House351-338-MALE,NO
House5428-5409-FEMALE,NO
House4077-4037-FEMALE,NO
House1255-12353-MALE,YES
House466-9847-MALE,NO
House600-10185-MALE,NO
House4378-7726-MALE,NO
House5302-9790-MALE,NO
House2363-11051-MALE,NO
House5705-10340-FEMALE,NO
House5423-9566-FEMALE,NO
House2663-2672-MALE,YES
House2837-2833-FEMALE,NO
House2449-2466-MALE,YES
House3836-3794-MALE,YES
House325-8196-MALE,YES
House6019-8722-FEMALE,NO
House2186-11787-MALE,NO
House4737-4707-FEMALE,NO
House693-660-MALE,NO
House1808-1814-MALE,NO
House2316-10186-MALE,NO
House3307-12372-FEMALE,NO
House2626-2635-FEMALE,YES
House2856-8340-FEMALE,NO
House3700-3641-FEMALE,NO
House1486-11190-MALE,YES
House1668-6685-FEMALE,NO
House3222-13603-FEMALE,YES
House952-10827-MALE,NO
House6019-10839-FEMALE,NO
House4664-6321-MALE,YES
House556-527-FEMALE,YES
House2986-7269-FEMALE,NO
House841-827-FEMALE,NO
House4476-4445-FEMALE,NO
House220-200-MALE,NO
House6019-6150-FEMALE,NO
House2008-2001-FEMALE,NO
House6019-13389-FEMALE,YES
House6019-12208-FEMALE,NO
House6019-9378-FEMALE,NO
House5943-10260-MALE,NO
House3443-3392-MALE,YES
House782-764-MALE,NO
House3698-3639-FEMALE,NO
House4151-4110-MALE,NO
House1252-11494-MALE,NO
House264-6989-FEMALE,NO
House8-6-MALE,NO
House2864-9195-FEMALE,NO
House4480-4447-FEMALE,NO
House1149-8375-FEMALE,NO
House1677-13417-MALE,YES
House152-137-FEMALE,YES
House5800-5783-FEMALE,YES
House2958-2948-MALE,YES
House6019-11116-FEMALE,NO
House5983-11301-MALE,NO
House2099-8535-MALE,NO
House5458-12702-MALE,YES
House4553-4502-MALE,NO
House4547-4495-FEMALE,NO
House4907-4878-MALE,NO
House5611-5603-FEMALE,NO
House5298-5279-FEMALE,NO
House142-10479-FEMALE,YES
House2890-11805-MALE,YES
House6019-6174-FEMALE,NO
House3301-9471-MALE,NO
House1248-7238-MALE,NO
House285-9940-FEMALE,NO
House1925-1925-FEMALE,NO
House6019-7134-FEMALE,YES
House2900-9612-FEMALE,NO
House1671-1668-MALE,NO
House959-940-MALE,NO
House4802-9799-MALE,YES
House1975-6318-MALE,NO
House5334-5312-MALE,NO
House818-794-MALE,NO
House4907-6999-FEMALE,NO
House2752-12654-FEMALE,NO
House3023-3014-MALE,NO
House483-452-MALE,YES
House4177-4139-FEMALE,NO
House1568-1551-FEMALE,YES
House1863-9900-MALE,NO
House2591-2600-MALE,NO
House1891-9629-MALE,NO
House1739-11395-MALE,NO
House5831-5814-MALE,NO
House1721-9859-MALE,NO
House3785-7179-MALE,YES
House458-8112-MALE,YES
House202-6898-MALE,NO
House727-10582-MALE,NO
House766-746-MALE,NO
House3334-3285-FEMALE,NO
House3246-3206-MALE,NO
House2467-2487-FEMALE,NO
House2421-12217-MALE,NO
House1788-1792-MALE,NO
House6019-13264-FEMALE,YES
House1736-1728-MALE,NO
House5213-10750-MALE,NO
House4122-10713-MALE,NO
House4547-4494-MALE,NO
House918-900-MALE,YES
House1832-1833-FEMALE,NO
House762-742-MALE,NO
House6019-6083-FEMALE,YES
House2117-10778-FEMALE,NO
House1802-12194-MALE,NO
House2477-2501-FEMALE,NO
House6019-6074-FEMALE,NO
House5331-6947-MALE,NO
House1716-12848-FEMALE,YES
House4070-4024-MALE,YES
House2798-9132-FEMALE,NO
House4753-12391-MALE,NO
House2537-2555-FEMALE,YES
House2885-9227-MALE,NO
House953-13619-MALE,YES
House4853-12047-MALE,YES
House1959-8556-MALE,NO
House2372-2385-FEMALE,NO
House4919-7924-MALE,NO
House1666-10893-MALE,YES
House3346-12936-FEMALE,NO
House3924-3886-MALE,NO
House3194-6247-MALE,YES
House4223-11621-MALE,NO
House712-685-FEMALE,NO
House2671-2682-MALE,NO
House4937-13275-FEMALE,NO
House1851-7891-MALE,NO
House424-407-FEMALE,NO
House535-9258-MALE,NO
House1360-10077-MALE,NO
House30-25-FEMALE,NO
House6019-6092-FEMALE,NO
House1574-8398-MALE,NO
House524-503-FEMALE,NO
House613-9292-MALE,NO
House2803-9707-FEMALE,NO
House639-6387-FEMALE,NO
House5294-5274-MALE,NO
House414-398-MALE,NO
House3066-8744-FEMALE,NO
House2232-6795-FEMALE,NO
House2462-2482-MALE,NO
House2100-11788-MALE,NO
House4206-6821-MALE,NO
House3931-11709-FEMALE,YES
House5620-5608-MALE,NO
House1794-1800-MALE,NO
House3341-3291-FEMALE,NO
House6019-6026-FEMALE,NO
House2359-9919-MALE,NO
House2428-12193-MALE,NO
House2351-11164-MALE,NO
House5115-13584-MALE,NO
House3405-9137-FEMALE,NO
House156-143-FEMALE,NO
House6019-6034-FEMALE,NO
House4892-11546-MALE,NO
House93-81-FEMALE,NO
House3307-11942-MALE,YES
House1546-1530-MALE,YES
House1121-10603-MALE,NO
House2261-11919-MALE,NO
House5705-11773-MALE,NO
House1238-6302-FEMALE,NO
House2372-11765-MALE,YES
House1678-6874-MALE,NO
House5776-5764-MALE,NO
House6019-9801-FEMALE,NO
House2753-8081-FEMALE,NO
House1529-12627-MALE,NO
House1918-1915-FEMALE,NO
House2871-9941-MALE,NO
House1974-9301-FEMALE,NO
House3742-12681-FEMALE,NO
House4451-12108-FEMALE,NO
House886-12887-MALE,NO
House1134-11451-MALE,YES
House6019-6103-FEMALE,NO
House824-801-FEMALE,NO
House1903-11098-MALE,NO
House6019-11460-FEMALE,NO
House3553-10809-MALE,NO
House4232-9011-FEMALE,NO
House645-606-MALE,NO
House1030-10903-MALE,NO
House835-10734-MALE,NO
House1442-1431-FEMALE,NO
House4569-10433-MALE,YES
House1300-1276-MALE,NO
House2620-13235-FEMALE,YES
House1612-9144-FEMALE,NO
House6019-12101-FEMALE,NO
House2185-10592-FEMALE,NO
House3507-12050-MALE,NO
House696-664-MALE,NO
House1612-12137-MALE,NO
House878-11699-MALE,NO
House4622-4583-FEMALE,NO
House6019-10354-FEMALE,NO
House2869-2867-FEMALE,NO
House1966-1961-FEMALE,NO
House3008-11141-MALE,YES
House419-9753-FEMALE,NO
House1931-12680-MALE,NO
House5681-5671-FEMALE,YES
House957-938-MALE,NO
House3698-3638-MALE,NO
House1746-1738-MALE,NO
House2805-2797-FEMALE,NO
House5014-4986-MALE,NO
House5449-13914-MALE,YES
House5904-5883-FEMALE,NO
House882-9235-MALE,NO
House1100-1073-FEMALE,NO
House2997-11114-MALE,NO
House1140-12343-MALE,NO
House1912-1906-MALE,NO
House564-13107-MALE,NO
House1882-12694-MALE,NO
House2643-13527-MALE,NO
House6019-11543-FEMALE,NO
House605-572-MALE,NO
House5519-7650-FEMALE,YES
House6019-11756-FEMALE,YES
House935-920-MALE,NO
House910-892-MALE,NO
House4540-4488-MALE,NO
House2992-7661-MALE,NO
House2763-9635-MALE,NO
House6019-7075-FEMALE,NO
House2929-2922-MALE,NO
House66-53-FEMALE,NO
House1013-7318-FEMALE,NO
House227-10539-MALE,NO
House2403-11983-FEMALE,NO
House5455-9159-MALE,YES
House2906-7567-MALE,NO
House4034-3994-MALE,NO
House5449-5436-MALE,NO
House4316-4271-FEMALE,NO
House1195-9996-FEMALE,YES
House3284-8418-MALE,NO
House183-11863-MALE,NO
House5401-5383-FEMALE,YES
House1984-8552-MALE,NO
House1636-12553-MALE,NO
House3663-10546-FEMALE,NO
House6019-12671-FEMALE,YES
House4986-4961-FEMALE,YES
House3954-3911-FEMALE,NO
House2814-9998-MALE,NO
House2521-8355-MALE,NO
House6019-12758-FEMALE,NO
House5695-5682-MALE,NO
House1439-7520-MALE,YES
House5472-6935-MALE,NO
House2019-2012-MALE,NO
House1165-1132-MALE,NO
House1906-10672-MALE,NO
House4229-4178-MALE,NO
House778-758-MALE,NO
House2602-9991-FEMALE,NO
House4933-4904-MALE,NO
House3433-10442-FEMALE,YES
House2082-8049-FEMALE,NO
House5717-8350-MALE,NO
House648-10313-MALE,NO
House415-10080-FEMALE,YES
House168-7047-FEMALE,NO
House4040-4001-FEMALE,NO
House1003-10871-FEMALE,NO
House4970-4948-MALE,NO
House2829-9419-FEMALE,YES
House596-11443-FEMALE,YES
House2245-2269-FEMALE,NO
House543-11653-FEMALE,YES
House53-12604-MALE,NO
House1439-1425-FEMALE,NO
House5611-5602-MALE,NO
House6019-10535-FEMALE,NO
House2456-10445-MALE,NO
House6019-12328-FEMALE,NO
House4616-4575-FEMALE,YES
House3186-7763-MALE,NO
House5787-12386-MALE,NO
House5433-5417-FEMALE,NO
House1027-7237-MALE,NO
House4243-4196-MALE,NO
House4264-7761-MALE,NO
House5652-9013-FEMALE,YES
House1581-13455-FEMALE,YES
House4463-7403-FEMALE,NO
House2823-2816-MALE,YES
House1168-1137-FEMALE,NO
House7-12504-MALE,NO
House254-234-MALE,NO
House1562-1543-FEMALE,YES
House178-156-MALE,NO
House2359-2373-FEMALE,NO
House479-449-FEMALE,YES
House1364-11131-FEMALE,NO
House4665-6447-MALE,NO
House2070-2070-MALE,NO
House1790-10046-FEMALE,NO
House4173-4134-MALE,YES
House4529-4482-MALE,NO
House5964-12044-FEMALE,NO
House1782-1788-MALE,YES
House1145-1108-MALE,NO
House4580-11052-FEMALE,NO
House477-446-MALE,NO
House2838-9878-FEMALE,NO
House4745-4714-MALE,NO
House3723-7084-MALE,NO
House1520-11450-MALE,YES
House6019-12218-FEMALE,YES
House5373-6670-FEMALE,NO
House5402-9942-FEMALE,YES
House17-10392-MALE,NO
House2897-12939-MALE,NO
House2052-11572-FEMALE,NO
House2904-9487-MALE,NO
House6019-8925-FEMALE,NO
House1028-11558-MALE,NO
House1847-10210-MALE,NO
House3120-9993-MALE,NO
House5258-11144-MALE,NO
House6019-12029-FEMALE,YES
House2853-9785-MALE,NO
House2078-2081-FEMALE,NO
House1660-1652-MALE,NO
House3454-6616-MALE,NO
House3951-13396-MALE,YES
House1750-1744-MALE,NO
House2089-8177-MALE,NO
House1967-10980-FEMALE,NO
House5920-11862-FEMALE,NO
House1772-1777-FEMALE,NO
House4970-6738-FEMALE,NO
House4152-4112-MALE,NO
House2913-9077-MALE,NO
House3217-10218-MALE,NO
House4243-8953-FEMALE,YES
House2207-11336-MALE,NO
House4034-3995-FEMALE,NO
House2778-11648-MALE,NO
House869-6697-MALE,NO
House4304-9116-FEMALE,NO
House2354-2366-MALE,NO
House2172-2194-MALE,NO
House1163-9685-MALE,NO
House3023-6501-FEMALE,NO
House2517-2534-MALE,NO
House1992-10468-FEMALE,NO
House3063-10341-FEMALE,NO
House5684-9080-MALE,NO
House1909-11806-FEMALE,NO
House1644-13648-MALE,YES
House18-11477-MALE,NO
House5334-5313-FEMALE,NO
House1987-11066-FEMALE,NO
House5800-8826-MALE,NO
House596-10851-MALE,NO
House1516-10293-FEMALE,NO
House737-719-FEMALE,NO
House272-10691-MALE,NO
House2201-13069-MALE,YES
House2477-9518-MALE,NO
House4262-4220-MALE,NO
House236-215-FEMALE,NO
House2429-2444-MALE,NO
House1901-9390-MALE,NO
House5742-12521-MALE,NO
House4242-8541-MALE,NO
House6019-11986-FEMALE,NO
House3334-9580-MALE,YES
House1355-1333-FEMALE,NO
House1316-1294-MALE,NO
House828-10692-MALE,NO
House434-9146-FEMALE,NO
House1135-9989-MALE,YES
House1275-7764-FEMALE,NO
House628-591-FEMALE,NO
House372-9469-FEMALE,NO
House6019-7917-FEMALE,NO
House4378-4341-FEMALE,NO
House971-11839-MALE,NO
House3484-9873-MALE,YES
House291-12147-FEMALE,YES
House2447-12402-MALE,YES
House2337-12585-MALE,NO
House2034-2034-MALE,NO
House2480-11432-MALE,NO
House731-12502-MALE,NO
House1245-11351-MALE,NO
House3119-8506-FEMALE,NO
House314-7291-MALE,NO
House5115-5077-FEMALE,NO
House3619-3564-MALE,NO
House310-289-FEMALE,NO
House1915-11183-MALE,NO
House502-12597-MALE,YES
House5061-8268-FEMALE,YES
House6019-6130-FEMALE,NO
House872-6443-FEMALE,NO
House3273-3230-MALE,NO
House6019-6817-FEMALE,NO
House482-9749-MALE,NO
House955-8349-MALE,NO
House801-783-FEMALE,NO
House2915-7311-FEMALE,NO
House38-6237-MALE,NO
House1930-10277-MALE,YES
House1643-12216-FEMALE,NO
House720-9365-FEMALE,NO
House6019-10828-FEMALE,NO
House1725-1721-FEMALE,YES
House4305-4260-MALE,NO
House3058-3038-MALE,NO
House4049-7964-FEMALE,NO
House4350-4311-FEMALE,NO
House3826-8011-FEMALE,NO
House1476-10161-FEMALE,NO
House2403-10608-MALE,YES
House3262-10530-MALE,NO
House2408-11515-MALE,NO
House1389-10470-MALE,YES
House5839-12011-MALE,NO
House4224-4172-MALE,NO
House2291-10874-MALE,NO
House4056-9202-MALE,YES
House1651-9538-MALE,NO
House1354-10299-MALE,YES
House657-623-FEMALE,NO
House3405-8743-MALE,NO
House1714-11000-FEMALE,NO
House3056-9085-FEMALE,YES
House1590-12793-FEMALE,NO
House2170-2190-MALE,NO
House4598-9984-MALE,NO
House2106-2120-MALE,NO
House2346-2356-MALE,NO
House1228-1213-FEMALE,NO
House884-9778-MALE,NO
House2038-8675-MALE,NO
House201-11834-FEMALE,NO
House6019-6061-FEMALE,NO
House1465-8553-FEMALE,NO
House1235-6276-MALE,NO
House4548-13384-FEMALE,YES
House2289-9552-FEMALE,NO
House3007-13723-MALE,YES
House3474-3425-FEMALE,NO
House2299-13045-MALE,YES
House2684-13117-MALE,NO
House1305-10786-MALE,NO
House2814-6931-FEMALE,NO
House698-8111-MALE,NO
House2251-10500-MALE,NO
House1768-1770-MALE,NO
House3726-12132-FEMALE,NO
House5259-5235-FEMALE,NO
House1540-9147-MALE,NO
House2006-1999-FEMALE,NO
House4656-7416-MALE,NO
House1060-12305-FEMALE,YES
House671-639-FEMALE,NO
House2388-12917-MALE,YES
House6019-10402-FEMALE,NO
House510-485-FEMALE,NO
House3536-12220-FEMALE,NO
House760-9688-MALE,NO
House4645-4610-MALE,NO
House770-10972-MALE,NO
House2752-12856-MALE,NO
House567-11349-MALE,NO
House3106-9005-MALE,YES
House3321-3273-FEMALE,YES
House5953-7223-FEMALE,NO
House5494-8994-MALE,NO
House712-684-MALE,NO
House2123-2134-MALE,NO
House1093-11234-MALE,YES
House1710-12764-MALE,YES
House773-7297-MALE,NO
House246-229-FEMALE,NO
House6019-11831-FEMALE,NO
House168-7128-MALE,NO
House3259-8914-MALE,NO
House3722-8170-MALE,NO
House1795-8906-FEMALE,NO
House1266-1248-MALE,NO
House5872-5851-FEMALE,NO
House6019-7624-FEMALE,NO
House3924-3887-FEMALE,NO
House3886-3843-FEMALE,NO
House5654-10679-MALE,NO
House1743-10787-MALE,NO
House2611-7760-MALE,NO
House2441-2457-FEMALE,NO
House4792-4756-MALE,YES
House1516-12920-MALE,YES
House2703-7455-MALE,NO
House1871-9770-FEMALE,NO
House4139-4099-FEMALE,NO
House43-11989-MALE,NO
House6019-13348-FEMALE,YES
House2490-10329-MALE,NO
House2921-6391-MALE,NO
House1753-1748-MALE,NO
House1083-1055-FEMALE,NO
House3109-3081-FEMALE,NO
House2969-10101-MALE,NO
House293-264-MALE,NO
House5204-9508-FEMALE,NO
House2529-9268-MALE,NO
House1177-11854-FEMALE,NO
House3022-12138-FEMALE,YES
House4842-7491-MALE,NO
House1658-11281-MALE,NO
House801-782-MALE,NO
House5452-5439-FEMALE,NO
House5839-12249-FEMALE,NO
House3098-8737-MALE,NO
House1467-1451-FEMALE,NO
House1593-1580-MALE,YES
House2161-11026-FEMALE,YES
House5739-5720-MALE,NO
House209-192-MALE,NO
House2650-8143-FEMALE,NO
House299-10251-MALE,NO
House6019-12387-FEMALE,NO
House3022-13064-MALE,NO
House1523-11793-MALE,NO
House6019-10403-FEMALE,NO
House5650-8759-MALE,NO
House755-733-FEMALE,YES
House1052-11279-MALE,NO
House5194-8980-FEMALE,NO
House2817-9040-MALE,YES
House6002-12601-MALE,NO
House856-841-FEMALE,NO
House509-6483-MALE,NO
House4634-7502-MALE,NO
House6019-11803-FEMALE,YES
House1466-1449-FEMALE,NO
House815-12201-MALE,NO
House6019-13581-FEMALE,YES
House745-13343-MALE,YES
House5566-5560-MALE,NO
House5778-9535-MALE,NO
House4256-8590-MALE,NO
House78-65-FEMALE,NO
House4141-11722-MALE,YES
House2641-9609-MALE,NO
House3824-3778-MALE,NO
House709-11686-MALE,NO
House6019-6383-FEMALE,NO
House2046-12064-MALE,NO
House1068-13181-MALE,NO
House2777-2773-FEMALE,NO
House4189-4147-FEMALE,NO
House3841-3798-MALE,NO
House844-7169-MALE,NO
House4071-12480-MALE,NO
House1729-1725-FEMALE,YES
House291-11691-MALE,YES
House2650-8367-MALE,NO
House508-6284-MALE,NO
House1891-9553-FEMALE,NO
House2223-7228-MALE,NO
House1312-9367-MALE,NO
House1289-8981-MALE,NO
House2210-12285-MALE,NO
House3309-9180-MALE,NO
House2767-9335-FEMALE,NO
House1454-12304-MALE,YES
House727-10743-FEMALE,NO
House143-127-FEMALE,YES
House2895-10730-MALE,NO
House5882-5860-MALE,NO
House125-9298-MALE,NO
House859-11945-MALE,YES
House781-12061-FEMALE,NO
House361-349-FEMALE,NO
House243-225-FEMALE,NO
House4098-4055-FEMALE,NO
House6019-7174-FEMALE,NO
House6019-6161-FEMALE,NO
House3680-12003-FEMALE,NO
House5287-5264-MALE,NO
House5717-8360-FEMALE,YES
House494-9541-FEMALE,NO
House592-558-MALE,NO
House2619-2625-FEMALE,NO
House5109-8511-FEMALE,NO
House2767-12588-MALE,NO
House4630-4595-FEMALE,NO
House5516-5506-MALE,NO
House2288-6370-FEMALE,NO
House5889-7266-MALE,NO
House2810-9042-MALE,NO
House462-434-MALE,NO
House2765-2764-MALE,NO
House4889-9686-FEMALE,YES
House2486-2509-FEMALE,NO
House5977-12999-MALE,NO
House2551-11465-MALE,NO
House1989-1976-MALE,NO
House1466-1448-MALE,NO
House2188-8500-MALE,YES
House1802-10378-FEMALE,NO
House3469-3416-MALE,NO
House2716-2724-MALE,NO
House4804-4766-MALE,YES
House1109-8806-MALE,NO
House4947-4922-MALE,NO
House3897-3860-MALE,YES
House1197-7907-FEMALE,NO
House2765-2765-FEMALE,YES
House4706-4676-MALE,YES
House1252-12656-FEMALE,NO
House4596-12753-MALE,YES
House197-6279-MALE,NO
House4360-4320-MALE,NO
House3184-3142-MALE,NO
House5822-5800-MALE,NO
House3850-10281-MALE,NO
House968-11149-MALE,NO
House4654-11371-MALE,NO
House3706-11872-MALE,NO
House2905-2900-MALE,NO
House4561-4508-MALE,NO
House3938-9480-MALE,NO
House2912-12864-FEMALE,NO
House3546-10900-FEMALE,NO
House2161-10785-MALE,NO
House5259-5234-MALE,NO
House4077-4036-MALE,NO
House960-7111-MALE,NO
House800-12406-FEMALE,YES
House6019-12128-FEMALE,YES
House798-10641-MALE,NO
House5992-10085-MALE,NO
House1152-1119-FEMALE,NO
House4579-6408-MALE,NO
House6019-10942-FEMALE,NO
House6019-10789-FEMALE,NO
House521-499-FEMALE,NO
House1920-1916-MALE,NO
House5884-9510-FEMALE,NO
House604-570-MALE,NO
House1397-8188-FEMALE,NO
House3594-3544-MALE,YES
House742-723-FEMALE,NO
House1152-8209-MALE,NO
House4500-4466-MALE,NO
House2385-8519-FEMALE,YES
House6019-12430-FEMALE,NO
House4175-10755-MALE,NO
House3954-10370-MALE,NO
House512-489-FEMALE,NO
House362-12890-MALE,NO
House5038-5010-MALE,NO
House722-11663-MALE,NO
House912-895-FEMALE,NO
House226-208-MALE,NO
House4115-4072-MALE,NO
House274-8529-MALE,NO
House1532-1514-MALE,NO
House17-10028-FEMALE,NO
House2543-12454-FEMALE,NO
House2963-11142-MALE,NO
House579-10398-FEMALE,NO
House4711-4682-MALE,NO
House559-531-FEMALE,NO
House1924-10741-FEMALE,YES
