SampleID,Recency
House5494-5486-MALE,NO
House6019-8887-FEMALE,NO
House121-102-MALE,NO
House913-12813-MALE,YES
House2060-9483-MALE,NO
House5895-8462-FEMALE,NO
House2536-7878-MALE,NO
House2137-9950-MALE,YES
House3680-10989-MALE,NO
House803-6990-MALE,NO
House4780-4744-MALE,NO
House3720-10344-MALE,NO
House1596-11303-MALE,NO
House4780-7811-FEMALE,NO
House3352-3298-MALE,NO
House1218-11628-MALE,NO
House595-9264-FEMALE,NO
House3604-3551-FEMALE,NO
House74-58-MALE,NO
House1283-11703-MALE,YES
House3471-3421-FEMALE,NO
House1-11752-MALE,YES
House1081-1053-FEMALE,NO
House2752-2753-FEMALE,NO
House5756-5743-FEMALE,NO
House672-641-FEMALE,NO
House2300-11375-FEMALE,NO
House3288-3251-FEMALE,NO
House3011-3001-FEMALE,NO
House4461-9460-MALE,NO
House48-11691-MALE,NO
House1325-1303-FEMALE,NO
House2243-2265-FEMALE,NO
House2116-2127-FEMALE,NO
House3247-3208-MALE,YES
House244-9846-MALE,NO
House4585-11852-MALE,NO
House2198-10456-MALE,NO
House1540-1527-FEMALE,NO
House4988-4962-MALE,YES
House3426-12873-FEMALE,YES
House2413-2432-MALE,NO
House2074-11115-MALE,NO
House676-11276-MALE,NO
House4556-4505-FEMALE,YES
House1648-11914-MALE,YES
House2411-8690-MALE,NO
House5295-9129-MALE,NO
House940-10574-MALE,NO
House948-10016-MALE,NO
House2749-9684-FEMALE,NO
House2229-2250-MALE,NO
House313-292-MALE,NO
House2136-9010-MALE,NO
House5978-5953-FEMALE,NO
House2933-2925-FEMALE,YES
House3963-9680-MALE,NO
House3550-6982-FEMALE,NO
House2224-6401-MALE,NO
House2184-9826-FEMALE,YES
House5725-11619-FEMALE,YES
House2025-2023-FEMALE,NO
House468-440-MALE,NO
House280-11386-MALE,NO
House1815-1820-MALE,NO
House2538-7502-MALE,NO
House5990-5964-MALE,YES
House973-10486-FEMALE,YES
House565-534-MALE,NO
House1778-1782-MALE,NO
House2147-2156-MALE,NO
House1498-10999-MALE,NO
House2317-2334-MALE,NO
House4390-9709-MALE,NO
House4309-4263-FEMALE,NO
House2088-2092-MALE,YES
House131-10228-FEMALE,YES
House5539-5534-MALE,NO
House2298-2307-FEMALE,NO
House905-10313-MALE,NO
House288-9862-FEMALE,NO
House1379-11757-MALE,NO
House298-272-MALE,NO
House5246-11360-MALE,NO
House6019-11099-FEMALE,YES
House4454-11121-FEMALE,NO
House4438-4403-FEMALE,NO
House6019-6197-FEMALE,NO
House577-10519-FEMALE,YES
House465-438-MALE,NO
House4015-9676-FEMALE,NO
House4898-4873-FEMALE,NO
House569-538-MALE,NO
House6019-6124-FEMALE,NO
House2770-9328-MALE,NO
House1880-9666-FEMALE,NO
House5241-5213-FEMALE,NO
House158-6839-FEMALE,NO
House1253-9245-MALE,NO
House877-864-MALE,NO
House2306-6354-FEMALE,NO
House5522-5515-FEMALE,NO
House648-8606-FEMALE,NO
House2399-8261-FEMALE,NO
House767-748-MALE,NO
House1538-1523-FEMALE,YES
House4306-8590-MALE,NO
House5146-5106-MALE,YES
House1347-1324-MALE,YES
House6010-5992-MALE,NO
House3306-3265-FEMALE,YES
House1999-7315-MALE,NO
House2086-10238-FEMALE,NO
House101-86-MALE,NO
House3830-12087-MALE,YES
House5549-5545-FEMALE,NO
House299-6547-MALE,YES
House2741-2744-MALE,NO
House5241-5212-MALE,NO
House985-9068-FEMALE,NO
House5839-9338-FEMALE,NO
House464-10182-MALE,YES
House525-7704-MALE,NO
House1931-10143-FEMALE,YES
House642-8806-FEMALE,NO
House5415-5393-FEMALE,NO
House2191-8171-FEMALE,YES
House1421-10601-MALE,NO
House663-630-MALE,NO
House3612-12407-MALE,YES
House304-6682-FEMALE,NO
House556-7834-MALE,NO
House6019-8430-FEMALE,NO
House796-9697-MALE,NO
House3806-7982-MALE,NO
House2757-9780-FEMALE,NO
House2590-10893-FEMALE,NO
House5168-5136-MALE,NO
House1637-10156-MALE,NO
House1725-1720-MALE,NO
House1033-6249-MALE,NO
House3418-3371-FEMALE,NO
House103-10846-MALE,YES
House6019-6031-FEMALE,YES
House2629-12045-MALE,NO
House1905-9643-MALE,NO
House1481-1461-FEMALE,NO
House5288-8342-FEMALE,YES
House5882-9541-FEMALE,NO
House4015-13039-MALE,YES
House2915-9374-MALE,NO
House885-875-FEMALE,NO
House2818-8740-MALE,NO
House4870-7605-MALE,NO
House5028-10889-FEMALE,NO
House2791-6429-MALE,NO
House2906-2902-MALE,YES
House29-9786-MALE,NO
House1787-1790-MALE,NO
House6019-11545-FEMALE,NO
House2681-2694-MALE,NO
House2019-2013-FEMALE,NO
House3097-11960-MALE,NO
House1219-10797-FEMALE,NO
House490-8351-MALE,NO
House1181-11580-FEMALE,NO
House1438-1422-MALE,NO
House3096-3074-MALE,YES
House1301-10631-FEMALE,NO
House5415-7338-MALE,NO
House4454-10565-MALE,NO
House2391-2411-FEMALE,NO
House2928-12465-MALE,NO
House10-7753-MALE,NO
House4063-7370-MALE,NO
House3467-8012-MALE,NO
House868-10787-MALE,YES
House288-9706-MALE,NO
House2160-2178-MALE,YES
House5192-5160-MALE,NO
House3455-3402-MALE,NO
House6019-11489-FEMALE,YES
House5784-5772-MALE,NO
House559-11793-MALE,NO
House5681-10641-MALE,NO
House3060-7513-MALE,NO
House6019-8760-FEMALE,NO
House17-10140-MALE,YES
House2760-2761-FEMALE,YES
House5078-5046-MALE,NO
House3220-10655-MALE,YES
House614-10704-MALE,YES
House2635-9578-MALE,NO
House6019-12701-FEMALE,NO
House6019-9069-FEMALE,NO
House2278-6922-FEMALE,YES
House2167-8098-MALE,NO
House2777-2772-MALE,NO
House672-640-MALE,NO
House423-6445-MALE,NO
House655-12006-MALE,YES
House837-822-MALE,NO
House4600-9439-MALE,NO
House1994-7332-MALE,NO
House2209-11332-MALE,NO
House1721-9815-MALE,NO
House4139-4098-MALE,YES
House584-12276-FEMALE,NO
House200-6835-MALE,NO
House5573-10725-MALE,YES
House4310-4264-MALE,NO
House6019-11083-FEMALE,NO
House4985-4958-MALE,NO
House1417-1403-FEMALE,NO
House804-11477-MALE,NO
House1313-6384-FEMALE,NO
House2076-2077-FEMALE,NO
House667-8783-MALE,NO
House3905-12439-MALE,YES
House538-512-MALE,NO
House2663-11368-MALE,NO
House3012-6266-MALE,YES
House1495-6368-FEMALE,NO
House1763-1763-FEMALE,NO
House309-286-MALE,NO
House5148-7512-FEMALE,NO
House6019-10324-FEMALE,NO
House4425-7707-MALE,NO
House1072-1045-FEMALE,NO
House3158-3124-MALE,NO
House3376-11875-FEMALE,YES
House727-9040-FEMALE,NO
House1086-1058-MALE,NO
House6019-6131-FEMALE,NO
House3848-3807-FEMALE,NO
House2987-2976-MALE,NO
House2933-12770-FEMALE,YES
House1756-7329-FEMALE,NO
House236-214-MALE,NO
House4760-4723-FEMALE,NO
House849-836-MALE,NO
House200-6735-FEMALE,NO
House2886-2881-FEMALE,NO
House86-8209-MALE,NO
House6019-10215-FEMALE,NO
House2654-11373-MALE,NO
House3245-11225-MALE,NO
House3007-11200-MALE,NO
House52-39-FEMALE,NO
House5289-11652-MALE,NO
House3482-10643-MALE,YES
House4061-9477-MALE,YES
House766-747-FEMALE,NO
House6019-6043-FEMALE,NO
House828-807-FEMALE,NO
House3528-9457-MALE,NO
House2163-2181-FEMALE,NO
House3737-3684-MALE,NO
House4562-9105-MALE,NO
House1518-1496-MALE,NO
House6019-11577-FEMALE,YES
House767-749-FEMALE,YES
House2772-9412-MALE,YES
House5046-8546-FEMALE,NO
House2583-12222-FEMALE,NO
House30-9674-FEMALE,NO
House1252-11413-MALE,NO
House5148-7322-MALE,NO
House4398-4364-MALE,NO
House2822-9258-FEMALE,NO
House2709-10025-MALE,NO
House506-8168-MALE,NO
House6019-10325-FEMALE,NO
House5329-5309-FEMALE,NO
House1068-11103-MALE,YES
House954-936-MALE,YES
House366-357-FEMALE,NO
House94-11969-FEMALE,NO
House1128-1096-MALE,YES
House574-544-MALE,NO
House5554-12601-FEMALE,YES
House2504-2528-MALE,YES
House5169-5138-MALE,YES
House4556-6477-MALE,NO
House2394-2414-MALE,NO
House5463-11963-MALE,NO
House1152-10632-MALE,NO
House3755-3710-MALE,NO
House2789-2782-MALE,NO
House4541-9714-MALE,NO
House2441-2457-FEMALE,NO
House687-7645-MALE,NO
House2831-2827-FEMALE,NO
House250-7002-MALE,NO
House1632-9187-MALE,NO
House6019-10963-FEMALE,NO
House2626-2634-MALE,NO
House1524-10969-MALE,NO
House5648-6925-MALE,YES
House1008-982-MALE,NO
House6019-6179-FEMALE,NO
House2847-2838-MALE,NO
House159-11316-MALE,YES
House2496-2520-MALE,NO
House1417-1402-MALE,NO
House2321-2338-MALE,YES
House2027-2027-FEMALE,NO
House6019-12246-FEMALE,YES
House2440-11681-FEMALE,NO
House2851-10635-MALE,NO
House4063-7528-FEMALE,NO
House4570-4516-MALE,NO
House373-365-FEMALE,NO
House1792-1798-MALE,NO
House735-8917-FEMALE,NO
House6019-6150-FEMALE,NO
House3205-3156-MALE,NO
House2017-2011-FEMALE,NO
House5871-5849-FEMALE,NO
House2193-2216-MALE,NO
House5279-5254-MALE,NO
House1103-1075-FEMALE,NO
House1831-11967-MALE,NO
House737-719-FEMALE,YES
House1365-11687-MALE,YES
House6019-6063-FEMALE,NO
House2822-9379-MALE,NO
House1746-1739-FEMALE,NO
House4101-4057-FEMALE,NO
House220-200-MALE,NO
House1990-8287-MALE,NO
House5759-6886-FEMALE,YES
House6019-6310-FEMALE,NO
House473-11405-MALE,YES
House1815-10650-FEMALE,YES
House1595-1584-MALE,NO
House5713-7765-MALE,YES
House2857-2851-FEMALE,NO
House5220-9521-FEMALE,NO
House2502-2527-FEMALE,YES
House297-12717-MALE,YES
House2165-10413-MALE,YES
House1642-1639-FEMALE,YES
House6019-6125-FEMALE,NO
House1466-10585-MALE,NO
House2799-8854-FEMALE,NO
House5895-5874-MALE,NO
House2484-2507-FEMALE,NO
House4638-4605-FEMALE,NO
House4471-10819-MALE,NO
House301-277-FEMALE,NO
House984-966-MALE,NO
House2084-2086-MALE,NO
House2291-6395-MALE,NO
House297-7103-FEMALE,NO
House6019-10502-FEMALE,NO
House644-11120-FEMALE,YES
House4576-4525-FEMALE,NO
House5334-5313-FEMALE,NO
House5236-5204-MALE,YES
House1658-8377-FEMALE,NO
House2741-11892-FEMALE,YES
House40-7993-MALE,NO
House11-11-FEMALE,NO
House2772-9234-FEMALE,YES
House5208-5183-FEMALE,NO
House6019-11136-FEMALE,NO
House742-6276-MALE,NO
House933-918-MALE,NO
House5896-5876-MALE,NO
House1670-8202-FEMALE,NO
House592-558-MALE,NO
House6019-9996-FEMALE,NO
House5628-5615-FEMALE,NO
House1332-10403-FEMALE,YES
House1686-11119-FEMALE,NO
House3111-3082-MALE,NO
House2849-2841-FEMALE,NO
House5380-13025-FEMALE,YES
House6019-6064-FEMALE,NO
House2994-12611-FEMALE,YES
House756-7287-MALE,NO
House1275-10433-MALE,NO
House1679-7743-MALE,NO
House910-6292-MALE,NO
House647-609-FEMALE,NO
House2134-8812-MALE,YES
House2319-10537-MALE,NO
House455-9547-MALE,NO
House4937-4911-FEMALE,YES
House2682-2697-FEMALE,NO
House1364-1345-FEMALE,NO
House213-196-MALE,NO
House4814-10260-FEMALE,YES
House578-546-MALE,NO
House5465-5451-FEMALE,YES
House430-11893-MALE,YES
House2498-12002-MALE,NO
House3001-9072-FEMALE,YES
House2205-12184-MALE,NO
House448-10043-MALE,NO
House2856-2849-FEMALE,NO
House2950-10503-FEMALE,NO
House1041-7981-MALE,NO
House3480-10745-MALE,NO
House762-8619-FEMALE,NO
House160-12135-FEMALE,NO
House3977-7496-FEMALE,NO
House2025-11746-MALE,NO
House145-128-MALE,NO
House6019-6155-FEMALE,NO
House5432-5415-FEMALE,YES
House1909-1903-FEMALE,NO
House4297-4255-FEMALE,YES
House3129-3099-FEMALE,YES
House2985-11990-MALE,NO
House165-12429-FEMALE,NO
House892-8185-FEMALE,NO
House365-10767-MALE,NO
House2952-2943-FEMALE,NO
House66-52-MALE,NO
House5871-9642-MALE,NO
House5894-10973-FEMALE,NO
House59-45-FEMALE,NO
House2070-2070-MALE,NO
House6019-8562-FEMALE,NO
House2040-2042-MALE,NO
House1818-9563-MALE,NO
House2602-2614-MALE,NO
House1437-7193-MALE,NO
House1140-10538-FEMALE,YES
House5838-5819-FEMALE,NO
House2698-2709-FEMALE,NO
House3173-3132-MALE,YES
House5187-5159-FEMALE,NO
House4814-11567-MALE,NO
House2312-8634-MALE,NO
House6019-6422-FEMALE,YES
House5551-5548-MALE,NO
House2597-12801-MALE,YES
House718-695-FEMALE,NO
House1736-6331-MALE,NO
House3550-6753-MALE,NO
House5129-10063-MALE,NO
House61-13060-MALE,YES
House2060-9475-FEMALE,NO
House2374-2386-MALE,NO
House5236-5205-FEMALE,YES
House6019-11338-FEMALE,NO
House2096-8217-MALE,YES
House4845-4810-MALE,YES
House6019-10545-FEMALE,NO
House165-10422-MALE,NO
House5466-9506-MALE,NO
House2986-10529-MALE,NO
House841-826-MALE,NO
House2578-2588-MALE,NO
House1676-8717-FEMALE,NO
House1433-10268-MALE,NO
House4586-11612-MALE,NO
House3761-6605-FEMALE,NO
House486-458-MALE,NO
House6004-5982-MALE,NO
House4948-4925-FEMALE,NO
House2738-2739-FEMALE,NO
House689-656-MALE,NO
House1766-1766-MALE,NO
House3965-3922-MALE,NO
House3963-9924-FEMALE,NO
House1284-1260-MALE,NO
House5501-11766-FEMALE,YES
House2452-10415-MALE,NO
House2040-2043-FEMALE,NO
House1363-1342-MALE,NO
House2819-2812-MALE,NO
House5844-8555-MALE,YES
House3302-3260-MALE,YES
House1625-13140-MALE,YES
House2682-2696-MALE,NO
House6019-11275-FEMALE,NO
House6019-10978-FEMALE,NO
House835-9723-MALE,NO
House4351-6622-MALE,NO
House5637-8530-MALE,NO
House2747-10092-MALE,NO
House4268-4227-FEMALE,NO
House898-11460-MALE,NO
House2851-10823-FEMALE,NO
House74-59-FEMALE,NO
House3210-3161-FEMALE,NO
House5994-6452-MALE,NO
House3785-11234-MALE,NO
House2659-12730-MALE,YES
House2459-8839-MALE,NO
House4655-8064-FEMALE,NO
House5431-5412-MALE,NO
House5928-10613-FEMALE,NO
House4142-9038-MALE,YES
House3240-10551-MALE,YES
House2208-8617-FEMALE,NO
House369-8749-FEMALE,NO
House525-7410-FEMALE,NO
House384-7612-MALE,NO
House4457-4424-MALE,NO
House6019-6068-FEMALE,NO
House922-7988-MALE,NO
House1021-10052-FEMALE,NO
House583-7154-MALE,NO
House6019-10183-FEMALE,NO
House1282-7202-MALE,YES
House5472-9095-MALE,NO
House4769-10960-MALE,NO
House785-8175-FEMALE,NO
House2912-2910-MALE,NO
House3565-3508-MALE,NO
House1165-1133-FEMALE,NO
House2134-2143-FEMALE,YES
House704-674-MALE,NO
House3165-11940-MALE,NO
House4487-13061-FEMALE,YES
House1665-1661-FEMALE,NO
House307-10307-MALE,NO
House5127-7905-MALE,NO
House2994-2984-MALE,NO
House1936-1932-MALE,NO
House4282-8708-MALE,NO
House2065-2064-MALE,NO
House3380-3327-FEMALE,YES
House5297-11657-MALE,NO
House1966-10174-FEMALE,YES
House2803-10116-MALE,NO
House1688-11753-MALE,NO
House900-10845-FEMALE,NO
House1724-8861-MALE,NO
House5673-5661-FEMALE,NO
House2885-9294-FEMALE,NO
House5442-11329-MALE,NO
House2327-2346-MALE,NO
House3883-11733-FEMALE,NO
House2492-10859-MALE,NO
House1657-1649-FEMALE,NO
House1228-1212-MALE,NO
House1679-6987-FEMALE,NO
House1202-1176-MALE,NO
House4544-4493-FEMALE,YES
House584-552-MALE,NO
House1059-8128-FEMALE,NO
House688-9881-MALE,NO
House2090-2096-MALE,NO
House2021-2016-MALE,NO
House2699-2711-FEMALE,YES
House1678-1675-FEMALE,NO
House1328-1304-MALE,NO
House6019-11189-FEMALE,NO
House71-54-MALE,NO
House2644-8978-MALE,NO
House1170-10160-MALE,NO
House5539-5535-FEMALE,YES
House2709-10042-FEMALE,NO
House2184-10461-MALE,YES
House1320-1300-MALE,YES
House3615-3560-MALE,NO
House801-782-MALE,NO
House6019-6079-FEMALE,NO
House5078-5047-FEMALE,NO
House3426-3376-MALE,NO
House2055-2058-MALE,NO
House2750-7949-FEMALE,NO
House1987-1975-FEMALE,NO
House2782-2777-FEMALE,NO
House5962-5938-MALE,NO
House93-81-FEMALE,NO
House1057-1031-FEMALE,NO
House1767-1769-FEMALE,NO
