SampleID,Recency
House3410-11094-FEMALE,NO
House642-6620-MALE,NO
House1803-14332-FEMALE,NO
House4085-14986-FEMALE,YES
House1757-1752-MALE,NO
House376-16169-FEMALE,NO
House5009-14555-FEMALE,NO
House452-11841-FEMALE,NO
House924-8412-FEMALE,NO
House1466-1449-FEMALE,YES
House1939-14036-MALE,NO
House3353-6669-FEMALE,NO
House1515-12603-MALE,NO
House1828-10202-MALE,NO
House2634-9336-FEMALE,NO
House2969-12964-MALE,NO
House4795-4761-FEMALE,NO
House814-15137-FEMALE,YES
House3300-8026-FEMALE,NO
House123-11053-MALE,NO
House1203-13423-FEMALE,NO
House977-12551-MALE,NO
House3000-13507-MALE,NO
House1755-10352-FEMALE,NO
House3798-14323-FEMALE,NO
House3329-3281-FEMALE,NO
House1759-12695-MALE,NO
House3757-3712-MALE,NO
House1468-1452-MALE,NO
House2901-12481-MALE,NO
House2466-14729-FEMALE,NO
House5428-9799-MALE,YES
House1051-7841-FEMALE,NO
House1478-1457-FEMALE,NO
House6019-11996-FEMALE,NO
House4887-4859-FEMALE,NO
House3060-13032-MALE,YES
House3778-15553-FEMALE,YES
House1630-12712-MALE,NO
House328-14909-FEMALE,NO
House6019-14458-FEMALE,NO
House4485-8235-MALE,NO
House678-11823-FEMALE,NO
House1627-11109-FEMALE,NO
House6019-11513-FEMALE,NO
House118-12187-MALE,NO
House1471-14540-MALE,NO
House379-6376-FEMALE,NO
House1441-9120-FEMALE,NO
House1666-11360-MALE,NO
House2620-11458-MALE,NO
House4544-6752-FEMALE,YES
House2470-12162-FEMALE,NO
House4237-10139-MALE,NO
House2192-11358-MALE,NO
House5463-15145-MALE,NO
House5850-5830-MALE,NO
House5497-5490-MALE,NO
House527-16460-MALE,YES
House2864-9875-FEMALE,NO
House1267-11684-MALE,NO
House4449-7406-MALE,NO
House4046-10115-FEMALE,NO
House2338-7428-MALE,NO
House1247-13749-MALE,NO
House2013-10467-FEMALE,NO
House5166-5132-MALE,NO
House3574-3520-MALE,YES
House1631-12471-FEMALE,NO
House304-9148-MALE,YES
House5850-5831-FEMALE,NO
House2929-14118-MALE,YES
House665-10248-FEMALE,NO
House2881-15322-MALE,NO
House2472-11892-FEMALE,YES
House4282-6284-MALE,NO
House1174-6687-FEMALE,NO
House1693-11459-MALE,NO
House686-15268-MALE,YES
House1801-12573-FEMALE,NO
House2889-7028-FEMALE,NO
House3455-3403-FEMALE,NO
House1028-1001-FEMALE,NO
House4191-12759-MALE,YES
House2265-11379-FEMALE,NO
House785-11148-MALE,NO
House2965-10196-FEMALE,NO
House2568-12980-MALE,NO
House1423-14690-MALE,YES
House3806-9846-MALE,NO
House531-13604-MALE,NO
House5488-5476-MALE,NO
House4359-12803-MALE,NO
House6019-12308-FEMALE,NO
House2326-2345-FEMALE,NO
House264-10039-FEMALE,NO
House2151-12798-FEMALE,NO
House6019-12970-FEMALE,NO
House5855-5837-FEMALE,NO
House2578-12862-MALE,NO
House2841-12801-MALE,NO
House4109-4069-FEMALE,NO
House5173-14342-MALE,YES
House2078-9428-MALE,NO
House2846-12708-MALE,NO
House4987-11453-FEMALE,NO
House108-9467-MALE,YES
House4937-4910-MALE,NO
House2010-12044-MALE,NO
House2945-11624-FEMALE,NO
House719-11657-MALE,NO
House159-13373-MALE,NO
House2170-11800-MALE,NO
House1457-8396-FEMALE,NO
House2984-15831-FEMALE,YES
House3100-14333-FEMALE,YES
House1383-12891-FEMALE,NO
House2349-8626-FEMALE,NO
House1023-11529-MALE,NO
House122-8526-FEMALE,NO
House1260-12663-MALE,NO
House3338-12940-MALE,YES
House3709-9898-MALE,NO
House1608-13920-MALE,NO
House1726-1723-FEMALE,NO
House5652-9180-FEMALE,NO
House84-12307-MALE,NO
House5507-5496-MALE,NO
House824-11632-FEMALE,NO
House1387-12267-FEMALE,NO
House2061-13193-FEMALE,NO
House5140-11878-MALE,NO
House1489-14903-FEMALE,YES
House4683-4652-MALE,NO
House645-607-FEMALE,NO
House394-10801-MALE,YES
House1513-12147-FEMALE,NO
House1520-13545-FEMALE,NO
House472-14688-MALE,YES
House4175-12754-FEMALE,NO
House5441-9886-MALE,NO
House2022-12893-MALE,YES
House3737-7521-MALE,NO
House2700-12290-MALE,NO
House1614-15258-FEMALE,NO
House4942-4916-MALE,NO
House1742-13886-FEMALE,NO
House2408-15239-MALE,NO
House345-15216-MALE,NO
House908-890-MALE,NO
House4515-8720-FEMALE,NO
House1593-10318-FEMALE,NO
House4801-15849-FEMALE,NO
House6019-10034-FEMALE,NO
House1150-7060-MALE,NO
House1545-14232-MALE,NO
House2006-7559-MALE,NO
House5208-9765-MALE,NO
House62-14459-MALE,YES
House4180-4140-MALE,NO
House1951-1945-FEMALE,NO
House4214-6744-FEMALE,NO
House3099-7753-MALE,YES
House2187-2211-FEMALE,NO
House539-9376-MALE,NO
House3688-3628-MALE,NO
House2588-14260-MALE,NO
House2200-9723-FEMALE,NO
House2873-6787-FEMALE,NO
House1366-16065-FEMALE,NO
House1745-13684-MALE,NO
House769-12353-MALE,NO
House4281-9932-MALE,NO
House5577-5571-FEMALE,NO
House904-11352-MALE,NO
House5740-16545-MALE,YES
House5662-15171-MALE,YES
House3192-3144-MALE,NO
House1956-11002-MALE,NO
House6019-10427-FEMALE,NO
House2596-15722-MALE,YES
House4664-9396-FEMALE,NO
House5369-15002-FEMALE,NO
House6019-13212-FEMALE,NO
House6019-15525-FEMALE,YES
House5995-6526-MALE,NO
House2751-11206-MALE,NO
House4317-4273-FEMALE,NO
House1429-9027-FEMALE,NO
House6019-13829-FEMALE,NO
House6019-14010-FEMALE,YES
House3412-8796-MALE,NO
House6013-5997-FEMALE,NO
House3921-3881-FEMALE,YES
House770-14298-FEMALE,NO
House336-12034-FEMALE,NO
House5865-13390-MALE,NO
House2050-14305-FEMALE,NO
House6019-12743-FEMALE,NO
House819-14720-MALE,YES
House2240-9561-FEMALE,NO
House2076-12657-MALE,NO
House1259-12388-MALE,NO
House4513-14846-FEMALE,NO
House213-10824-MALE,NO
House2154-10351-FEMALE,NO
House3064-8239-FEMALE,NO
House4383-7306-FEMALE,NO
House5740-7657-FEMALE,NO
House1855-1844-MALE,NO
House2925-13794-MALE,YES
House645-11718-MALE,NO
House193-13227-MALE,NO
House1223-12379-MALE,NO
House4720-4695-FEMALE,NO
House1440-11521-MALE,NO
House1549-13156-FEMALE,NO
House135-14079-FEMALE,NO
House2825-14691-MALE,YES
House4360-12332-FEMALE,NO
House456-11474-MALE,NO
House499-15691-MALE,YES
House5490-5481-FEMALE,NO
House5615-5605-FEMALE,NO
House4278-7118-MALE,NO
House2042-8378-FEMALE,NO
House5551-5548-MALE,NO
House4988-4963-FEMALE,NO
House1753-7997-FEMALE,NO
House5719-5711-FEMALE,NO
House522-11607-MALE,NO
House5057-10442-MALE,NO
House698-11559-MALE,NO
House1196-1168-MALE,NO
House3767-14444-MALE,NO
House102-89-FEMALE,NO
House3734-13715-MALE,NO
House1431-7146-FEMALE,NO
House1718-8072-MALE,NO
House4414-10450-FEMALE,NO
House507-12566-MALE,NO
House4580-12126-FEMALE,NO
House537-14306-MALE,NO
House2853-15261-MALE,NO
House2463-12111-FEMALE,YES
House4076-4035-FEMALE,NO
House1998-13347-FEMALE,NO
House1346-12314-FEMALE,NO
House3746-3699-FEMALE,NO
House1679-12553-MALE,NO
House156-13305-MALE,NO
House2665-12263-FEMALE,NO
House6019-11082-FEMALE,NO
House4083-15315-MALE,NO
House550-12810-MALE,NO
House1519-13582-MALE,NO
House887-10581-MALE,NO
House5986-5961-FEMALE,NO
House210-12109-MALE,NO
House2424-13102-FEMALE,NO
House4360-11264-MALE,NO
House3155-12424-FEMALE,NO
House4820-12688-FEMALE,NO
House4716-4688-MALE,NO
House5936-11710-FEMALE,NO
House2193-9354-FEMALE,NO
House1978-13044-FEMALE,NO
House1360-14545-MALE,NO
House2566-10449-MALE,NO
House4297-13631-MALE,NO
House36-11933-MALE,NO
House2804-13300-FEMALE,NO
House1763-13647-MALE,NO
House5941-7030-MALE,NO
House6019-13094-FEMALE,NO
House3463-3410-MALE,NO
House3829-3785-FEMALE,NO
House5154-9163-MALE,YES
House867-14199-MALE,YES
House3647-12358-MALE,YES
House2966-13571-MALE,NO
House3742-9172-FEMALE,NO
House2584-15509-MALE,NO
House4068-4021-FEMALE,YES
House667-6707-FEMALE,NO
House1495-8289-FEMALE,YES
House629-13418-FEMALE,NO
House6019-11796-FEMALE,NO
House1364-14374-MALE,YES
House2469-13756-MALE,NO
House2810-2805-FEMALE,NO
House1985-9777-MALE,NO
House2591-12429-MALE,NO
House1662-6327-MALE,YES
House2618-14016-MALE,NO
House211-12305-MALE,NO
House3325-3275-FEMALE,NO
House5969-5943-FEMALE,NO
House398-11590-FEMALE,NO
House4219-10791-MALE,NO
House396-383-FEMALE,NO
House6019-13393-FEMALE,YES
House2163-11866-MALE,NO
House1405-14216-MALE,NO
House4926-4901-FEMALE,NO
House1869-1859-FEMALE,NO
House2964-13547-FEMALE,NO
House1430-12569-FEMALE,NO
House3935-10667-MALE,NO
House5936-10614-MALE,NO
House5326-5307-FEMALE,NO
House1517-12723-MALE,NO
House1527-9476-MALE,NO
House4707-4679-FEMALE,NO
House1707-12542-MALE,NO
House5239-10087-MALE,NO
House4651-4619-FEMALE,YES
House3629-3571-FEMALE,NO
House2631-14877-FEMALE,YES
House6019-15357-FEMALE,NO
House3221-14492-MALE,YES
House1966-10206-FEMALE,NO
House483-14240-MALE,YES
House5164-11550-FEMALE,NO
House1266-13979-FEMALE,NO
House4512-6434-FEMALE,NO
House2391-15029-MALE,NO
House3614-11168-MALE,NO
House6013-16399-MALE,YES
House6019-13837-FEMALE,YES
House528-12544-FEMALE,YES
House1398-9232-FEMALE,NO
House6019-14013-FEMALE,NO
House4713-10205-MALE,NO
House1517-12448-FEMALE,YES
House940-14247-MALE,NO
House4553-8051-FEMALE,NO
House1741-10268-FEMALE,NO
House649-613-FEMALE,NO
House5886-11505-MALE,NO
House754-9564-MALE,NO
House4803-9651-MALE,NO
House1675-1673-FEMALE,NO
House487-12237-MALE,NO
House5341-10870-MALE,NO
House6019-13667-FEMALE,NO
House3782-10156-FEMALE,NO
House1986-12859-MALE,NO
House4834-8957-FEMALE,NO
House5968-6980-MALE,NO
House1501-1484-MALE,NO
House1480-1459-FEMALE,NO
House3334-16203-MALE,YES
House3326-3276-MALE,NO
House5326-5306-MALE,NO
House974-13475-MALE,NO
House1697-13496-MALE,YES
House6019-12031-FEMALE,NO
House6019-15681-FEMALE,YES
House705-676-MALE,NO
House147-11277-MALE,NO
House4000-12768-FEMALE,NO
House4613-4568-MALE,NO
House4688-11350-FEMALE,NO
House5770-10773-FEMALE,YES
House365-13513-MALE,NO
House4578-8181-FEMALE,NO
House1171-13594-FEMALE,NO
House3372-12982-FEMALE,NO
House6019-13471-FEMALE,NO
House4624-4587-FEMALE,NO
House2235-7814-FEMALE,NO
House1687-10271-MALE,YES
House1838-9350-FEMALE,NO
House2451-15174-MALE,NO
House5976-5951-FEMALE,NO
House166-10064-FEMALE,NO
House5836-12256-MALE,NO
House2316-12386-FEMALE,NO
House5421-5400-MALE,NO
House3504-11422-FEMALE,NO
House4829-11328-FEMALE,NO
House1791-11243-MALE,NO
House1232-14849-MALE,NO
House3576-9566-MALE,NO
House5857-7891-FEMALE,NO
House1361-6872-FEMALE,NO
House2260-15733-MALE,YES
House4043-11480-MALE,NO
House1091-12876-MALE,NO
House616-10568-FEMALE,YES
House5340-12529-MALE,NO
House2622-13203-MALE,NO
House910-9175-MALE,NO
House768-750-MALE,NO
House4579-4528-MALE,NO
House1061-11283-MALE,NO
House2856-10950-FEMALE,YES
House5637-14392-FEMALE,NO
House2182-15249-FEMALE,NO
House3755-12774-FEMALE,NO
House1354-8887-FEMALE,NO
House1671-11962-FEMALE,NO
House5322-14120-MALE,NO
House950-933-FEMALE,NO
House5870-5846-MALE,NO
House4731-4702-MALE,NO
House1935-10265-FEMALE,NO
House3617-15497-FEMALE,YES
House2145-10082-FEMALE,NO
House4283-13896-FEMALE,NO
House752-16194-MALE,YES
House5063-9792-MALE,NO
House75-10957-MALE,NO
House838-12767-FEMALE,NO
House3451-3399-FEMALE,NO
House758-13374-FEMALE,NO
House1528-12996-MALE,NO
House497-474-MALE,NO
House5525-11447-MALE,NO
House3207-14369-FEMALE,NO
House4624-4586-MALE,NO
House5801-5784-MALE,NO
House3355-7161-FEMALE,NO
House4385-4352-MALE,NO
House1243-11946-MALE,NO
House1040-11135-MALE,NO
House2082-2085-FEMALE,NO
House966-12776-MALE,NO
House1629-8942-FEMALE,NO
House6019-14633-FEMALE,NO
House655-14255-MALE,NO
House5380-5361-FEMALE,NO
House163-7680-MALE,NO
House776-11553-MALE,NO
House3850-13630-FEMALE,NO
House2541-14025-MALE,NO
House695-15812-FEMALE,YES
House4874-4848-MALE,NO
House5321-9858-MALE,NO
House1460-10955-MALE,NO
House5353-13192-MALE,NO
House1349-1327-FEMALE,NO
House3705-3649-FEMALE,NO
House1669-14213-FEMALE,NO
House2226-14893-FEMALE,NO
House1825-13067-FEMALE,NO
House5812-5794-MALE,NO
House2682-13798-MALE,NO
House2454-10746-FEMALE,NO
House4814-7957-MALE,NO
House1628-1617-FEMALE,YES
House680-12646-MALE,NO
House4109-4068-MALE,NO
House643-10086-FEMALE,NO
House1886-11496-MALE,NO
House3693-3633-FEMALE,NO
House5086-11439-MALE,NO
House4329-12791-MALE,YES
House3041-3026-MALE,YES
House2101-6529-FEMALE,NO
House1574-8680-MALE,NO
House6019-10788-FEMALE,NO
House2502-12179-MALE,NO
House1580-13185-FEMALE,NO
House5685-14502-FEMALE,NO
House4204-11953-MALE,NO
House4730-14319-MALE,NO
House5947-9638-FEMALE,NO
House6019-11000-FEMALE,NO
House4614-4571-FEMALE,YES
House3291-3253-FEMALE,NO
House4601-4551-FEMALE,NO
House1323-14642-FEMALE,NO
House3148-3110-MALE,NO
House3743-3693-FEMALE,NO
House2728-15823-MALE,NO
House582-13804-MALE,NO
House621-12025-MALE,NO
House6019-15559-FEMALE,NO
House159-8640-FEMALE,NO
House5023-4996-MALE,NO
House486-11448-MALE,YES
House4383-6891-MALE,NO
House1958-12683-MALE,YES
House2935-12052-MALE,NO
House933-10932-FEMALE,NO
House2902-16112-MALE,YES
House4443-4409-FEMALE,NO
House642-10991-FEMALE,NO
House5080-6224-MALE,NO
House3942-6609-MALE,NO
House810-11887-MALE,NO
House3071-8512-FEMALE,NO
House4617-13043-FEMALE,NO
House2178-15328-MALE,YES
House4837-10113-MALE,NO
House732-11995-FEMALE,YES
House3484-12361-FEMALE,NO
House2300-10260-FEMALE,YES
House740-13101-FEMALE,NO
House2681-15043-MALE,NO
House2865-12945-MALE,YES
House4753-10208-FEMALE,NO
House856-840-MALE,NO
House4341-12375-MALE,NO
House1726-10987-MALE,NO
House3987-6897-FEMALE,NO
House192-12680-FEMALE,YES
House410-15008-FEMALE,NO
House6019-16184-FEMALE,YES
House2847-9419-MALE,YES
House322-15115-MALE,NO
House1680-12074-FEMALE,NO
House2273-11345-MALE,NO
House198-12495-FEMALE,NO
House5140-13323-FEMALE,YES
House4603-13877-FEMALE,YES
House6019-9661-FEMALE,NO
House2516-13279-MALE,NO
House2792-12858-MALE,NO
House4405-9273-FEMALE,NO
House6019-6172-FEMALE,NO
House5822-5801-FEMALE,NO
House2999-10829-MALE,NO
House5628-5614-MALE,YES
House3537-3485-FEMALE,NO
House4356-15196-FEMALE,NO
House5262-7270-FEMALE,NO
House2284-10931-MALE,NO
House2390-13146-FEMALE,NO
House748-729-FEMALE,NO
House1151-11499-MALE,NO
House3304-11432-FEMALE,NO
House886-10993-FEMALE,YES
House4732-4705-FEMALE,NO
House1727-11961-FEMALE,NO
House1294-9706-MALE,NO
House1638-15021-MALE,NO
House2591-11808-FEMALE,NO
House4895-11912-MALE,NO
House766-14315-MALE,YES
House6019-10757-FEMALE,NO
House6019-14060-FEMALE,YES
House6019-12806-FEMALE,NO
House3834-12721-FEMALE,YES
House3601-13579-MALE,NO
House1526-1508-MALE,NO
House2735-13284-MALE,NO
House1741-1732-MALE,NO
House2927-12510-MALE,NO
House2089-2094-MALE,NO
House1559-13687-FEMALE,NO
House2545-9319-FEMALE,NO
House1739-11327-MALE,YES
House2192-6601-FEMALE,NO
House3998-3957-FEMALE,NO
House36-13181-FEMALE,NO
House3258-9131-MALE,NO
House1755-10416-MALE,NO
House3562-13172-FEMALE,YES
House5561-5557-FEMALE,NO
House5784-5773-FEMALE,NO
House1457-8167-MALE,NO
House3875-14115-MALE,NO
House1093-11026-MALE,NO
House945-10809-MALE,NO
House5246-12176-MALE,NO
House589-14094-FEMALE,YES
House2588-14364-FEMALE,NO
House3286-10725-MALE,NO
House2374-12971-MALE,NO
House1361-15446-MALE,YES
House748-15056-MALE,NO
House2806-12337-FEMALE,NO
House2544-12508-FEMALE,NO
House2975-6887-FEMALE,NO
House4952-4926-MALE,NO
House1197-14103-MALE,NO
House486-13635-FEMALE,NO
House2027-12071-MALE,NO
House1923-1923-FEMALE,NO
House1999-12075-MALE,NO
House3059-8024-FEMALE,NO
House4924-7935-MALE,NO
House638-14506-MALE,YES
House1518-10803-MALE,NO
House5839-10971-MALE,NO
House4263-11891-MALE,NO
House880-867-FEMALE,YES
House5360-11511-MALE,NO
House4328-4282-MALE,NO
House4991-11877-MALE,YES
House1475-9454-MALE,NO
House2496-2521-FEMALE,NO
House2300-8713-MALE,NO
House1539-14974-MALE,YES
House4035-12733-FEMALE,YES
House814-15306-MALE,NO
House2381-11771-MALE,NO
House621-11831-FEMALE,NO
House960-943-FEMALE,NO
House672-640-MALE,NO
House596-14710-MALE,YES
House4580-15563-MALE,YES
House1504-12190-MALE,NO
House5411-5386-MALE,NO
House5837-11608-MALE,NO
House455-7670-MALE,NO
House1628-12886-MALE,NO
House217-8083-MALE,YES
House2686-9893-FEMALE,NO
House3273-10631-MALE,YES
House4836-9903-MALE,NO
House249-7122-MALE,YES
House5623-9317-FEMALE,YES
House170-14894-FEMALE,NO
House4815-12779-MALE,NO
House3-6521-FEMALE,NO
House779-10511-FEMALE,NO
House4640-12403-MALE,NO
House1223-12297-FEMALE,NO
House3276-3235-FEMALE,NO
House2424-16284-MALE,YES
House1192-1166-MALE,NO
House5434-12864-MALE,NO
House2074-7413-MALE,NO
House2148-11220-FEMALE,NO
House3691-7584-FEMALE,NO
House5548-5543-FEMALE,NO
House551-10823-MALE,NO
House1200-6303-FEMALE,NO
House4517-10608-MALE,NO
House1764-15075-FEMALE,YES
House1311-12350-MALE,NO
House5270-11656-FEMALE,NO
House877-8939-FEMALE,NO
House4967-10642-FEMALE,NO
House670-15485-MALE,YES
House1453-13833-FEMALE,NO
House1825-14307-MALE,NO
House776-11528-FEMALE,NO
House1248-1237-FEMALE,NO
House5203-11037-FEMALE,NO
House750-14592-MALE,NO
House300-9545-MALE,NO
House5727-9824-FEMALE,NO
House1535-1521-FEMALE,NO
House2717-8190-FEMALE,NO
House2193-11343-MALE,YES
House1143-9496-MALE,NO
House74-58-MALE,NO
House3789-13971-FEMALE,NO
House2940-11462-FEMALE,NO
House4865-13059-MALE,NO
House4072-12916-MALE,YES
House2942-13555-MALE,NO
House2860-2857-FEMALE,NO
House2179-11775-MALE,NO
House5411-9766-FEMALE,YES
House820-11145-MALE,NO
House5777-5767-FEMALE,NO
House3643-6941-MALE,NO
House5439-10910-FEMALE,YES
House1098-13274-MALE,NO
House873-11284-FEMALE,YES
House1162-15035-MALE,NO
House4770-8195-MALE,NO
House2198-9878-FEMALE,NO
House1549-13586-MALE,NO
House156-14354-FEMALE,NO
House2122-10602-FEMALE,NO
House5137-14101-MALE,YES
House243-11309-MALE,NO
House2021-14876-MALE,NO
House1831-10831-FEMALE,NO
House4676-8472-MALE,NO
House2133-15251-FEMALE,YES
House2486-14687-MALE,NO
House119-14716-MALE,NO
House314-294-MALE,NO
House5147-5108-MALE,NO
House5672-7402-MALE,NO
House957-14399-MALE,NO
House76-10673-FEMALE,NO
House5601-5597-FEMALE,NO
House35-11428-MALE,NO
House5360-14757-FEMALE,NO
House4955-10886-MALE,NO
House319-14762-MALE,NO
House1045-16001-MALE,YES
House5634-5617-FEMALE,NO
House929-12404-MALE,NO
House2811-2807-FEMALE,NO
House6008-5989-FEMALE,NO
House1090-12894-MALE,NO
House3056-3037-FEMALE,NO
House58-43-FEMALE,NO
House1624-12555-MALE,NO
House4117-12129-MALE,NO
House6011-13681-FEMALE,NO
House5303-6351-MALE,NO
House5905-6353-MALE,YES
House3135-8556-FEMALE,NO
House1359-14015-MALE,NO
House379-15158-MALE,YES
House6019-12281-FEMALE,NO
House5565-8539-MALE,YES
House2086-10546-FEMALE,NO
House4603-13071-MALE,NO
House1602-1592-MALE,NO
House1674-1671-FEMALE,NO
House6019-12416-FEMALE,YES
House2037-14455-MALE,YES
House4053-14362-FEMALE,NO
House5551-15167-FEMALE,NO
House608-13321-MALE,NO
House5026-5000-MALE,NO
House1584-12910-FEMALE,NO
House5462-8421-FEMALE,NO
House2818-10899-FEMALE,NO
House4123-12494-MALE,NO
House5683-12948-MALE,NO
House1937-7996-FEMALE,NO
House5475-9506-FEMALE,NO
House2006-10480-FEMALE,NO
House1822-11207-MALE,NO
House5386-5365-FEMALE,YES
House5121-14262-MALE,NO
House4419-11756-FEMALE,NO
House4614-4570-MALE,NO
House240-14470-MALE,NO
House5163-5129-FEMALE,NO
House4845-9939-MALE,NO
House467-12214-MALE,NO
House2245-11868-FEMALE,NO
House2759-12324-FEMALE,NO
House816-14564-FEMALE,NO
House856-841-FEMALE,NO
House1745-11451-FEMALE,YES
House1931-14344-MALE,NO
House3862-10302-MALE,NO
House1938-11045-MALE,NO
House4731-4703-FEMALE,NO
House3818-3770-MALE,NO
House5797-11302-MALE,NO
House3789-13723-MALE,NO
House795-13120-MALE,NO
House2825-8281-FEMALE,NO
House5150-5114-MALE,YES
House3545-13154-MALE,NO
House1205-15450-MALE,YES
House1733-13454-MALE,YES
House3945-6370-FEMALE,NO
House2911-9251-MALE,NO
House3527-3472-MALE,NO
House1898-12060-FEMALE,NO
House2991-12649-MALE,NO
House4877-8750-FEMALE,NO
House5892-5870-MALE,NO
House2466-13753-MALE,NO
House6019-15392-FEMALE,NO
House4224-13455-FEMALE,NO
House671-6400-FEMALE,NO
House1527-11939-FEMALE,YES
House6019-12841-FEMALE,NO
House6019-16846-FEMALE,YES
House1771-13538-MALE,NO
House2520-13746-FEMALE,NO
House3488-12853-MALE,NO
House2533-2549-FEMALE,NO
House3715-3661-FEMALE,YES
House656-11014-FEMALE,NO
House2238-11250-MALE,NO
House4327-4281-FEMALE,NO
House6019-14744-FEMALE,NO
House1286-9198-MALE,NO
House3537-3484-MALE,NO
House3387-16778-MALE,YES
House3862-9860-FEMALE,NO
House1833-12997-MALE,NO
House89-11393-FEMALE,YES
House3925-9780-MALE,NO
House2076-15104-FEMALE,NO
House1902-1892-MALE,NO
House361-9804-MALE,NO
House4214-7673-MALE,NO
House5781-14279-FEMALE,NO
House2388-10860-FEMALE,NO
House6019-13359-FEMALE,NO
House97-15465-MALE,YES
House1717-15532-MALE,NO
House108-12491-FEMALE,NO
House1725-12213-MALE,NO
House828-9757-MALE,NO
House3289-7478-MALE,NO
House303-12975-FEMALE,NO
House5892-5871-FEMALE,NO
House1284-6702-MALE,NO
House812-10819-MALE,NO
House3276-3234-MALE,NO
House1643-12718-MALE,NO
House4770-4733-FEMALE,NO
House1451-15685-MALE,YES
House3400-13115-MALE,NO
House2316-11723-MALE,NO
House4696-7459-FEMALE,NO
House1121-12629-MALE,NO
House4948-10285-FEMALE,NO
House961-945-FEMALE,NO
House6019-13015-FEMALE,NO
House51-10102-MALE,NO
House785-14435-FEMALE,YES
House2284-9187-FEMALE,YES
House600-13563-FEMALE,NO
House883-12545-FEMALE,NO
House3313-12039-FEMALE,NO
House5364-10531-FEMALE,NO
House2598-14640-MALE,NO
House3391-3341-FEMALE,NO
House5840-5821-FEMALE,NO
House4903-14429-FEMALE,NO
House4513-4470-MALE,NO
House436-423-FEMALE,NO
House2897-10553-FEMALE,YES
House4180-4141-FEMALE,NO
House880-866-MALE,NO
House1586-14917-MALE,NO
House202-13037-MALE,NO
House2826-12586-MALE,NO
House1465-11592-MALE,NO
House5211-10048-FEMALE,NO
House2328-9020-FEMALE,NO
House2183-2205-FEMALE,NO
House2773-10729-FEMALE,NO
House899-12590-MALE,NO
House3937-6771-MALE,NO
House1603-1595-FEMALE,YES
House4930-4903-FEMALE,NO
House3910-13076-MALE,NO
House3833-3790-MALE,NO
House1534-15700-FEMALE,YES
House1944-11780-MALE,NO
House6019-13935-FEMALE,NO
House3994-13369-MALE,NO
House3436-12610-MALE,NO
House4274-4231-FEMALE,NO
House1604-9809-FEMALE,NO
House5739-16316-MALE,YES
House1866-9041-MALE,NO
House6019-11774-FEMALE,NO
House3679-10255-MALE,NO
House6019-10708-FEMALE,NO
House2659-12422-MALE,NO
House3230-12437-MALE,NO
House435-420-MALE,NO
House3708-15398-MALE,NO
House2660-11991-FEMALE,NO
House2456-11007-FEMALE,NO
House6019-14073-FEMALE,NO
House5544-13556-FEMALE,NO
House868-15091-FEMALE,NO
House2245-7646-MALE,NO
House4581-4533-FEMALE,NO
House1579-10806-FEMALE,NO
House3482-14835-MALE,NO
House6019-13357-FEMALE,NO
House3292-10560-MALE,NO
House4423-4386-MALE,YES
House149-9502-MALE,NO
House6019-12991-FEMALE,NO
House5216-5186-MALE,YES
