SampleID,Recency
House2278-2290-MALE,NO
House2376-10711-MALE,NO
House479-13605-MALE,YES
House4537-4486-MALE,YES
House970-8726-MALE,NO
House347-10048-FEMALE,YES
House2025-11370-FEMALE,NO
House5287-9997-FEMALE,NO
House1248-10269-FEMALE,YES
House3113-3087-FEMALE,NO
House2415-10774-MALE,NO
House4544-4493-FEMALE,NO
House1712-9190-MALE,NO
House995-6768-FEMALE,NO
House4120-6710-MALE,YES
House1554-7393-MALE,YES
House5139-5103-FEMALE,NO
House828-10297-FEMALE,NO
House2741-10694-MALE,NO
House1204-9266-MALE,NO
House2146-11853-FEMALE,NO
House676-8154-FEMALE,NO
House3329-9904-FEMALE,NO
House5610-5600-MALE,NO
House2813-11683-FEMALE,NO
House2232-6747-MALE,NO
House23-9117-MALE,NO
House3079-3057-FEMALE,YES
House2789-11921-MALE,YES
House4168-9853-MALE,NO
House2690-2706-MALE,NO
House759-737-FEMALE,NO
House4828-7182-MALE,NO
House2469-2490-MALE,NO
House119-13176-MALE,NO
House571-11797-MALE,NO
House4646-10819-MALE,NO
House4226-4174-MALE,NO
House5647-5630-MALE,YES
House6019-6132-FEMALE,YES
House1165-1133-FEMALE,NO
House3877-3832-MALE,YES
House2158-7488-MALE,NO
House4380-4344-MALE,NO
House166-8755-FEMALE,NO
House3515-3463-FEMALE,NO
House1096-11159-FEMALE,NO
House1005-8358-MALE,NO
House2981-2967-FEMALE,NO
House1242-10446-MALE,NO
House1358-11401-FEMALE,NO
House1538-1522-MALE,NO
House4949-9793-MALE,NO
House1791-9488-MALE,NO
House5650-8068-FEMALE,NO
House1989-8752-FEMALE,NO
House4558-10482-MALE,NO
House6019-11047-FEMALE,NO
House2128-13496-FEMALE,YES
House463-437-FEMALE,YES
House2340-2353-FEMALE,NO
House5483-6339-FEMALE,NO
House357-8708-MALE,NO
House1916-1912-MALE,NO
House6019-11886-FEMALE,YES
House5015-12115-FEMALE,NO
House2216-12761-MALE,NO
House1767-1768-MALE,NO
House2858-7326-MALE,NO
House2029-9647-FEMALE,NO
House6019-7378-FEMALE,NO
House1583-8869-FEMALE,NO
House741-8010-FEMALE,NO
House2624-2630-MALE,NO
House1305-12039-FEMALE,YES
House3109-7664-MALE,NO
House6-9156-MALE,NO
House5318-5299-FEMALE,YES
House285-9988-MALE,NO
House5331-5311-FEMALE,NO
House2394-2415-FEMALE,NO
House5426-6240-FEMALE,YES
House2219-2245-FEMALE,NO
House4038-10936-MALE,NO
House3733-3679-FEMALE,NO
House3745-10484-FEMALE,NO
House4707-4678-MALE,NO
House4514-10577-FEMALE,NO
House432-11617-MALE,YES
House2071-11067-MALE,NO
House3794-3753-FEMALE,YES
House3793-3750-MALE,NO
House4738-7510-MALE,NO
House5989-6984-MALE,NO
House1998-1989-FEMALE,NO
House2213-2236-MALE,NO
House6019-6121-FEMALE,YES
House541-515-FEMALE,YES
House2887-11143-MALE,NO
House872-13834-MALE,YES
House1915-1911-FEMALE,NO
House1048-1023-FEMALE,NO
House3113-3086-MALE,NO
House2555-2566-MALE,NO
House5072-5039-FEMALE,NO
House4935-8314-FEMALE,NO
House4809-4777-FEMALE,NO
House2086-2088-MALE,NO
House6019-12342-FEMALE,YES
House4112-7721-MALE,NO
House3087-8946-FEMALE,NO
House6019-6056-FEMALE,NO
House126-7814-MALE,NO
House661-626-MALE,NO
House7-11390-FEMALE,YES
House6019-6054-FEMALE,NO
House1100-1072-MALE,NO
House1739-12109-FEMALE,NO
House2406-11276-MALE,NO
House1139-10239-FEMALE,NO
House5232-5201-FEMALE,NO
House5600-6829-FEMALE,NO
House949-931-FEMALE,NO
House4122-4081-FEMALE,NO
House1618-13070-MALE,YES
House1741-1733-FEMALE,NO
House608-577-FEMALE,NO
House2818-2811-FEMALE,NO
House2811-11585-MALE,NO
House2355-11392-FEMALE,NO
House2836-6407-FEMALE,NO
House2443-6794-MALE,NO
House6019-12259-FEMALE,NO
House4743-8532-FEMALE,NO
House2387-2404-MALE,NO
House29-8868-MALE,NO
House2803-9737-MALE,NO
House2914-7167-MALE,NO
House3850-3809-FEMALE,NO
House2476-9136-MALE,NO
House2517-2535-FEMALE,NO
House1899-1888-MALE,NO
House4423-4386-MALE,NO
House1207-1184-MALE,NO
House1215-10547-FEMALE,YES
House4773-12349-MALE,YES
House5940-10042-MALE,NO
House2989-12533-MALE,NO
House14-10826-FEMALE,NO
House856-840-MALE,NO
House4675-4640-MALE,NO
House1889-8226-MALE,YES
House6019-6170-FEMALE,NO
House2658-2662-MALE,NO
House1266-1249-FEMALE,NO
House225-8920-MALE,YES
House5265-8370-FEMALE,NO
House715-688-MALE,YES
House1677-10406-FEMALE,NO
House4763-4725-FEMALE,YES
House3069-6351-MALE,NO
House669-635-FEMALE,NO
House6019-12660-FEMALE,NO
House2468-6327-MALE,NO
House3879-3835-FEMALE,NO
House31-6611-MALE,NO
House2805-2796-MALE,NO
House5628-5615-FEMALE,NO
House5541-5537-FEMALE,NO
House1849-6643-MALE,NO
House2653-11689-FEMALE,NO
House1834-8028-MALE,NO
House932-11476-MALE,NO
House1908-1901-FEMALE,YES
House2077-2078-MALE,NO
House1011-10783-MALE,YES
House6019-11455-FEMALE,NO
House2853-2847-FEMALE,NO
House670-636-MALE,YES
House4038-6401-FEMALE,NO
House5742-13196-FEMALE,NO
House4979-9598-MALE,NO
House125-109-FEMALE,NO
House3396-3348-MALE,NO
House2264-6521-MALE,YES
House2613-12071-FEMALE,YES
House2967-2961-FEMALE,NO
House3368-3313-FEMALE,NO
House6019-12279-FEMALE,NO
House300-10726-FEMALE,YES
House1924-10273-MALE,YES
House5672-10725-MALE,NO
House1154-6238-FEMALE,YES
House1859-1849-FEMALE,YES
House4459-4428-MALE,YES
House1313-9736-FEMALE,NO
House2687-11464-FEMALE,NO
House1658-1651-FEMALE,NO
House1401-10999-FEMALE,NO
House809-9864-MALE,NO
House642-602-MALE,NO
House403-386-MALE,NO
House1997-1987-FEMALE,NO
House3408-6536-MALE,NO
House1293-1266-MALE,NO
House1153-11887-MALE,NO
House5454-5441-FEMALE,YES
House1748-1741-FEMALE,NO
House3050-7810-FEMALE,NO
House454-8078-MALE,NO
House5405-8509-FEMALE,NO
House5020-12347-MALE,NO
House2630-2641-FEMALE,NO
House2099-2109-FEMALE,NO
House2252-8012-FEMALE,NO
House5884-9606-MALE,NO
House541-12223-MALE,YES
House62-6899-FEMALE,NO
House1561-11480-MALE,NO
House207-12803-MALE,NO
House2020-2014-MALE,NO
House1274-1255-FEMALE,NO
House897-9618-MALE,NO
House1944-1943-FEMALE,NO
House4995-11419-MALE,NO
House3008-11226-FEMALE,NO
House197-181-FEMALE,NO
House2904-9321-FEMALE,NO
House5799-8832-FEMALE,YES
House1467-1450-MALE,NO
House151-135-FEMALE,NO
House3365-7633-MALE,NO
House5520-5512-MALE,NO
House2218-2243-FEMALE,NO
House245-7483-MALE,NO
House326-305-FEMALE,NO
House5174-5143-FEMALE,NO
House2587-10314-MALE,NO
House5447-5433-FEMALE,NO
House6019-8357-FEMALE,NO
House1121-12244-FEMALE,NO
House76-61-FEMALE,NO
House648-611-FEMALE,NO
House4317-10181-MALE,NO
House2164-2182-MALE,NO
House512-488-MALE,NO
House5922-5907-FEMALE,NO
House4-12384-MALE,NO
House2016-11534-MALE,NO
House4949-10600-FEMALE,NO
House2957-8137-FEMALE,YES
House2346-2357-FEMALE,NO
House3970-12036-FEMALE,NO
House5902-5880-MALE,YES
House4775-6648-MALE,NO
House2306-2319-FEMALE,NO
House4268-4227-FEMALE,NO
House1125-7312-MALE,NO
House5603-10928-FEMALE,NO
House4551-9272-MALE,NO
House874-861-FEMALE,YES
House186-8643-FEMALE,NO
House5318-5298-MALE,NO
House820-7963-FEMALE,NO
House4796-8282-FEMALE,NO
House2549-10095-MALE,NO
House3996-11498-MALE,NO
House4659-4627-FEMALE,NO
House521-498-MALE,NO
House2205-9825-MALE,NO
House1534-8978-FEMALE,NO
House2750-10148-MALE,NO
House3647-3590-MALE,NO
House1731-10168-MALE,NO
House3550-9961-MALE,NO
House731-711-FEMALE,NO
House4513-4470-MALE,NO
House6019-6086-FEMALE,NO
House5987-10988-MALE,NO
House2061-11311-MALE,NO
House5048-8459-FEMALE,NO
House362-351-FEMALE,YES
House3931-3888-MALE,NO
House2201-9412-FEMALE,NO
House526-8723-MALE,NO
House5923-5908-MALE,YES
House5701-5693-FEMALE,NO
House3100-7101-FEMALE,NO
House5866-5844-MALE,NO
House5672-10830-FEMALE,NO
House1146-10012-FEMALE,NO
House2913-10556-FEMALE,NO
House3071-10595-MALE,NO
House6019-11760-FEMALE,YES
House5170-8527-FEMALE,YES
House914-12813-MALE,NO
House676-8589-MALE,NO
House4802-9764-FEMALE,YES
House33-8665-MALE,NO
House3410-3363-FEMALE,NO
House2298-9536-FEMALE,NO
House526-7982-FEMALE,NO
House759-13253-MALE,YES
House463-436-MALE,NO
House2738-2738-MALE,NO
House5693-9581-FEMALE,NO
House2735-2736-MALE,NO
House694-6761-MALE,NO
House4412-4374-MALE,YES
House4541-7173-FEMALE,YES
House3039-3024-MALE,YES
House1446-8530-FEMALE,NO
House639-6506-MALE,NO
House3970-11213-MALE,NO
House2590-2598-MALE,NO
House3378-9354-MALE,YES
House147-8698-FEMALE,NO
House3604-3551-FEMALE,NO
House1614-1604-MALE,NO
House306-10153-MALE,YES
House5818-11403-MALE,NO
House4551-7142-FEMALE,NO
House3890-3851-FEMALE,NO
House4709-8930-MALE,NO
House2028-12273-FEMALE,NO
House1273-11605-MALE,NO
House4204-11604-FEMALE,NO
House59-44-MALE,NO
House584-553-FEMALE,NO
House5088-5059-FEMALE,NO
House5749-11445-MALE,NO
House5819-5797-FEMALE,NO
House5128-8951-MALE,NO
House2984-11050-FEMALE,NO
House2619-2624-MALE,NO
House2079-12476-MALE,NO
House4251-4207-FEMALE,NO
House4603-10888-MALE,NO
House4385-7619-FEMALE,NO
House3611-3558-MALE,YES
House4274-4230-MALE,NO
House3871-3829-FEMALE,NO
House2451-9681-MALE,NO
House2199-11615-MALE,NO
House6019-6111-FEMALE,NO
House2218-13537-MALE,YES
House184-10806-MALE,NO
House1185-1159-FEMALE,YES
House4598-11195-FEMALE,NO
House1761-8309-FEMALE,NO
House2385-2402-MALE,NO
House3119-8597-MALE,NO
House3958-10853-MALE,NO
House5295-8233-MALE,YES
House6-10601-FEMALE,NO
House3824-8658-FEMALE,NO
House2146-10821-MALE,NO
House943-8635-FEMALE,NO
House2641-9463-FEMALE,YES
House2537-2554-MALE,NO
House3479-3428-MALE,NO
House5433-5416-MALE,NO
House2216-6489-FEMALE,NO
House4249-10738-MALE,NO
House62-11410-MALE,NO
House1821-7411-FEMALE,NO
House3479-3429-FEMALE,NO
House3098-10960-FEMALE,NO
House5385-9405-FEMALE,YES
House2646-9895-MALE,NO
House4476-4444-MALE,NO
House213-6577-FEMALE,NO
House1092-1062-MALE,NO
House1003-13027-MALE,YES
House447-9660-FEMALE,NO
House3251-9562-MALE,NO
House2185-11188-MALE,NO
House5731-10664-FEMALE,NO
House1659-6362-FEMALE,YES
House5096-10793-MALE,YES
House3184-3143-FEMALE,YES
House2192-2214-MALE,NO
House2441-2456-MALE,NO
House1180-11502-FEMALE,NO
House5454-5440-MALE,YES
House48-11938-MALE,NO
House5237-5206-MALE,NO
House2665-10845-MALE,NO
House741-8008-MALE,NO
House1943-1940-MALE,NO
House5799-8754-MALE,NO
House1205-10607-MALE,NO
House1890-8452-MALE,NO
House1923-8009-FEMALE,NO
House2008-11103-MALE,NO
House2464-12352-FEMALE,YES
House4922-10065-MALE,YES
House2300-2310-MALE,NO
House2307-2320-MALE,YES
House649-612-MALE,NO
House3041-7611-MALE,YES
House1222-9890-FEMALE,NO
House5459-10405-FEMALE,NO
House108-10569-FEMALE,NO
House2792-2784-MALE,NO
House75-11069-MALE,NO
House6019-11273-FEMALE,NO
House2033-12635-MALE,NO
House503-10769-MALE,NO
House6019-6043-FEMALE,YES
House2703-2717-FEMALE,NO
House6019-11007-FEMALE,NO
House351-11633-FEMALE,NO
House3280-3240-MALE,NO
House6019-11923-FEMALE,YES
House2103-9483-FEMALE,NO
House1492-1471-FEMALE,NO
House2639-6687-FEMALE,NO
House1602-12801-MALE,NO
House880-867-FEMALE,NO
House2180-6255-FEMALE,NO
House1382-1360-MALE,NO
House1105-10175-MALE,NO
House2668-13119-MALE,YES
House2169-2189-FEMALE,NO
House1700-10002-MALE,NO
House2592-9410-MALE,NO
House1385-1364-MALE,NO
House4049-7972-MALE,NO
House239-221-FEMALE,NO
House1788-1793-FEMALE,NO
House2289-10869-MALE,NO
House6019-6124-FEMALE,NO
House720-9423-MALE,NO
House2214-2238-MALE,NO
House4941-9135-FEMALE,NO
House3442-11988-FEMALE,NO
House2448-8836-FEMALE,NO
House2502-11160-MALE,NO
House5513-5504-MALE,NO
House1246-10308-MALE,NO
House487-460-MALE,NO
House539-10097-FEMALE,NO
House2191-10833-MALE,NO
House3142-3104-MALE,NO
House4177-7854-MALE,NO
House6019-8908-FEMALE,NO
House3890-7493-MALE,NO
House825-11602-FEMALE,YES
House2591-11874-FEMALE,NO
House2950-7756-MALE,NO
House4256-4215-FEMALE,NO
House2918-2917-FEMALE,NO
House909-11982-FEMALE,NO
House6019-6183-FEMALE,YES
House85-11483-FEMALE,YES
House3259-9035-FEMALE,NO
House4289-9163-MALE,NO
House4141-13478-FEMALE,YES
House2733-2734-MALE,NO
House6016-9995-MALE,NO
House6019-11457-FEMALE,NO
House989-9667-FEMALE,NO
House1765-1764-MALE,NO
House514-8061-FEMALE,NO
House5359-10932-MALE,NO
House935-921-FEMALE,NO
House1693-1694-MALE,NO
House2872-13438-MALE,YES
House2686-2703-FEMALE,NO
House201-12287-MALE,NO
House106-11035-MALE,NO
House1743-7679-FEMALE,NO
House2892-2888-MALE,NO
House204-7243-FEMALE,NO
House2394-2414-MALE,NO
House5779-7401-FEMALE,NO
House4519-8437-FEMALE,NO
House3542-10663-FEMALE,NO
House783-7395-MALE,NO
House5825-5806-MALE,NO
House3866-10363-FEMALE,NO
House2660-10543-MALE,NO
House1278-12769-MALE,YES
House5340-11849-FEMALE,YES
House6019-10428-FEMALE,NO
House4670-8190-MALE,NO
House4408-11321-MALE,NO
House6019-7421-FEMALE,NO
House4070-4025-FEMALE,NO
House1585-1570-MALE,NO
House2640-2649-FEMALE,NO
House4873-12768-FEMALE,NO
House1269-1252-MALE,NO
House1567-1548-MALE,NO
House1126-1095-FEMALE,NO
House1154-1122-MALE,YES
House5864-6300-FEMALE,NO
House1710-1709-FEMALE,NO
House2159-8690-FEMALE,NO
House2918-2916-MALE,NO
House3577-9174-FEMALE,YES
House1143-11892-MALE,NO
House1143-12081-FEMALE,NO
House1799-8331-FEMALE,NO
House2158-7933-FEMALE,NO
House1900-10427-MALE,YES
House815-11933-FEMALE,NO
House5048-8065-MALE,NO
House4488-12896-FEMALE,YES
House1417-11341-FEMALE,NO
House5381-5362-MALE,NO
House620-9194-FEMALE,NO
House1714-10744-MALE,NO
House5931-11385-MALE,YES
House5225-8913-FEMALE,NO
House2713-2722-MALE,NO
House2050-2052-MALE,NO
House4520-4476-MALE,NO
House620-11735-MALE,NO
House729-706-MALE,NO
House1513-1492-MALE,NO
House1463-9046-MALE,NO
House4615-4572-MALE,NO
House5774-13573-FEMALE,YES
House6019-8116-FEMALE,NO
House737-9256-MALE,NO
House1493-1472-MALE,NO
House5109-5068-MALE,NO
House2303-8583-MALE,NO
House4736-7833-FEMALE,NO
House3390-3339-FEMALE,NO
House2776-2771-FEMALE,NO
House63-10512-FEMALE,NO
House1358-11320-MALE,NO
House4498-4465-FEMALE,YES
House1362-1341-FEMALE,NO
House4219-4167-FEMALE,NO
House2917-8320-MALE,NO
House5541-5536-MALE,NO
House5485-9627-MALE,NO
House5013-4985-FEMALE,NO
House3186-11810-FEMALE,YES
House3959-12628-MALE,NO
House1847-10373-FEMALE,NO
House5061-5034-MALE,NO
House2594-12197-FEMALE,NO
House39-30-MALE,NO
House6019-7713-FEMALE,YES
House832-814-MALE,NO
House3933-6251-MALE,YES
House2511-7332-MALE,NO
House1965-13019-FEMALE,YES
House1521-11962-FEMALE,NO
House2415-10467-FEMALE,NO
House6019-11965-FEMALE,NO
House4532-9520-FEMALE,NO
House6019-12069-FEMALE,YES
House2258-10777-FEMALE,YES
House1766-1767-FEMALE,NO
House2945-2937-FEMALE,NO
House4338-11236-MALE,NO
House5271-9547-FEMALE,NO
House5513-5505-FEMALE,NO
House484-454-MALE,NO
House2727-9270-FEMALE,NO
House4948-6912-MALE,NO
House2763-10288-FEMALE,NO
House396-7277-MALE,NO
House2098-2107-FEMALE,NO
House327-7847-MALE,NO
House1446-11197-MALE,NO
House1567-1549-FEMALE,NO
House1309-8790-FEMALE,NO
House1161-1128-MALE,NO
House2540-11359-MALE,NO
House3006-2997-FEMALE,NO
House570-11104-MALE,YES
House2639-2646-MALE,NO
House2578-11062-MALE,NO
House1428-7303-MALE,YES
House2543-2560-MALE,NO
House4398-4365-FEMALE,YES
House2847-2839-FEMALE,NO
House4738-6589-FEMALE,NO
House1709-6297-FEMALE,NO
House4168-9854-FEMALE,NO
House2019-2013-FEMALE,NO
House2187-2211-FEMALE,NO
House5016-12231-MALE,NO
House2772-2768-MALE,NO
House1732-10298-MALE,NO
House3515-3462-MALE,NO
House2684-9879-FEMALE,NO
House1855-1844-MALE,NO
House724-702-MALE,NO
House898-8746-MALE,NO
House4539-8227-MALE,NO
House6019-6033-FEMALE,NO
House4127-11598-MALE,YES
House3912-7604-FEMALE,NO
House5439-9844-FEMALE,NO
House6019-6160-FEMALE,NO
House1182-1152-MALE,NO
House2579-10469-FEMALE,YES
House1772-10344-MALE,NO
House4380-4345-FEMALE,NO
House921-7818-MALE,NO
House3691-3631-FEMALE,NO
House367-359-FEMALE,NO
House478-7535-MALE,NO
House1238-1224-MALE,NO
House5739-5721-FEMALE,NO
House6019-12124-FEMALE,YES
House5615-11672-MALE,NO
House6019-10579-FEMALE,NO
House2417-8073-MALE,YES
House1342-12222-MALE,NO
House2807-2800-MALE,NO
House615-12834-MALE,YES
House1031-9723-MALE,NO
House1354-12534-FEMALE,YES
House4679-8649-MALE,NO
House264-6907-MALE,NO
House6019-10447-FEMALE,NO
House80-10118-MALE,NO
House288-10157-FEMALE,NO
House6019-6052-FEMALE,NO
House32-9812-MALE,NO
House1871-1862-MALE,NO
House2507-7358-MALE,NO
House85-70-MALE,YES
House2944-10471-MALE,NO
House508-6313-FEMALE,NO
House3957-7997-FEMALE,NO
House1679-11150-FEMALE,NO
House1480-1458-MALE,YES
House3079-11553-MALE,YES
House1237-1223-FEMALE,YES
House2105-9905-MALE,YES
House995-11727-MALE,NO
House410-396-MALE,NO
House2166-8390-FEMALE,NO
House656-620-MALE,NO
House2239-8632-FEMALE,NO
House244-227-FEMALE,NO
House1140-1107-FEMALE,NO
House2421-2439-FEMALE,NO
House4788-4752-MALE,NO
House4622-4582-MALE,NO
House1043-7808-MALE,NO
House999-976-MALE,NO
House1659-6358-MALE,NO
House1883-1872-MALE,NO
House5693-5678-MALE,NO
House388-10590-MALE,NO
House2416-12095-FEMALE,NO
House2991-9754-MALE,NO
House1800-1805-FEMALE,NO
House808-11536-MALE,NO
House611-7701-MALE,NO
House2989-2979-FEMALE,YES
House4921-9882-MALE,NO
House2071-10666-FEMALE,YES
House5080-7771-MALE,NO
House2784-11210-MALE,YES
House1784-10655-MALE,NO
House1801-11725-MALE,YES
House1908-11458-MALE,NO
House5684-8429-FEMALE,NO
House4206-12040-FEMALE,NO
House1526-1508-MALE,NO
House455-11438-MALE,NO
House5494-5487-FEMALE,NO
House483-453-FEMALE,YES
House520-8779-MALE,NO
House1529-8048-FEMALE,NO
House1679-12164-MALE,NO
House2818-11510-MALE,NO
House6019-11499-FEMALE,YES
House5622-11383-MALE,NO
House4601-4551-FEMALE,NO
House930-9953-MALE,NO
House1775-1780-MALE,NO
House2910-9326-MALE,NO
House1942-11411-FEMALE,NO
House4066-4019-FEMALE,NO
House6019-12506-FEMALE,NO
House2191-10927-FEMALE,NO
House6019-7100-FEMALE,NO
House2196-2221-FEMALE,NO
House152-10701-MALE,NO
House1048-1022-MALE,NO
House26-12926-MALE,NO
House415-9899-MALE,NO
House969-7220-FEMALE,NO
House885-10855-MALE,NO
House5489-12527-MALE,NO
House1144-11083-FEMALE,NO
House1952-13108-MALE,YES
House1232-1216-MALE,NO
House1945-12778-MALE,NO
House2593-8058-MALE,NO
