SampleID,Recency
House3813-10922-MALE,NO
House3162-8861-FEMALE,NO
House306-281-FEMALE,NO
House3767-3723-FEMALE,YES
House1606-1599-FEMALE,NO
House2887-12243-MALE,NO
House5994-5970-MALE,NO
House2530-10044-FEMALE,NO
House1446-13602-MALE,NO
House6019-15143-FEMALE,YES
House3967-11892-FEMALE,NO
House2894-9691-FEMALE,NO
House4539-6637-MALE,NO
House6019-15347-FEMALE,YES
House2502-13856-FEMALE,YES
House6019-12480-FEMALE,NO
House424-11835-FEMALE,NO
House1208-13605-FEMALE,NO
House1048-10471-MALE,NO
House2859-9412-MALE,NO
House1922-13280-MALE,NO
House3229-3184-MALE,NO
House3975-12148-MALE,NO
House2528-13848-MALE,YES
House4000-3958-MALE,NO
House1584-1568-MALE,NO
House5049-5022-MALE,YES
House5-13139-MALE,YES
House214-6247-MALE,NO
House2895-12003-MALE,NO
House1457-10936-FEMALE,NO
House623-9764-FEMALE,YES
House976-13802-MALE,NO
House4051-4007-FEMALE,NO
House486-10979-FEMALE,YES
House2963-11709-MALE,NO
House4830-9725-MALE,NO
House1380-11841-MALE,NO
House1075-12180-FEMALE,NO
House279-13717-FEMALE,NO
House1249-9780-MALE,NO
House4970-4949-FEMALE,NO
House1606-15285-MALE,YES
House2863-15421-MALE,YES
House2685-12308-FEMALE,NO
House2082-13043-FEMALE,YES
House2118-13485-MALE,YES
House2284-14574-MALE,NO
House2223-6902-MALE,NO
House1301-1278-MALE,NO
House4037-3997-FEMALE,NO
House5329-5308-MALE,YES
House867-852-MALE,YES
House594-9688-MALE,NO
House1046-14391-MALE,NO
House2043-2044-MALE,NO
House2667-12691-MALE,NO
House1362-1340-MALE,NO
House2270-9874-FEMALE,NO
House167-14700-FEMALE,YES
House6019-11583-FEMALE,YES
House5915-5897-FEMALE,NO
House2507-13223-MALE,NO
House5497-5490-MALE,NO
House869-14614-FEMALE,YES
House1631-1620-MALE,NO
House1288-8891-FEMALE,NO
House6019-12359-FEMALE,NO
House919-13257-FEMALE,NO
House5969-5942-MALE,NO
House105-14821-MALE,NO
House430-415-FEMALE,NO
House2587-13599-MALE,YES
House3291-9402-MALE,NO
House3213-12950-MALE,YES
House5888-8578-FEMALE,NO
House5227-7642-MALE,NO
House2663-11862-FEMALE,NO
House138-7846-MALE,NO
House3997-14409-FEMALE,NO
House2772-12126-MALE,NO
House5187-5159-FEMALE,NO
House3417-12728-MALE,NO
House2103-10933-MALE,NO
House358-12403-MALE,NO
House4302-11665-MALE,NO
House5147-9581-MALE,YES
House4808-7994-MALE,NO
House1545-12288-MALE,NO
House6019-12761-FEMALE,NO
House4578-7156-MALE,NO
House1709-12412-MALE,NO
House243-225-FEMALE,NO
House954-12186-MALE,NO
House1236-1221-FEMALE,NO
House841-827-FEMALE,NO
House526-8436-MALE,NO
House388-13665-MALE,NO
House6019-14248-FEMALE,NO
House5582-5577-FEMALE,NO
House768-8672-MALE,NO
House2581-7019-MALE,NO
House4941-11134-FEMALE,YES
House4128-7385-MALE,NO
House3732-3677-FEMALE,NO
House2112-10399-FEMALE,NO
House1758-1754-MALE,NO
House2729-13005-MALE,NO
House889-883-FEMALE,NO
House2199-6278-MALE,NO
House223-6386-FEMALE,NO
House5265-12637-MALE,YES
House1688-6498-FEMALE,NO
House4006-3964-MALE,NO
House4422-8223-FEMALE,NO
House4072-9162-MALE,YES
House1031-11784-MALE,NO
House1910-6435-MALE,NO
House2751-14472-MALE,YES
House253-233-FEMALE,NO
House1315-15668-MALE,YES
House3990-10378-MALE,NO
House4490-9017-FEMALE,NO
House5835-8615-FEMALE,NO
House1574-14963-FEMALE,NO
House1571-12631-MALE,NO
House2515-7946-FEMALE,YES
House2697-12564-MALE,NO
House1137-13484-FEMALE,YES
House1632-7262-FEMALE,NO
House5114-6784-FEMALE,YES
House1703-9810-MALE,NO
House2590-2598-MALE,NO
House4643-7780-FEMALE,NO
House5492-5482-MALE,NO
House1530-10689-MALE,NO
House340-14157-MALE,YES
House5640-13371-MALE,NO
House6019-14293-FEMALE,YES
House5556-5555-FEMALE,NO
House3997-11394-MALE,NO
House233-11375-MALE,NO
House2529-9250-MALE,YES
House3841-12969-MALE,NO
House896-12103-MALE,NO
House94-12859-MALE,NO
House5116-13958-MALE,NO
House4085-4041-FEMALE,NO
House2469-11019-MALE,NO
House1645-12483-MALE,YES
House2626-12500-FEMALE,NO
House3841-13003-FEMALE,NO
House4537-4487-FEMALE,NO
House3443-13780-MALE,NO
House3703-12006-FEMALE,NO
House816-12430-MALE,NO
House5738-5719-FEMALE,NO
House1666-1663-FEMALE,NO
House3567-11781-FEMALE,NO
House1319-1299-FEMALE,NO
House3956-3914-MALE,NO
House1158-12960-FEMALE,YES
House4074-9621-MALE,NO
House5959-5936-MALE,YES
House3257-6426-MALE,NO
House5294-9542-MALE,NO
House5981-5957-FEMALE,NO
House2679-12652-MALE,NO
House2852-8189-MALE,YES
House2215-11101-MALE,NO
House476-12142-MALE,NO
House2390-13483-MALE,NO
House5369-5346-MALE,NO
House633-9019-FEMALE,NO
House1436-10527-MALE,NO
House2327-12608-MALE,NO
House492-11851-FEMALE,NO
House4314-9626-FEMALE,NO
House5726-10017-FEMALE,NO
House5485-5473-FEMALE,NO
House6019-11138-FEMALE,NO
House2616-13366-MALE,NO
House5600-5595-FEMALE,NO
House1200-11741-FEMALE,NO
House663-11879-MALE,YES
House1066-10646-FEMALE,YES
House1356-10437-MALE,NO
House4457-4424-MALE,NO
House5029-14448-MALE,NO
House3085-3060-MALE,NO
House2976-15783-FEMALE,YES
House599-9190-MALE,NO
House1337-7480-MALE,NO
House879-7368-FEMALE,NO
House5591-13634-MALE,NO
House2892-13914-MALE,NO
House1915-12357-MALE,NO
House2857-13985-FEMALE,YES
House1966-12408-MALE,YES
House5750-13807-FEMALE,YES
House4492-9598-MALE,YES
House2126-2139-FEMALE,NO
House207-12986-MALE,NO
House3383-7538-FEMALE,YES
House2431-9835-FEMALE,NO
House5485-8116-MALE,YES
House5318-10056-MALE,NO
House1453-11238-MALE,NO
House2314-10163-FEMALE,NO
House2818-2810-MALE,NO
House200-15465-MALE,YES
House5725-5712-MALE,NO
House2020-10465-MALE,NO
House1565-13581-FEMALE,NO
House1094-13996-MALE,YES
House4936-8698-MALE,NO
House5974-12447-FEMALE,NO
House1869-1859-FEMALE,NO
House352-340-MALE,NO
House2935-15768-MALE,YES
House1412-9181-MALE,NO
House6019-6120-FEMALE,NO
House764-8390-MALE,NO
House1814-13102-FEMALE,NO
House2655-2658-MALE,NO
House5456-11609-FEMALE,NO
House2000-11731-MALE,NO
House2944-2935-FEMALE,NO
House2378-15609-MALE,YES
House673-12497-MALE,NO
House1506-11260-MALE,YES
House816-12703-FEMALE,NO
House2021-15798-MALE,YES
House2660-10870-FEMALE,NO
House1521-1500-MALE,NO
House2328-14340-FEMALE,NO
House613-578-MALE,NO
House6019-13805-FEMALE,NO
House282-259-FEMALE,YES
House3546-11237-MALE,YES
House2285-12596-FEMALE,NO
House2746-9256-MALE,NO
House917-8064-MALE,NO
House2426-12778-FEMALE,NO
House4423-12462-MALE,NO
House775-12825-FEMALE,NO
House4567-14757-MALE,YES
House638-601-FEMALE,NO
House2027-2027-FEMALE,NO
House6019-14109-FEMALE,YES
House1196-1168-MALE,NO
House5242-5215-FEMALE,NO
House6019-12661-FEMALE,NO
House1717-12686-MALE,NO
House525-14619-MALE,NO
House4239-4190-MALE,NO
House2755-9258-FEMALE,NO
House5289-5268-MALE,YES
House2190-10735-MALE,NO
House3376-8469-MALE,NO
House142-125-FEMALE,NO
House379-14291-MALE,NO
House2992-13868-FEMALE,NO
House4547-13479-MALE,YES
House1929-1927-FEMALE,NO
House2298-14052-FEMALE,NO
House4282-4241-FEMALE,YES
House1825-15106-MALE,NO
House3711-7159-FEMALE,NO
House2724-12897-FEMALE,NO
House958-11275-MALE,NO
House6019-12049-FEMALE,NO
House1601-11881-MALE,NO
House4948-13169-FEMALE,YES
House5601-11369-FEMALE,NO
House3271-9002-MALE,NO
House86-9122-FEMALE,NO
House3973-3933-FEMALE,NO
House622-8530-FEMALE,NO
House5516-10212-FEMALE,YES
House4594-9141-FEMALE,NO
House4147-4104-MALE,NO
House487-7043-MALE,YES
House722-9398-MALE,YES
House1874-9185-MALE,NO
House4020-3979-FEMALE,NO
House2706-13020-MALE,NO
House671-10481-FEMALE,NO
House720-9694-MALE,NO
House836-821-FEMALE,YES
House1636-7746-MALE,YES
House3965-9983-FEMALE,NO
House648-8173-FEMALE,NO
House4457-12907-FEMALE,NO
House6019-13952-FEMALE,YES
House1884-9385-FEMALE,NO
House730-11634-MALE,YES
House1515-7663-FEMALE,NO
House6019-15415-FEMALE,YES
House4356-11296-MALE,YES
House896-885-FEMALE,NO
House3135-11991-FEMALE,YES
House1409-13529-FEMALE,YES
House3148-3111-FEMALE,NO
House5597-8730-MALE,YES
House3827-3782-MALE,NO
House2497-8898-FEMALE,NO
House1451-11116-MALE,NO
House1835-10077-FEMALE,NO
House2672-13543-MALE,NO
House726-10632-FEMALE,NO
House4856-13909-MALE,YES
House3216-13136-MALE,NO
House5838-5819-FEMALE,NO
House4128-14847-FEMALE,YES
House3850-9758-MALE,NO
House5244-11077-MALE,NO
House6019-13206-FEMALE,NO
House1897-1885-FEMALE,YES
House67-11933-FEMALE,NO
House1540-13145-MALE,YES
House3354-13029-FEMALE,NO
House2139-2147-FEMALE,NO
House938-14491-FEMALE,NO
House918-12277-MALE,NO
House2865-10615-FEMALE,NO
House756-734-MALE,NO
House2183-11081-MALE,NO
House1445-11109-FEMALE,NO
House5111-5070-MALE,NO
House2591-12715-FEMALE,NO
House3014-10346-MALE,NO
House2804-2795-FEMALE,NO
House6019-13267-FEMALE,YES
House2045-15409-MALE,YES
House1335-1310-MALE,NO
House910-893-FEMALE,NO
House1231-14156-MALE,YES
House4772-12943-FEMALE,NO
House2668-14609-MALE,YES
House2392-13119-MALE,NO
House2977-11917-FEMALE,NO
House5117-14134-FEMALE,YES
House3280-9914-MALE,NO
House2419-2437-FEMALE,NO
House6019-13429-FEMALE,NO
House1549-12051-FEMALE,NO
House3932-3891-FEMALE,NO
House4968-11593-FEMALE,NO
House1232-9051-FEMALE,NO
House1037-12985-MALE,NO
House308-11367-FEMALE,NO
House1230-10597-MALE,YES
House1727-7329-MALE,NO
House39-31-FEMALE,NO
House1675-14218-FEMALE,YES
House1749-8170-FEMALE,NO
House2338-12165-MALE,NO
House2166-12071-MALE,NO
House271-11540-FEMALE,NO
House2203-10722-MALE,NO
House3664-10554-MALE,NO
House1559-7119-MALE,NO
House4879-11891-FEMALE,YES
House6010-5993-FEMALE,NO
House1788-13017-MALE,NO
House3432-12324-MALE,NO
House278-12502-MALE,NO
House1376-11569-FEMALE,NO
House3450-10826-MALE,NO
House5494-5486-MALE,NO
House2739-11790-MALE,NO
House2251-2271-FEMALE,NO
House1628-1616-MALE,NO
House3191-11703-MALE,NO
House4403-4368-MALE,NO
House6010-5992-MALE,NO
House3057-11249-FEMALE,YES
House2919-12293-MALE,NO
House1339-13489-MALE,YES
House1234-12327-FEMALE,NO
House375-8482-FEMALE,NO
House6019-13685-FEMALE,YES
House4572-9155-FEMALE,NO
House5653-9479-MALE,NO
House2953-13032-FEMALE,NO
House6019-12690-FEMALE,NO
House6019-11578-FEMALE,NO
House4629-15490-MALE,YES
House390-375-FEMALE,YES
House1678-11294-FEMALE,NO
House6019-14271-FEMALE,NO
House3364-3308-MALE,NO
House2071-2072-MALE,YES
House3142-12457-FEMALE,YES
House5083-5052-MALE,YES
House4201-4154-MALE,NO
House1455-9126-FEMALE,NO
House5354-5329-FEMALE,NO
House402-9476-MALE,NO
House3965-3922-MALE,NO
House996-11918-MALE,YES
House2293-10384-MALE,NO
House4835-4801-FEMALE,NO
House2239-13443-MALE,NO
House6019-7996-FEMALE,NO
House1909-11225-MALE,NO
House1920-10563-MALE,NO
House2824-12983-MALE,NO
House380-12899-FEMALE,NO
House1259-1243-FEMALE,NO
House5060-5033-FEMALE,NO
House2143-2151-FEMALE,NO
House642-9873-FEMALE,NO
House470-12498-MALE,NO
House6019-14087-FEMALE,YES
House2465-8426-MALE,NO
House1002-10965-FEMALE,NO
House5304-5289-FEMALE,NO
House2567-8747-MALE,NO
House693-9253-MALE,NO
House1862-11916-FEMALE,YES
House2068-13550-FEMALE,NO
House3275-3233-FEMALE,NO
House5399-5380-MALE,NO
House120-8569-MALE,YES
House3059-13216-MALE,YES
House5950-12200-MALE,NO
House3474-3424-MALE,NO
House1597-9657-FEMALE,NO
House3082-6606-FEMALE,NO
House67-13758-MALE,YES
House2451-2468-MALE,NO
House1241-1228-MALE,NO
House6019-14947-FEMALE,NO
House43-32-MALE,NO
House3405-14986-MALE,NO
House494-13359-FEMALE,NO
House3495-3443-FEMALE,NO
House2745-12471-FEMALE,NO
House3155-3121-FEMALE,NO
House5695-7049-MALE,NO
House4740-10040-MALE,YES
House5764-9174-FEMALE,NO
House1838-1835-FEMALE,NO
House2918-2917-FEMALE,NO
House221-13194-MALE,NO
House3376-8729-FEMALE,NO
House2930-8159-FEMALE,NO
House2281-2295-FEMALE,NO
House3390-3339-FEMALE,YES
House127-113-FEMALE,NO
House4039-9129-MALE,NO
House4038-13227-FEMALE,YES
House2065-13862-MALE,NO
House461-432-MALE,NO
House6019-10816-FEMALE,NO
House4494-11495-MALE,YES
House336-11716-MALE,NO
House5988-5962-MALE,NO
House2001-13855-FEMALE,NO
House2084-8520-FEMALE,YES
House5668-11616-MALE,NO
House4537-4486-MALE,NO
House808-14983-FEMALE,YES
House2089-11585-FEMALE,NO
House3295-7569-FEMALE,NO
House2807-2800-MALE,NO
House4282-4240-MALE,NO
House127-12714-MALE,NO
House598-15500-MALE,YES
House1046-14808-FEMALE,YES
House2667-10166-FEMALE,NO
House3455-12781-FEMALE,YES
House3296-3256-MALE,YES
House1007-13421-MALE,YES
House3694-10389-FEMALE,NO
House6019-11546-FEMALE,NO
House346-13384-FEMALE,YES
House4244-4198-MALE,NO
House4836-13768-MALE,YES
House5972-7209-MALE,NO
House2259-11794-MALE,YES
House718-14135-FEMALE,NO
House4360-8973-FEMALE,NO
House4105-4063-FEMALE,NO
House4180-13431-MALE,NO
House2058-6443-MALE,YES
House3076-3054-MALE,NO
House3597-8856-FEMALE,NO
House2594-8338-MALE,NO
House1850-10105-FEMALE,NO
House4461-14721-MALE,YES
House5718-11500-FEMALE,NO
House39-14596-MALE,NO
House6019-12235-FEMALE,NO
House6019-11143-FEMALE,NO
House2465-8439-FEMALE,NO
House2776-13142-MALE,NO
House1519-6684-FEMALE,NO
House2812-9413-MALE,NO
House5369-5347-FEMALE,NO
House1858-12902-FEMALE,NO
House5746-8923-MALE,NO
House16-11530-MALE,NO
House2238-9239-FEMALE,NO
House78-64-MALE,NO
House948-7187-FEMALE,YES
House1982-10192-MALE,YES
House2955-2946-MALE,NO
House5720-11473-FEMALE,NO
House1903-15209-MALE,YES
House830-8532-MALE,NO
House62-50-MALE,NO
House6019-12915-FEMALE,YES
House4510-7631-MALE,NO
House4629-6245-FEMALE,NO
House4977-11282-MALE,NO
House2279-10762-FEMALE,NO
House1202-13589-MALE,YES
House6019-9788-FEMALE,NO
House3707-10329-MALE,NO
House4117-11242-MALE,NO
House5624-13926-FEMALE,NO
House179-11972-FEMALE,NO
House755-11155-MALE,NO
House1403-10725-MALE,NO
House973-6851-MALE,NO
House668-8302-FEMALE,NO
House5144-12937-MALE,NO
House3789-12927-MALE,YES
House1252-1238-MALE,YES
House984-11765-MALE,NO
House4887-13427-MALE,NO
House38-9075-FEMALE,NO
House3641-3586-MALE,NO
House5988-5963-FEMALE,NO
House3838-3796-MALE,NO
House6019-11912-FEMALE,NO
House350-336-MALE,NO
House6019-10721-FEMALE,NO
House2102-11886-MALE,NO
House1183-12269-MALE,NO
House5773-5758-MALE,NO
House1978-11205-MALE,NO
House4170-11475-FEMALE,NO
House2050-13413-FEMALE,YES
House3946-3905-FEMALE,NO
House4500-11252-FEMALE,NO
House4930-4903-FEMALE,YES
House6019-12068-FEMALE,NO
House3502-13652-FEMALE,YES
House2798-12240-MALE,NO
House2725-8183-FEMALE,NO
House2205-11601-MALE,NO
House1805-13302-FEMALE,NO
House3005-12110-MALE,NO
House4412-7308-FEMALE,NO
House1284-9492-FEMALE,YES
House3272-3228-MALE,NO
House1250-13260-MALE,NO
House2741-2744-MALE,NO
House1790-1794-MALE,NO
House2739-6355-FEMALE,NO
House3246-12345-MALE,NO
House89-15623-MALE,YES
House4130-14911-FEMALE,YES
House4901-4874-MALE,YES
House2336-9974-FEMALE,NO
House1565-12776-MALE,NO
House565-10407-FEMALE,NO
House6019-10613-FEMALE,NO
House216-14707-MALE,NO
House2011-8741-MALE,NO
House1713-13062-MALE,NO
House5804-10772-FEMALE,NO
House990-11231-MALE,NO
House714-12335-MALE,NO
House502-10561-MALE,NO
House1512-14506-FEMALE,YES
House697-666-MALE,NO
House2097-12702-MALE,YES
House6019-14333-FEMALE,NO
House5678-5667-FEMALE,NO
House1357-7832-MALE,NO
House2144-2153-FEMALE,NO
House5008-8359-FEMALE,NO
House4974-6448-MALE,YES
House2873-11295-FEMALE,NO
House3231-13650-FEMALE,YES
House1716-9423-FEMALE,YES
House1928-14764-MALE,YES
House4789-4755-FEMALE,NO
House724-11148-MALE,YES
House5297-7691-FEMALE,NO
House3535-3482-MALE,NO
House1043-1017-FEMALE,NO
House1646-9782-MALE,NO
House3668-13087-FEMALE,YES
House2412-14894-FEMALE,YES
House2307-11735-FEMALE,NO
House706-13655-MALE,NO
House1152-12682-MALE,NO
House5253-13159-MALE,NO
House4376-14588-MALE,YES
House1452-9828-FEMALE,NO
House5464-13549-MALE,YES
House2671-13353-MALE,YES
House6019-7476-FEMALE,NO
House3461-12473-MALE,NO
House1806-11289-MALE,NO
House3671-8833-MALE,YES
House208-190-MALE,NO
House2455-2475-FEMALE,NO
House3949-11592-MALE,NO
House44-10926-MALE,NO
House5055-5028-MALE,YES
House808-13695-MALE,NO
House4887-14934-FEMALE,YES
House3651-10409-MALE,NO
House1763-10911-MALE,NO
House3039-6335-MALE,NO
House499-12414-MALE,NO
House6019-11895-FEMALE,NO
House2546-13545-MALE,NO
House2394-2415-FEMALE,NO
House2272-14077-MALE,YES
House1390-10451-FEMALE,NO
House5043-5019-FEMALE,NO
House2184-13122-FEMALE,NO
House3704-3647-FEMALE,NO
House1867-11814-MALE,NO
House2957-11039-FEMALE,NO
House2635-10976-FEMALE,NO
House6019-12481-FEMALE,NO
House248-12953-MALE,YES
House421-402-MALE,NO
House4593-6337-FEMALE,NO
House3836-11803-FEMALE,NO
House4120-11076-MALE,NO
House116-12175-MALE,NO
House4374-10279-MALE,NO
House4888-14351-MALE,YES
House1061-7964-MALE,NO
House709-11121-MALE,YES
House292-262-MALE,NO
House5653-10444-FEMALE,NO
House1167-12603-MALE,YES
House4977-11058-FEMALE,NO
House1951-9792-FEMALE,YES
House5711-5702-MALE,NO
House5186-5156-MALE,NO
House3288-12565-MALE,NO
House707-13887-MALE,NO
House5678-15248-MALE,YES
House4812-6828-MALE,NO
House4708-4680-MALE,YES
House1308-1285-FEMALE,NO
House4514-4472-MALE,NO
House2068-12713-MALE,NO
House3959-3917-FEMALE,YES
House1119-7620-FEMALE,NO
House5049-5023-FEMALE,NO
House5308-12315-FEMALE,NO
House2303-12592-MALE,NO
House5833-11453-FEMALE,YES
House2191-7677-MALE,NO
House2856-13461-MALE,NO
House5297-8780-MALE,NO
House260-241-FEMALE,NO
House2529-2543-FEMALE,NO
House5631-11465-MALE,NO
House2100-2111-FEMALE,NO
House4484-7206-MALE,NO
House1024-12582-FEMALE,YES
House2554-11518-FEMALE,NO
House5873-7359-FEMALE,NO
House1929-1926-MALE,NO
House4788-10992-MALE,NO
House5419-9572-FEMALE,NO
House2967-12374-FEMALE,YES
House1330-10653-FEMALE,NO
House560-12883-MALE,NO
House2957-11053-MALE,YES
House3755-12379-MALE,NO
House2901-10334-MALE,YES
House6001-5978-MALE,NO
House1388-13364-MALE,NO
House1269-11337-MALE,NO
House477-12404-MALE,YES
House2147-12132-MALE,NO
House2989-13288-MALE,NO
House1301-14767-FEMALE,NO
House2607-11166-MALE,NO
House860-11193-MALE,NO
House947-13994-FEMALE,YES
House988-12468-MALE,YES
House697-667-FEMALE,NO
House3842-12829-MALE,NO
House4260-11785-MALE,NO
House1694-10371-MALE,NO
House2002-12556-MALE,NO
House1242-11638-FEMALE,YES
House682-9455-MALE,NO
House2644-11786-MALE,NO
House1132-10216-FEMALE,YES
House275-247-FEMALE,NO
House1393-11227-FEMALE,NO
House84-12262-FEMALE,NO
House4152-4112-MALE,YES
House2499-8417-FEMALE,NO
House5301-9140-MALE,NO
House303-9610-FEMALE,NO
House3595-14932-MALE,YES
House999-13893-FEMALE,NO
House2056-8863-FEMALE,NO
House748-6933-FEMALE,NO
House4998-11589-MALE,NO
House4644-12981-MALE,NO
House318-12296-MALE,NO
House3675-11051-MALE,NO
House6019-14204-FEMALE,NO
House5077-5044-MALE,NO
House1743-14552-MALE,YES
House6019-14925-FEMALE,YES
House256-11743-MALE,NO
House5347-5322-MALE,NO
House4196-6830-FEMALE,NO
House6002-5980-MALE,NO
House2470-2493-FEMALE,NO
House1541-10997-MALE,NO
House1260-14775-MALE,YES
House2865-11217-MALE,NO
House3694-9599-MALE,NO
House5056-10477-FEMALE,NO
House1664-12435-MALE,NO
House407-11083-MALE,NO
House6019-12998-FEMALE,NO
House2827-11449-MALE,NO
House2554-12658-MALE,NO
House3787-11067-MALE,NO
House1365-9016-FEMALE,NO
House1178-14892-MALE,NO
House78-65-FEMALE,NO
House2888-12416-MALE,NO
House4827-4798-MALE,NO
House2917-8948-FEMALE,NO
House1635-13070-FEMALE,NO
House512-489-FEMALE,NO
House2454-11649-FEMALE,NO
House3502-15233-MALE,YES
House2325-10009-FEMALE,NO
House3607-6598-MALE,NO
House709-14674-FEMALE,YES
House1065-12586-FEMALE,NO
House1442-1431-FEMALE,NO
House3755-12812-FEMALE,NO
House1004-12075-MALE,NO
House2537-2555-FEMALE,NO
House2777-11156-MALE,NO
House4737-12354-MALE,NO
House4037-3996-MALE,NO
House5451-10218-FEMALE,NO
House4874-4849-FEMALE,NO
House1207-10905-FEMALE,NO
House4995-4969-FEMALE,NO
House1055-7886-FEMALE,NO
House4444-7784-MALE,NO
House2045-8604-FEMALE,NO
House1567-11769-FEMALE,NO
House3910-12019-MALE,NO
House5285-14265-MALE,NO
House5835-8412-MALE,NO
House1200-14834-MALE,YES
House2732-2732-MALE,NO
House5991-5966-MALE,NO
House5975-10280-MALE,NO
House2681-9227-MALE,NO
House1523-13321-FEMALE,NO
House226-11372-FEMALE,NO
House1901-13523-MALE,NO
House4074-9638-FEMALE,YES
House2343-13274-MALE,YES
House5096-13604-FEMALE,NO
House981-11144-MALE,NO
House980-8454-FEMALE,NO
House1176-9699-FEMALE,NO
House1278-10016-MALE,NO
House2455-2474-MALE,NO
House1531-1513-FEMALE,NO
House2481-2503-FEMALE,NO
House975-9663-FEMALE,NO
House2358-15063-MALE,NO
House1685-7492-FEMALE,NO
House1475-9535-FEMALE,NO
House5537-5531-FEMALE,NO
House6019-11682-FEMALE,NO
House2769-2767-FEMALE,NO
House1284-1260-MALE,NO
House1597-9007-MALE,NO
House742-723-FEMALE,NO
House4720-4695-FEMALE,NO
House518-13560-FEMALE,NO
House3604-11210-FEMALE,NO
House6019-11827-FEMALE,NO
House5154-12138-MALE,NO
House3742-13606-FEMALE,NO
House875-6266-FEMALE,NO
House2541-10186-MALE,NO
House1460-11685-MALE,NO
House1137-12247-MALE,NO
House725-705-FEMALE,NO
House5611-5602-MALE,NO
House2787-2780-MALE,NO
House326-11496-FEMALE,NO
House1943-1941-FEMALE,NO
House657-10410-MALE,NO
House378-11293-MALE,NO
House1931-1929-FEMALE,NO
House98-6482-FEMALE,NO
House5562-8711-MALE,YES
House1325-8749-FEMALE,NO
House2572-11605-MALE,NO
House2371-10076-MALE,NO
House6019-13104-FEMALE,NO
House6019-6177-FEMALE,NO
House595-14162-MALE,NO
House946-15062-MALE,YES
House2470-12614-MALE,NO
House2999-12052-MALE,NO
House2929-2923-FEMALE,NO
House3006-2997-FEMALE,NO
House4076-4034-MALE,NO
House2593-10206-MALE,NO
House4762-6824-FEMALE,YES
House2492-11352-MALE,YES
House6019-12862-FEMALE,YES
House5681-5671-FEMALE,NO
House1125-6934-MALE,YES
House5964-12529-FEMALE,NO
House2013-2006-MALE,NO
House2456-14381-FEMALE,NO
House5825-5806-MALE,NO
House240-223-FEMALE,NO
House2477-2500-MALE,NO
House732-12989-MALE,NO
House893-9579-MALE,YES
House1757-11792-MALE,NO
House5126-9354-FEMALE,NO
House2809-13202-MALE,NO
House3856-10707-MALE,NO
House306-15660-MALE,YES
House670-12802-FEMALE,NO
House5893-9602-MALE,NO
House4641-4606-MALE,NO
House4156-4116-MALE,NO
House4788-4753-FEMALE,NO
House1750-1745-FEMALE,YES
House5175-5145-FEMALE,NO
House2702-13528-FEMALE,NO
House1964-10571-FEMALE,NO
House2982-12550-FEMALE,NO
House1531-1512-MALE,YES
House997-973-FEMALE,NO
House345-13649-FEMALE,NO
House4098-4054-MALE,YES
House891-12042-FEMALE,NO
House1862-13203-MALE,NO
House1595-13161-MALE,NO
House6019-15376-FEMALE,NO
House2179-12124-FEMALE,NO
House5443-5429-FEMALE,NO
House1749-1742-MALE,NO
House71-9113-MALE,NO
House264-12444-MALE,NO
House621-10116-MALE,NO
House3572-15136-MALE,YES
House2685-11706-MALE,NO
House1144-10766-MALE,NO
House4470-4441-FEMALE,YES
House1960-7135-MALE,NO
House1759-10572-FEMALE,NO
House923-908-MALE,NO
House1560-14168-MALE,NO
House2472-14310-MALE,NO
House1299-12818-MALE,NO
House5120-6827-MALE,NO
House4516-4474-MALE,NO
House6019-11829-FEMALE,NO
House254-12647-FEMALE,NO
House5201-5175-FEMALE,YES
House6019-10775-FEMALE,NO
House3820-3772-MALE,NO
House1431-12417-FEMALE,NO
House193-10149-MALE,NO
House4391-4358-MALE,NO
House6019-7554-FEMALE,NO
House3807-3759-FEMALE,NO
House4286-4242-MALE,NO
House6019-12393-FEMALE,NO
House644-11423-MALE,YES
House71-55-FEMALE,NO
House3383-7898-MALE,NO
House302-12033-MALE,NO
House694-7871-FEMALE,NO
House5991-14067-FEMALE,NO
House3042-7484-FEMALE,NO
House2152-11327-MALE,NO
House5705-7085-FEMALE,NO
House641-10179-MALE,NO
House569-538-MALE,NO
House4165-4124-MALE,NO
House2674-10022-MALE,NO
House4842-7916-MALE,YES
House359-7514-FEMALE,NO
House4703-4670-MALE,NO
House6019-11770-FEMALE,NO
House2926-10865-MALE,NO
House329-11112-MALE,NO
House3085-3061-FEMALE,NO
House1216-10023-MALE,NO
House970-13544-MALE,YES
House1970-9982-MALE,NO
House4184-8912-MALE,NO
House6019-11828-FEMALE,NO
House6019-15495-FEMALE,NO
House1028-1000-MALE,NO
House1004-12667-FEMALE,NO
House2234-2255-FEMALE,YES
House2662-12845-MALE,YES
House1068-1041-FEMALE,NO
House523-14405-FEMALE,NO
House238-9580-FEMALE,YES
House5873-12799-MALE,NO
House2597-13098-MALE,NO
House743-7829-FEMALE,NO
House1965-1959-FEMALE,NO
House2139-12108-MALE,NO
House6019-12323-FEMALE,NO
House5945-12234-MALE,NO
House50-9299-FEMALE,YES
House2184-10127-MALE,NO
House4593-6322-MALE,NO
House1307-14113-FEMALE,NO
House2147-11711-FEMALE,NO
House2905-11959-MALE,NO
House4096-13835-MALE,NO
House5700-10711-MALE,NO
House1051-12057-FEMALE,YES
House3416-9142-MALE,NO
House256-12307-FEMALE,NO
House5863-14136-MALE,NO
House489-12910-MALE,NO
House1656-13791-FEMALE,YES
House2471-11458-MALE,NO
House590-10141-MALE,NO
House6019-11455-FEMALE,NO
House183-12455-MALE,NO
House3704-11714-MALE,NO
House1493-12717-MALE,NO
House123-10589-MALE,YES
House3306-15630-MALE,YES
House5681-5670-MALE,NO
House1120-1090-MALE,NO
House2926-12581-FEMALE,NO
House1335-1311-FEMALE,NO
House4534-11562-MALE,NO
House2902-10469-FEMALE,YES
House5673-10235-MALE,YES
House3908-10208-FEMALE,NO
House1087-10131-FEMALE,NO
House2456-10818-MALE,NO
House4083-14213-MALE,NO
House2527-13642-MALE,NO
House5802-11737-FEMALE,NO
House4888-4861-FEMALE,YES
House3356-6251-FEMALE,YES
House302-11842-FEMALE,NO
House2495-13298-MALE,NO
House1625-13301-FEMALE,YES
House3885-8999-FEMALE,YES
House5393-5373-FEMALE,NO
House2380-2395-FEMALE,NO
House1151-1117-FEMALE,NO
House4320-12477-MALE,NO
House1464-13513-FEMALE,NO
House784-13504-MALE,YES
House875-862-MALE,NO
House406-391-FEMALE,NO
House5547-11052-MALE,NO
House6019-9525-FEMALE,NO
House4379-14404-MALE,YES
House4203-6332-FEMALE,NO
House2906-2902-MALE,NO
House1886-14905-MALE,YES
House4997-9440-FEMALE,NO
House5886-5862-MALE,NO
House657-623-FEMALE,NO
House1090-13749-MALE,NO
House2032-2033-FEMALE,NO
House2467-7204-FEMALE,NO
House2593-9321-FEMALE,NO
House1020-9800-FEMALE,YES
House1292-14401-MALE,YES
House2152-11555-FEMALE,NO
House533-13175-MALE,NO
House310-288-MALE,YES
House3035-8175-MALE,NO
House1832-13340-MALE,YES
House1080-14066-MALE,YES
House2599-8596-MALE,NO
House2439-13362-FEMALE,NO
House1910-1905-FEMALE,NO
House976-14194-FEMALE,YES
House4955-4931-FEMALE,NO
House1723-10957-MALE,NO
House792-11406-FEMALE,NO
House5895-13324-MALE,NO
House796-13100-MALE,YES
House2304-10307-MALE,NO
House2517-2534-MALE,NO
House3921-3881-FEMALE,NO
House2524-2540-MALE,NO
House912-11158-FEMALE,NO
House35-9734-MALE,NO
House550-11885-MALE,NO
House5090-10057-MALE,NO
House1106-1079-FEMALE,YES
House1497-6885-FEMALE,NO
House2826-14302-FEMALE,NO
House1110-12121-MALE,NO
House5126-9120-MALE,YES
House6019-12195-FEMALE,NO
House4045-4004-MALE,NO
House5975-9341-FEMALE,NO
House4492-10671-FEMALE,NO
House3959-3916-MALE,NO
House240-14966-MALE,NO
House2111-2125-FEMALE,NO
House4203-6389-MALE,NO
House3451-9591-MALE,NO
House1633-10614-MALE,NO
House3955-12966-FEMALE,NO
House4842-14995-FEMALE,YES
House4797-9139-MALE,NO
House1175-11678-MALE,NO
House3385-3333-FEMALE,NO
House2349-11099-MALE,NO
House6002-6290-FEMALE,NO
House2356-11179-MALE,NO
House4419-4383-FEMALE,NO
House6019-13989-FEMALE,NO
House2180-12619-FEMALE,NO
House922-12767-MALE,NO
House1257-12046-MALE,NO
House1897-14073-MALE,YES
House3946-3904-MALE,NO
House4476-4444-MALE,NO
House1735-6811-MALE,NO
House1475-9633-MALE,NO
House5832-9089-MALE,NO
House3276-13772-MALE,YES
House2002-11105-FEMALE,YES
House3520-3469-FEMALE,NO
House61-9586-FEMALE,NO
House4523-7586-FEMALE,NO
House3325-3274-MALE,NO
House4989-10733-MALE,NO
House3996-3953-FEMALE,NO
House427-11754-MALE,NO
House4985-4959-FEMALE,NO
House1389-15400-FEMALE,YES
House1343-1321-FEMALE,NO
House186-167-FEMALE,NO
House431-10696-MALE,NO
House5018-4990-MALE,NO
House2056-8853-MALE,NO
House1993-11332-MALE,NO
House5642-5622-MALE,NO
House2486-11521-MALE,NO
House846-9738-MALE,YES
House852-6226-FEMALE,NO
House910-13224-MALE,NO
House4089-4044-MALE,NO
House3594-3545-FEMALE,NO
House3727-3669-FEMALE,NO
House6019-10942-FEMALE,NO
House4643-8580-MALE,NO
House3955-14774-MALE,YES
House2689-2704-MALE,NO
House28-12952-FEMALE,NO
House2703-8080-FEMALE,NO
House1726-1723-FEMALE,NO
House2311-14649-FEMALE,YES
House1651-14026-MALE,NO
House587-555-FEMALE,NO
House1943-9225-MALE,NO
House2108-12047-MALE,NO
House5491-10757-FEMALE,NO
House1286-7836-MALE,NO
House2271-8810-MALE,NO
House2581-6818-FEMALE,NO
House145-129-FEMALE,NO
House2367-10925-MALE,NO
House4793-13900-FEMALE,NO
House3746-12153-FEMALE,NO
House260-240-MALE,NO
House673-12974-FEMALE,NO
House2627-2636-MALE,NO
House3354-13085-MALE,NO
House2631-2643-FEMALE,NO
House1294-1269-FEMALE,NO
House1858-14984-MALE,YES
House6019-12734-FEMALE,YES
House6019-11366-FEMALE,NO
House3814-3764-MALE,NO
House2898-10086-MALE,NO
House5923-5908-MALE,YES
House948-11595-MALE,YES
House1171-13412-MALE,NO
House435-13154-MALE,NO
House1068-9762-MALE,NO
House1832-15085-FEMALE,NO
House6019-6185-FEMALE,NO
House351-12562-MALE,YES
House718-12835-MALE,NO
House6019-12484-FEMALE,NO
House1038-1010-MALE,YES
House9-9-FEMALE,NO
House761-740-MALE,NO
House2212-12783-MALE,NO
House2061-13358-MALE,NO
House3006-12091-MALE,NO
House3375-12446-MALE,NO
House6019-6513-FEMALE,NO
House2437-12192-MALE,NO
House1387-15528-MALE,YES
House6019-14259-FEMALE,NO
House4897-4871-FEMALE,NO
House410-11857-MALE,NO
House2531-12536-MALE,NO
House3111-10540-FEMALE,NO
House1573-12017-FEMALE,NO
House2066-14006-MALE,NO
House4608-12990-MALE,NO
House4265-11598-FEMALE,NO
House5176-13270-FEMALE,NO
House4125-8290-MALE,NO
House2292-11705-FEMALE,NO
House4534-14442-FEMALE,YES
House670-12774-MALE,NO
House4955-16013-MALE,YES
House1955-12080-MALE,NO
House2281-9332-MALE,NO
House5863-13700-FEMALE,NO
House1204-9646-MALE,NO
House5175-5144-MALE,NO
House5187-6898-MALE,NO
House1790-1795-FEMALE,NO
House1487-1467-FEMALE,NO
House2979-6287-FEMALE,YES
House5544-12789-MALE,NO
House2496-9316-MALE,NO
House3941-3898-MALE,YES
House2328-13027-MALE,NO
House915-8529-MALE,NO
House3554-10954-MALE,NO
House4146-12620-MALE,NO
House371-14832-MALE,NO
House5855-5836-MALE,NO
House213-15991-FEMALE,YES
House2517-13269-FEMALE,NO
House1048-1023-FEMALE,NO
House3595-15077-FEMALE,NO
House1955-14250-FEMALE,YES
House3788-11388-FEMALE,NO
House2976-2965-FEMALE,NO
House2642-12369-MALE,YES
House1160-7840-MALE,NO
House5454-5440-MALE,NO
House3047-7539-MALE,NO
House254-12680-MALE,NO
House4024-3986-MALE,NO
House2641-12894-FEMALE,NO
House686-8964-MALE,NO
House701-672-MALE,NO
House4838-12102-FEMALE,NO
House5411-11793-MALE,NO
House1250-13699-FEMALE,NO
House1036-1006-MALE,NO
House2440-9806-MALE,NO
House2297-13240-FEMALE,YES
House3860-7415-FEMALE,NO
House2661-12634-MALE,NO
House5120-6617-FEMALE,NO
House1405-13961-MALE,NO
House2609-11695-MALE,YES
House2592-8415-MALE,NO
House2371-10802-FEMALE,NO
House2712-11118-MALE,NO
House2308-2323-FEMALE,NO
House4797-13295-FEMALE,NO
House3663-8466-MALE,NO
House649-12055-FEMALE,NO
House6019-12205-FEMALE,NO
House1242-10892-MALE,NO
House5473-9844-FEMALE,NO
House4816-7375-MALE,NO
House250-13334-FEMALE,YES
House2116-14555-MALE,NO
House5640-12394-FEMALE,NO
House5660-14846-FEMALE,YES
House394-378-MALE,NO
House2076-13897-MALE,NO
House1180-11898-FEMALE,NO
House1390-10463-MALE,NO
House618-8551-MALE,NO
House3949-6952-FEMALE,NO
House1441-13503-MALE,NO
House3156-12136-MALE,NO
House1894-7685-FEMALE,YES
House3353-14241-FEMALE,YES
House4688-9186-MALE,NO
House3599-3547-FEMALE,NO
House534-509-FEMALE,NO
House1407-9797-FEMALE,NO
House5256-12445-MALE,NO
House5461-5445-FEMALE,NO
House2903-2898-MALE,NO
House1245-13478-MALE,NO
House6019-13520-FEMALE,YES
House3356-7725-MALE,YES
House1939-10237-FEMALE,NO
House1642-13707-MALE,NO
House2412-13245-MALE,NO
House2379-9938-FEMALE,YES
House1948-9498-MALE,NO
House899-6896-FEMALE,YES
House571-12593-MALE,NO
House5792-14307-MALE,YES
House797-14563-FEMALE,YES
House1111-10132-MALE,NO
House1246-10190-MALE,YES
House1371-7706-MALE,YES
House2526-10428-MALE,NO
House1693-11894-FEMALE,NO
House328-11723-MALE,NO
House1364-1345-FEMALE,NO
House370-8361-MALE,NO
House6019-9652-FEMALE,NO
House142-10372-MALE,NO
House1712-10511-MALE,NO
House237-9175-FEMALE,NO
House1257-12224-FEMALE,YES
House1956-1950-MALE,NO
House399-13451-MALE,NO
House5353-9469-MALE,NO
House2726-9954-FEMALE,NO
House1485-11922-MALE,NO
House6019-10544-FEMALE,NO
House1146-1110-MALE,NO
House1515-12250-MALE,NO
House1464-12997-MALE,NO
House3500-3445-FEMALE,NO
House5029-9348-FEMALE,NO
House3877-3833-FEMALE,YES
House403-10657-FEMALE,YES
House2697-11292-FEMALE,NO
House2339-11110-MALE,NO
House6019-10485-FEMALE,NO
House33-8550-FEMALE,NO
House2230-10800-MALE,NO
House1578-10960-FEMALE,NO
House2964-10981-MALE,NO
House2640-13872-MALE,NO
House3295-7609-MALE,NO
House3765-9454-FEMALE,NO
House107-6306-FEMALE,NO
House2047-2048-MALE,NO
House5399-7751-FEMALE,NO
House91-11900-MALE,NO
House1076-14019-MALE,YES
House1175-14992-FEMALE,YES
House962-13596-MALE,NO
House760-11964-FEMALE,NO
House1743-14876-FEMALE,YES
House2102-10053-FEMALE,NO
House2284-12266-FEMALE,NO
House6019-13729-FEMALE,YES
House782-765-FEMALE,NO
House997-10560-MALE,NO
House785-9759-MALE,NO
House2565-12292-MALE,NO
House2722-9153-MALE,NO
House266-8588-MALE,NO
House3111-3082-MALE,YES
House1160-6462-FEMALE,NO
House2197-12419-FEMALE,YES
House1880-1867-FEMALE,NO
House1212-10969-MALE,NO
House119-12935-MALE,NO
House3158-3125-FEMALE,YES
House155-7749-FEMALE,NO
House2050-11031-MALE,NO
House2320-2337-FEMALE,NO
House604-571-FEMALE,NO
House571-12330-FEMALE,NO
House428-12460-MALE,NO
House2780-2774-MALE,NO
House2913-12571-MALE,NO
House2309-2325-FEMALE,NO
House5680-8208-FEMALE,NO
House867-853-FEMALE,YES
House2894-13842-MALE,YES
House2391-7016-FEMALE,NO
House5522-5515-FEMALE,YES
House6019-13987-FEMALE,NO
House3647-3590-MALE,NO
House4373-6280-MALE,NO
House3747-12236-MALE,NO
House4547-4495-FEMALE,NO
House1374-1355-FEMALE,NO
House3135-11214-MALE,NO
House4746-13751-MALE,NO
House1802-14568-MALE,NO
House3886-3843-FEMALE,NO
House3418-13174-MALE,NO
House3836-13980-MALE,NO
House5706-5697-FEMALE,NO
House1577-14280-MALE,NO
House3366-8589-MALE,YES
House33-9086-MALE,NO
House4641-6423-FEMALE,NO
House4544-11958-MALE,NO
House3230-11940-MALE,NO
House2123-13668-MALE,NO
House1421-10687-MALE,NO
House5621-5611-FEMALE,YES
House4419-8782-MALE,NO
House5726-6928-MALE,NO
House3205-3156-MALE,YES
House1894-11386-MALE,NO
House676-8122-MALE,NO
House1215-11276-FEMALE,NO
House1848-15551-MALE,YES
House1686-11556-FEMALE,NO
House5174-5142-MALE,NO
House2782-10419-MALE,NO
House1569-14110-FEMALE,YES
House961-10430-FEMALE,NO
House366-11661-FEMALE,NO
House967-10332-MALE,NO
House1325-1302-MALE,NO
House5381-5363-FEMALE,NO
House5805-13742-MALE,NO
House1452-12259-MALE,NO
House5473-13399-MALE,NO
House4781-12222-FEMALE,YES
House1192-11571-MALE,NO
House1608-12822-MALE,NO
House5538-5532-MALE,NO
House4156-4117-FEMALE,NO
House4030-13013-FEMALE,YES
House363-11915-MALE,NO
House5629-8943-MALE,NO
House4624-12237-MALE,NO
House5038-5010-MALE,NO
House259-238-MALE,NO
House2078-11381-FEMALE,NO
House1149-13895-MALE,YES
House4611-13583-FEMALE,NO
House4644-13646-FEMALE,YES
House11-12826-MALE,NO
House1657-1649-FEMALE,NO
House319-299-FEMALE,YES
House6019-10726-FEMALE,NO
House3742-12350-MALE,NO
House2341-12160-FEMALE,NO
House4883-9685-FEMALE,NO
House1825-10853-FEMALE,NO
House3179-8003-FEMALE,NO
House1610-9659-FEMALE,NO
House2949-10803-FEMALE,YES
House880-867-FEMALE,NO
House6019-13537-FEMALE,NO
House2789-10699-MALE,NO
House220-201-FEMALE,NO
House6019-14978-FEMALE,NO
House251-6812-MALE,NO
House1950-11071-FEMALE,YES
House1203-15848-MALE,YES
House3675-11788-FEMALE,NO
House1826-13061-MALE,NO
House1492-12465-MALE,YES
House5908-5889-FEMALE,NO
House366-12486-MALE,NO
House5621-5610-MALE,NO
House2089-10508-MALE,NO
House760-11145-MALE,NO
House5224-12290-FEMALE,YES
House812-12176-MALE,NO
House660-11939-MALE,NO
House1839-14860-MALE,NO
House56-8607-MALE,NO
House1902-11408-MALE,NO
House2659-11825-FEMALE,NO
House3713-7462-FEMALE,NO
House5732-9879-MALE,NO
House1962-10300-FEMALE,NO
House2850-10328-MALE,NO
House2912-15366-MALE,NO
House3448-3396-MALE,NO
House1189-7130-MALE,NO
House1001-12129-FEMALE,NO
House883-873-FEMALE,NO
House1911-9333-FEMALE,NO
House5293-5273-FEMALE,NO
House3491-8734-FEMALE,NO
House4009-3967-FEMALE,YES
House2295-2303-FEMALE,NO
House187-12287-MALE,NO
House6019-12513-FEMALE,NO
House4965-4945-FEMALE,NO
House2127-11387-FEMALE,NO
House2295-9959-MALE,NO
House2684-2699-FEMALE,NO
House6019-11433-FEMALE,NO
House4722-13579-FEMALE,YES
House827-12487-MALE,NO
House846-9288-FEMALE,NO
House3005-12284-FEMALE,NO
House76-61-FEMALE,NO
House5495-14475-MALE,YES
House2434-10256-FEMALE,NO
House4751-12971-FEMALE,NO
House6019-13415-FEMALE,NO
House6019-13319-FEMALE,NO
House2988-7895-FEMALE,NO
House1417-1403-FEMALE,NO
House1333-14737-MALE,NO
House86-13472-MALE,NO
House1539-1525-FEMALE,YES
House1486-11806-MALE,NO
House2569-13275-FEMALE,NO
House6019-14039-FEMALE,NO
House2962-14736-MALE,YES
House5665-10274-FEMALE,NO
House691-15893-MALE,YES
House554-6759-MALE,YES
House940-14344-FEMALE,YES
House5756-5742-MALE,YES
House580-548-MALE,NO
House1500-7961-MALE,NO
House5902-11341-MALE,NO
House1789-12824-MALE,NO
House2777-13849-FEMALE,NO
House3148-12104-MALE,NO
House1329-13012-MALE,NO
House309-9130-FEMALE,NO
House5020-4994-MALE,NO
House4463-11427-FEMALE,YES
House648-9666-MALE,NO
House2738-2738-MALE,YES
House1757-1753-FEMALE,NO
House923-909-FEMALE,NO
House3495-14709-MALE,NO
House3555-11757-MALE,NO
House3277-13135-MALE,NO
House5226-13346-MALE,YES
House4165-8063-FEMALE,NO
House2549-15327-MALE,YES
House1461-9784-MALE,NO
House6019-11653-FEMALE,NO
House5381-6275-MALE,NO
House6019-8889-FEMALE,NO
House5617-5606-MALE,NO
House3903-11860-MALE,NO
House195-12670-MALE,NO
House6019-9464-FEMALE,NO
House4346-4308-MALE,YES
House1436-1419-FEMALE,NO
House1255-1240-MALE,YES
House6019-13276-FEMALE,NO
House2303-14359-FEMALE,NO
House4207-9394-MALE,NO
House427-11914-FEMALE,NO
House2616-13940-FEMALE,YES
House5179-13883-FEMALE,NO
House6019-10910-FEMALE,NO
House23-13628-FEMALE,NO
House153-12199-FEMALE,NO
House5599-8110-MALE,NO
House3998-3957-FEMALE,NO
House5815-8099-MALE,NO
House2507-9310-FEMALE,NO
House1473-1455-FEMALE,NO
House1307-13600-MALE,NO
House26-21-FEMALE,NO
House4332-4288-MALE,NO
House6019-11662-FEMALE,NO
House1939-11474-MALE,NO
House3747-12166-FEMALE,NO
House2275-13705-MALE,NO
House492-13894-MALE,NO
House2286-2298-MALE,NO
House4719-8177-FEMALE,NO
House672-11778-MALE,NO
House1857-14752-MALE,YES
House5492-5483-FEMALE,NO
House5557-10367-MALE,YES
House2182-13983-MALE,NO
House1065-13248-MALE,NO
House3123-12716-MALE,NO
House6019-13466-FEMALE,NO
House897-11553-MALE,NO
House6019-11322-FEMALE,NO
House2494-6353-FEMALE,NO
House4022-7873-FEMALE,NO
House2288-12302-MALE,NO
House2269-2278-MALE,NO
House4496-9214-FEMALE,NO
House2210-13265-FEMALE,NO
House2118-2129-FEMALE,YES
House6019-12348-FEMALE,NO
House1627-10129-MALE,NO
House6019-13794-FEMALE,NO
House3009-9964-MALE,NO
House72-13889-MALE,YES
House4152-7071-FEMALE,NO
House282-7709-MALE,NO
House1628-6425-FEMALE,NO
House736-11508-FEMALE,NO
House2718-12722-MALE,YES
House1614-14099-FEMALE,YES
House5059-10611-MALE,NO
House361-11872-MALE,NO
House3509-11007-FEMALE,NO
House2453-6336-MALE,NO
House1561-11657-FEMALE,NO
House2174-14208-MALE,YES
House1451-9274-FEMALE,YES
House3487-15119-MALE,NO
House4146-4103-FEMALE,NO
House856-841-FEMALE,NO
House2134-9829-MALE,NO
House1145-15940-MALE,YES
House1570-9233-MALE,YES
House1754-14617-MALE,NO
House2213-2236-MALE,NO
House637-11577-FEMALE,NO
House5414-8292-MALE,NO
House1750-1744-MALE,NO
House2663-2672-MALE,NO
House1620-10333-FEMALE,NO
House2012-2005-FEMALE,NO
House3728-12874-MALE,NO
House5396-13091-MALE,NO
House6019-14300-FEMALE,YES
House1545-12511-FEMALE,NO
House322-300-MALE,NO
House1912-1906-MALE,NO
House1746-1739-FEMALE,NO
House3506-3450-MALE,NO
House1226-11702-MALE,NO
House1503-11037-MALE,NO
House1455-9438-MALE,NO
House1211-8070-FEMALE,YES
House5083-5053-FEMALE,NO
House3272-7192-FEMALE,NO
House3174-3135-FEMALE,NO
House1951-10161-MALE,NO
House145-11192-MALE,YES
House834-816-MALE,NO
House1582-1566-MALE,NO
House158-8980-FEMALE,NO
House46-8383-FEMALE,YES
House863-14504-MALE,NO
House2186-6768-MALE,NO
House1176-9370-MALE,NO
House3980-9116-FEMALE,NO
House2672-13038-FEMALE,YES
House5378-5356-MALE,NO
House1449-11537-MALE,NO
House863-13406-FEMALE,NO
House5066-14526-MALE,NO
House85-10777-FEMALE,NO
House1393-10836-MALE,NO
House484-11807-FEMALE,NO
House2204-9244-MALE,NO
House1114-9015-FEMALE,NO
House2718-15072-FEMALE,YES
House5385-9619-MALE,YES
House2094-11998-MALE,NO
House5812-5795-FEMALE,NO
House1505-7623-FEMALE,NO
House5432-5415-FEMALE,NO
House1073-8352-FEMALE,NO
House573-10126-MALE,NO
House2468-2489-FEMALE,YES
House3647-3591-FEMALE,NO
House3248-3210-MALE,NO
House2079-13808-MALE,NO
House1738-8776-MALE,NO
House1892-14089-MALE,YES
House4979-4955-FEMALE,NO
House5422-12117-FEMALE,YES
House3960-14849-FEMALE,NO
House2891-10501-MALE,NO
House5027-5003-FEMALE,NO
House390-12274-MALE,NO
House518-13220-MALE,YES
House653-13555-MALE,YES
House1203-9043-FEMALE,NO
House4729-12504-MALE,NO
House4956-4932-MALE,YES
House6019-12525-FEMALE,NO
House2069-13681-MALE,NO
House4107-4066-MALE,NO
House6019-12088-FEMALE,YES
House3280-3241-FEMALE,NO
House1095-11606-MALE,NO
House1675-12898-MALE,NO
House235-11359-MALE,NO
House1419-14131-MALE,NO
House3224-8825-MALE,NO
House3296-3257-FEMALE,NO
House3047-11392-FEMALE,NO
House568-537-FEMALE,NO
House5298-12863-FEMALE,NO
House2911-10143-MALE,NO
House1442-14112-MALE,NO
House1292-8215-FEMALE,NO
House5072-5038-MALE,NO
House1822-10819-FEMALE,NO
House1829-1828-MALE,NO
House3144-14444-MALE,NO
House5958-7809-MALE,YES
House1159-15104-MALE,NO
House1010-12378-MALE,NO
House1682-1683-FEMALE,NO
House1838-1834-MALE,NO
House4571-12506-MALE,NO
House2582-2591-FEMALE,NO
House4610-10277-FEMALE,NO
House2106-2121-FEMALE,NO
House5174-5143-FEMALE,NO
House848-8935-FEMALE,YES
House2911-11151-FEMALE,NO
House77-10805-FEMALE,NO
House3633-3576-MALE,NO
House3059-12112-FEMALE,YES
House686-9240-FEMALE,NO
House2205-12230-FEMALE,YES
House4459-4429-FEMALE,NO
House2017-14740-MALE,YES
House2919-13080-FEMALE,YES
House473-445-FEMALE,NO
House830-8767-FEMALE,NO
House3134-3102-MALE,NO
House4572-4518-MALE,NO
House5854-5835-FEMALE,NO
House6019-12297-FEMALE,NO
House1621-9562-FEMALE,NO
House6004-7392-FEMALE,YES
House1238-8072-FEMALE,NO
House179-12039-MALE,NO
House94-14114-FEMALE,YES
House5210-7072-MALE,NO
House4244-14227-FEMALE,NO
House3837-9962-MALE,NO
House5211-7353-MALE,NO
House4191-13193-MALE,NO
House2585-10330-MALE,YES
House9-8-MALE,NO
House1619-12467-FEMALE,NO
House2289-7705-FEMALE,NO
House2353-11222-MALE,NO
House1484-9547-MALE,NO
House2933-11102-MALE,NO
House5754-8407-FEMALE,NO
House1941-11038-FEMALE,NO
House3888-12267-MALE,NO
House2070-13510-FEMALE,NO
House3990-9768-FEMALE,NO
House4516-4475-FEMALE,NO
House6019-12758-FEMALE,NO
House115-97-FEMALE,NO
