SampleID,Recency
House2040-2042-MALE,NO
House2121-7599-MALE,NO
House1228-1212-MALE,NO
House518-9740-MALE,NO
House2021-2017-FEMALE,NO
House5432-5414-MALE,NO
House2746-2750-MALE,NO
House477-447-FEMALE,NO
House2356-8967-FEMALE,NO
House2536-7878-MALE,NO
House2584-8442-FEMALE,YES
House4600-9439-MALE,NO
House2219-9176-FEMALE,YES
House6019-12611-FEMALE,YES
House4762-7826-MALE,NO
House4367-7466-FEMALE,NO
House2643-6212-MALE,NO
House6019-7462-FEMALE,NO
House193-172-MALE,YES
House2818-6558-FEMALE,NO
House207-189-FEMALE,NO
House12-12821-FEMALE,YES
House2692-9110-MALE,NO
House2241-11327-MALE,NO
House58-11544-FEMALE,NO
House4063-7528-FEMALE,NO
House4350-4311-FEMALE,NO
House6019-11208-FEMALE,NO
House236-214-MALE,NO
House518-9765-FEMALE,NO
House5757-5745-FEMALE,NO
House6019-10202-FEMALE,NO
House3510-3457-FEMALE,YES
House1592-1578-MALE,NO
House1481-1460-MALE,NO
House4691-10191-MALE,NO
House2986-10529-MALE,NO
House2987-2977-FEMALE,NO
House2950-10241-MALE,YES
House2313-6587-MALE,NO
House1109-11715-MALE,NO
House3412-7698-FEMALE,YES
House2204-10626-FEMALE,NO
House1126-1094-MALE,NO
House1624-1611-FEMALE,NO
House2635-9578-MALE,NO
House5628-6855-MALE,NO
House717-692-MALE,NO
House856-8164-FEMALE,YES
House3129-12375-MALE,NO
House4769-10960-MALE,NO
House4114-4071-FEMALE,NO
House6019-6040-FEMALE,NO
House973-9750-MALE,NO
House4898-4872-MALE,NO
House3380-9329-MALE,NO
House5800-5783-FEMALE,NO
House672-640-MALE,NO
House5047-5020-MALE,NO
House4188-10010-MALE,NO
House5559-10378-MALE,YES
House2294-6536-MALE,NO
House1761-1759-FEMALE,NO
House2446-10520-MALE,NO
House1560-1539-FEMALE,NO
House244-11165-FEMALE,NO
House2373-11877-MALE,YES
House6019-6063-FEMALE,NO
House1584-1568-MALE,NO
House1494-1475-FEMALE,NO
House66-53-FEMALE,NO
House5680-5669-FEMALE,NO
House1117-6405-MALE,NO
House2984-2973-FEMALE,YES
House2542-9490-FEMALE,NO
House4972-4950-MALE,YES
House796-9697-MALE,NO
House3604-3550-MALE,NO
House1421-10601-MALE,NO
House4066-4018-MALE,NO
House4341-9404-MALE,NO
House6010-5993-FEMALE,NO
House961-945-FEMALE,NO
House6019-6094-FEMALE,YES
House2780-2774-MALE,NO
House1079-1048-MALE,NO
House4188-10209-FEMALE,NO
House5797-7837-FEMALE,YES
House5078-5047-FEMALE,NO
House3074-10112-MALE,NO
House2796-9021-FEMALE,NO
House1698-11005-MALE,NO
House306-281-FEMALE,YES
House5681-10851-FEMALE,NO
House4618-11950-FEMALE,YES
House5708-5698-MALE,YES
House584-552-MALE,NO
House601-567-FEMALE,NO
House225-8655-MALE,NO
House5551-5548-MALE,NO
House2513-9240-FEMALE,NO
House2675-7489-FEMALE,YES
House2242-2263-FEMALE,NO
House3224-6456-MALE,NO
House5061-5035-FEMALE,NO
House1808-1815-FEMALE,NO
House5096-5062-MALE,YES
House782-765-FEMALE,NO
House524-8520-MALE,YES
House1780-6545-MALE,NO
House1279-11070-MALE,NO
House5461-5444-MALE,YES
House877-865-FEMALE,NO
House4101-4057-FEMALE,NO
House3480-3431-FEMALE,NO
House3144-3107-FEMALE,NO
House6019-10072-FEMALE,NO
House2478-6222-FEMALE,YES
House2027-8319-MALE,NO
House620-583-FEMALE,NO
House2147-2156-MALE,NO
House5700-8614-FEMALE,NO
House2034-2035-FEMALE,NO
House4329-4284-MALE,NO
House1247-9419-FEMALE,YES
House3471-9877-MALE,NO
House5895-5874-MALE,NO
House933-918-MALE,NO
House1771-1775-FEMALE,NO
House4351-4313-FEMALE,NO
House5690-7756-MALE,NO
House904-6967-MALE,NO
House3574-3520-MALE,YES
House1058-7642-FEMALE,NO
House2218-7617-MALE,NO
House803-6990-MALE,NO
House5834-6862-FEMALE,NO
House1257-10689-MALE,YES
House292-262-MALE,NO
House2319-10537-MALE,NO
House1452-1438-MALE,NO
House2305-6634-MALE,NO
House2428-2442-MALE,NO
House6019-11381-FEMALE,NO
House2656-2661-FEMALE,NO
House2738-2738-MALE,NO
House774-755-FEMALE,YES
House5163-9289-FEMALE,NO
House304-278-MALE,NO
House260-241-FEMALE,NO
House501-10449-FEMALE,YES
House1106-9091-MALE,NO
House5886-7268-FEMALE,NO
House1282-7202-MALE,YES
House2653-2654-MALE,NO
House4853-4821-FEMALE,NO
House3355-3304-MALE,YES
House2749-9684-FEMALE,NO
House2623-8358-MALE,NO
House654-617-FEMALE,NO
House1880-9666-FEMALE,NO
House170-148-MALE,YES
House304-6682-FEMALE,NO
House2348-9949-FEMALE,NO
House2770-9328-MALE,NO
House1992-7656-MALE,NO
House5522-5515-FEMALE,NO
House905-10313-MALE,NO
House737-718-MALE,NO
House2933-2924-MALE,NO
House2348-11407-MALE,YES
House1665-10685-MALE,NO
House5354-9784-MALE,NO
House1503-6580-MALE,NO
House569-538-MALE,NO
House995-971-FEMALE,YES
House4051-12398-MALE,YES
House2671-2682-MALE,NO
House1759-1756-MALE,YES
House6019-12687-FEMALE,YES
House2626-2634-MALE,NO
House2-1-FEMALE,NO
House5860-8181-FEMALE,NO
House318-10608-MALE,NO
House1984-8524-FEMALE,YES
House2856-2849-FEMALE,NO
House2277-9286-FEMALE,NO
House1989-1976-MALE,YES
House728-12283-MALE,YES
House2827-2822-MALE,NO
House2175-11898-MALE,YES
House4576-4525-FEMALE,NO
House2025-2023-FEMALE,NO
House4461-9460-MALE,NO
House6019-10762-FEMALE,NO
House704-10996-FEMALE,NO
House2470-2492-MALE,NO
House5381-5362-MALE,NO
House2243-2264-MALE,NO
House5047-5021-FEMALE,NO
House3611-3558-MALE,NO
House1430-12553-MALE,YES
House3824-11521-MALE,NO
House2213-2236-MALE,NO
House4239-12262-MALE,NO
House4479-10614-MALE,NO
House2662-2671-FEMALE,YES
House1726-1723-FEMALE,NO
House200-6735-FEMALE,NO
House5043-8505-MALE,YES
House1411-7340-FEMALE,NO
House2385-11542-FEMALE,NO
House493-10291-MALE,NO
House384-7612-MALE,NO
House2709-10042-FEMALE,NO
House649-613-FEMALE,NO
House6019-6624-FEMALE,YES
House5263-9799-MALE,YES
House157-6279-FEMALE,NO
House5262-5237-FEMALE,YES
House6019-6882-FEMALE,YES
House6019-11974-FEMALE,NO
House1339-1315-FEMALE,YES
House2690-2706-MALE,NO
House2860-2856-MALE,NO
House5357-12871-FEMALE,YES
House160-11692-MALE,NO
House3004-7644-MALE,NO
House220-200-MALE,NO
House4425-7639-FEMALE,NO
House74-58-MALE,NO
House3652-3596-MALE,YES
House638-600-MALE,NO
House2131-10094-MALE,NO
House2191-7775-MALE,NO
House1012-6250-MALE,NO
House899-12097-MALE,NO
House2086-10238-FEMALE,NO
House704-674-MALE,NO
House3089-8696-MALE,NO
House3352-9745-FEMALE,NO
House101-86-MALE,NO
House6019-12245-FEMALE,YES
House2658-9848-FEMALE,NO
House1452-1439-FEMALE,NO
House1778-1782-MALE,NO
House2506-9260-MALE,NO
House2400-2421-FEMALE,YES
House300-274-MALE,YES
House1201-12403-MALE,YES
House5846-7013-FEMALE,NO
House6019-11136-FEMALE,NO
House1609-10213-FEMALE,YES
House2831-2827-FEMALE,NO
House2536-11779-FEMALE,YES
House388-373-FEMALE,NO
House2488-9637-MALE,NO
House1763-1763-FEMALE,NO
House151-9207-FEMALE,NO
House1973-1964-MALE,NO
House2374-2386-MALE,YES
House1105-8211-MALE,NO
House280-11255-FEMALE,NO
House812-10462-FEMALE,NO
House6019-12923-FEMALE,YES
House997-972-MALE,YES
House1787-6446-FEMALE,NO
House168-13016-MALE,YES
House3-10164-FEMALE,YES
House912-6314-MALE,YES
House2386-8700-MALE,NO
House2090-2096-MALE,NO
House4520-4476-MALE,NO
House438-8744-MALE,NO
House3806-7982-MALE,NO
House2806-2799-FEMALE,NO
House4395-12990-MALE,YES
House238-10856-MALE,YES
House4317-4273-FEMALE,NO
House1164-8997-MALE,NO
House5871-9642-MALE,NO
House2590-10893-FEMALE,NO
House1942-1938-MALE,NO
House1402-9408-FEMALE,NO
House2194-11382-MALE,NO
House2205-2231-FEMALE,NO
House6019-11073-FEMALE,NO
House4543-7889-FEMALE,NO
House5263-9622-FEMALE,NO
House351-338-MALE,NO
House4667-8930-FEMALE,NO
House1639-12052-MALE,NO
House1267-9029-MALE,NO
House1499-1482-MALE,NO
House759-737-FEMALE,NO
House1017-9555-FEMALE,NO
House6019-6019-FEMALE,NO
House762-9976-MALE,NO
House497-474-MALE,NO
House3720-10344-MALE,NO
House2678-2690-MALE,NO
House4544-4492-MALE,NO
House3853-3812-MALE,YES
House1510-9032-FEMALE,NO
House1114-11479-MALE,NO
House5894-10973-FEMALE,NO
House2642-9594-FEMALE,NO
House368-360-MALE,NO
House5573-10725-MALE,NO
House4965-12694-MALE,YES
House601-566-MALE,NO
House6019-6041-FEMALE,NO
House6019-6021-FEMALE,NO
House1990-8416-FEMALE,NO
House1057-1031-FEMALE,NO
House5259-12607-FEMALE,YES
House4237-4187-FEMALE,YES
House538-512-MALE,NO
House5828-5813-FEMALE,NO
House3257-3217-FEMALE,NO
House3530-6248-MALE,NO
House3224-3175-FEMALE,NO
House1752-1746-MALE,NO
House1902-1892-MALE,YES
House422-9888-MALE,NO
House6019-9635-FEMALE,NO
House454-10251-FEMALE,YES
House1313-1288-MALE,NO
House1690-7081-FEMALE,NO
House2524-2540-MALE,NO
House3710-3650-MALE,YES
House1818-9563-MALE,NO
House4740-8876-MALE,NO
House4169-4129-FEMALE,NO
House4058-8633-FEMALE,NO
House196-179-FEMALE,YES
House10-8029-FEMALE,NO
House1129-8815-MALE,NO
House1196-1168-MALE,NO
House5930-10607-FEMALE,NO
House3212-3165-FEMALE,NO
House900-10845-FEMALE,NO
House5713-7765-MALE,NO
House1160-1126-MALE,NO
House2508-8671-FEMALE,NO
House2608-11416-MALE,YES
House120-8961-FEMALE,YES
House5344-5320-MALE,NO
House5925-9562-MALE,NO
House6019-10011-FEMALE,NO
House5344-5321-FEMALE,NO
House5797-5780-MALE,NO
House11-6220-MALE,NO
House2903-9912-MALE,NO
House3452-3400-MALE,NO
House2765-2765-FEMALE,NO
House6019-7333-FEMALE,YES
House486-458-MALE,NO
House5437-5420-MALE,NO
House1438-1422-MALE,NO
House6019-6760-FEMALE,YES
House856-10479-MALE,YES
House2025-11746-MALE,NO
House2335-10515-MALE,NO
House6019-6194-FEMALE,YES
House2196-2220-MALE,NO
House3120-3089-FEMALE,NO
House4224-7041-MALE,NO
House1994-7332-MALE,NO
House474-11376-MALE,NO
House4674-4639-FEMALE,NO
House5648-6925-MALE,NO
House5145-12133-MALE,NO
House6019-6044-FEMALE,NO
House1317-6963-MALE,NO
House6019-11189-FEMALE,NO
House3694-3635-FEMALE,NO
House3496-7805-MALE,NO
House2976-12692-MALE,YES
House1751-7694-MALE,NO
House3470-9005-FEMALE,NO
House1305-9371-FEMALE,NO
House4743-12396-MALE,YES
House2045-6457-FEMALE,YES
House2983-2970-MALE,NO
House6019-6067-FEMALE,NO
House1-11752-MALE,NO
House2060-9475-FEMALE,YES
House2472-2496-MALE,NO
House421-6700-MALE,NO
House2006-1999-FEMALE,NO
House5625-8575-MALE,NO
House2747-10092-MALE,NO
House725-9936-MALE,NO
House1385-12397-FEMALE,YES
House5241-5212-MALE,NO
House2394-2414-MALE,NO
House4471-10819-MALE,NO
House5493-5484-MALE,NO
House551-524-MALE,NO
House5628-5615-FEMALE,NO
House2065-2064-MALE,NO
House2547-2564-MALE,NO
House4317-6459-MALE,NO
House2445-9910-MALE,NO
House2504-2528-MALE,YES
House3615-3560-MALE,NO
House2391-6875-MALE,NO
House484-11111-MALE,YES
House1901-6562-MALE,NO
House1438-1423-FEMALE,NO
House447-7025-MALE,NO
House5655-7052-MALE,NO
House1852-1843-FEMALE,NO
House2736-7372-FEMALE,NO
House1282-6866-FEMALE,NO
House3304-8334-MALE,NO
House2492-2517-FEMALE,NO
House6019-6119-FEMALE,NO
House2163-2181-FEMALE,YES
House817-7824-FEMALE,NO
House3616-3563-FEMALE,NO
House636-599-FEMALE,YES
House4395-9856-FEMALE,NO
House1103-1075-FEMALE,NO
House2008-2000-MALE,NO
House2645-2653-FEMALE,NO
House318-10056-FEMALE,NO
House5935-9073-FEMALE,NO
House3304-8411-FEMALE,NO
House5549-5545-FEMALE,NO
House4870-8243-FEMALE,NO
House1721-9815-MALE,NO
House1749-1742-MALE,NO
House1670-8202-FEMALE,NO
House6019-11057-FEMALE,NO
House2327-2346-MALE,NO
House2441-2457-FEMALE,NO
House2627-8689-FEMALE,NO
House2001-10432-MALE,NO
House2219-2244-MALE,NO
House4543-8893-MALE,NO
House1531-1513-FEMALE,YES
House74-59-FEMALE,NO
House1191-1164-MALE,NO
House1494-9335-MALE,NO
House3054-10335-FEMALE,NO
House361-11086-FEMALE,NO
House774-754-MALE,NO
House1808-1814-MALE,NO
House2735-7629-MALE,NO
House3297-3258-MALE,NO
House152-136-MALE,NO
House2789-2782-MALE,NO
House644-10376-MALE,NO
House4627-4588-MALE,NO
House299-6547-MALE,NO
House874-860-MALE,NO
House1081-1053-FEMALE,NO
House365-10767-MALE,NO
House900-10298-MALE,YES
House2431-2447-FEMALE,YES
House1560-1538-MALE,NO
House6019-6031-FEMALE,NO
House590-11891-MALE,YES
House3317-7249-MALE,NO
House5639-6868-FEMALE,NO
House605-8718-MALE,NO
House477-446-MALE,NO
House4517-6623-FEMALE,NO
House716-690-MALE,YES
House4051-4007-FEMALE,YES
House6019-9276-FEMALE,NO
House731-11441-MALE,NO
House5855-6728-MALE,YES
House1503-6473-FEMALE,NO
House5144-5104-MALE,NO
House5927-8390-MALE,NO
House5592-6320-FEMALE,NO
House3937-3895-FEMALE,YES
House71-54-MALE,NO
House835-9723-MALE,NO
House5919-7280-FEMALE,NO
House5877-9692-FEMALE,NO
House43-32-MALE,NO
House6019-8827-FEMALE,NO
House1896-10311-MALE,NO
House2079-7977-MALE,NO
House3467-8012-MALE,NO
House2719-2726-MALE,NO
House3680-11424-FEMALE,YES
House4877-7355-MALE,NO
House4294-11066-MALE,NO
House1663-1657-FEMALE,NO
House5329-5309-FEMALE,NO
House6019-11366-FEMALE,NO
House2472-2497-FEMALE,NO
House1593-1580-MALE,YES
House2101-8339-FEMALE,NO
House3666-3606-MALE,NO
House6019-6170-FEMALE,NO
House1111-1084-MALE,NO
House2909-10658-MALE,NO
House1807-7964-MALE,NO
House1842-1837-FEMALE,NO
House1160-11176-FEMALE,YES
House688-9881-MALE,NO
House1861-10929-MALE,NO
House2952-2942-MALE,NO
House2492-10859-MALE,NO
House804-12112-FEMALE,NO
House2136-9010-MALE,NO
House3748-3701-FEMALE,YES
House4329-4285-FEMALE,NO
House3060-7513-MALE,NO
House29-9786-MALE,NO
House4387-4354-MALE,YES
House985-8902-MALE,NO
House490-8351-MALE,NO
House2019-2013-FEMALE,NO
House4270-4228-MALE,NO
House3914-12270-MALE,NO
House2342-2355-FEMALE,NO
House6019-9069-FEMALE,NO
House5908-11627-MALE,NO
House1746-1739-FEMALE,NO
House3761-3718-MALE,NO
House867-12357-MALE,NO
House680-8536-FEMALE,NO
House2496-2521-FEMALE,NO
House6019-6986-FEMALE,NO
House1165-1133-FEMALE,NO
House968-10321-MALE,NO
House2888-2882-MALE,YES
House6019-6124-FEMALE,NO
House314-8857-MALE,NO
House3663-6476-MALE,YES
House4268-4227-FEMALE,NO
House3883-10717-MALE,NO
House2992-2982-MALE,NO
House4852-9050-MALE,NO
House4591-10558-MALE,NO
