SampleID,Recency
House6019-10525-FEMALE,NO
House2401-10767-MALE,NO
House166-8755-FEMALE,NO
House3841-3799-FEMALE,NO
House5654-7675-FEMALE,NO
House3298-11239-FEMALE,NO
House4743-9529-MALE,NO
House3871-3829-FEMALE,NO
House1780-11365-MALE,YES
House4943-12796-MALE,NO
House4651-4618-MALE,NO
House202-6898-MALE,NO
House2027-2027-FEMALE,NO
House622-587-FEMALE,YES
House3399-8689-FEMALE,NO
House6019-6701-FEMALE,NO
House4519-8437-FEMALE,NO
House508-6313-FEMALE,NO
House5204-9508-FEMALE,NO
House1466-1449-FEMALE,NO
House1361-6776-FEMALE,NO
House3841-3798-MALE,NO
House6019-12229-FEMALE,YES
House782-764-MALE,NO
House2176-7977-FEMALE,NO
House1851-7891-MALE,NO
House3119-8506-FEMALE,NO
House3667-12094-MALE,YES
House2780-2775-FEMALE,NO
House543-8771-MALE,NO
House4625-8984-MALE,YES
House3252-11769-MALE,NO
House1031-9723-MALE,NO
House6019-6178-FEMALE,NO
House4929-11331-MALE,YES
House2-0-MALE,NO
House4070-4024-MALE,YES
House679-12537-MALE,NO
House1912-1907-FEMALE,NO
House5650-8759-MALE,NO
House5433-5416-MALE,NO
House1956-11822-FEMALE,YES
House2272-10333-MALE,NO
House1194-10397-MALE,YES
House1191-9708-MALE,NO
House3601-8164-FEMALE,NO
House425-408-MALE,NO
House3664-3605-FEMALE,NO
House6019-6183-FEMALE,NO
House5904-5882-MALE,NO
House3996-3953-FEMALE,NO
House1923-1922-MALE,NO
House219-11557-MALE,NO
House6019-6158-FEMALE,NO
House4476-4445-FEMALE,NO
House856-841-FEMALE,NO
House514-8061-FEMALE,NO
House355-9760-MALE,NO
House5725-5713-FEMALE,NO
House657-13037-MALE,YES
House4109-7728-MALE,YES
House5013-4984-MALE,NO
House1750-1744-MALE,YES
House4034-3995-FEMALE,NO
House6019-8443-FEMALE,NO
House1640-10187-MALE,NO
House2897-12939-MALE,NO
House2653-11689-FEMALE,NO
House5765-6522-FEMALE,NO
House773-7251-FEMALE,NO
House2892-2888-MALE,NO
House2906-13604-FEMALE,YES
House1974-9301-FEMALE,NO
House1224-1208-MALE,NO
House6019-6074-FEMALE,NO
House1722-8617-FEMALE,NO
House2483-2504-MALE,NO
House818-794-MALE,NO
House512-489-FEMALE,NO
House3050-11649-MALE,YES
House2756-11207-MALE,NO
House3604-3551-FEMALE,NO
House910-892-MALE,NO
House230-9615-MALE,NO
House2859-11023-MALE,NO
House2183-9033-FEMALE,NO
House1882-12694-MALE,NO
House1984-8552-MALE,NO
House3113-3086-MALE,NO
House1446-11197-MALE,NO
House3284-8439-FEMALE,NO
House3033-8270-FEMALE,NO
House1652-9401-FEMALE,NO
House6019-9378-FEMALE,NO
House2856-13140-MALE,NO
House3188-6540-MALE,YES
House1791-9488-MALE,NO
House708-10797-FEMALE,NO
House1246-10308-MALE,NO
House2974-12215-FEMALE,NO
House3264-7514-FEMALE,NO
House5331-5311-FEMALE,NO
House3464-8252-MALE,NO
House2196-2221-FEMALE,NO
House1109-8806-MALE,NO
House3924-3887-FEMALE,NO
House3390-3338-MALE,NO
House1651-9538-MALE,YES
House5447-5433-FEMALE,YES
House2016-11031-FEMALE,NO
House3745-10484-FEMALE,NO
House4654-12544-FEMALE,NO
House2809-10037-MALE,YES
House4262-6493-FEMALE,NO
House4736-8566-MALE,NO
House1453-12745-MALE,NO
House4051-4007-FEMALE,NO
House2742-2746-MALE,NO
House1139-10239-FEMALE,NO
House2987-2976-MALE,NO
House3812-11504-MALE,NO
House2565-6901-MALE,NO
House6019-12711-FEMALE,NO
House5765-5750-MALE,NO
House825-11602-FEMALE,YES
House4206-12040-FEMALE,NO
House2765-2765-FEMALE,YES
House611-7701-MALE,NO
House3414-7002-MALE,NO
House76-61-FEMALE,NO
House508-6284-MALE,NO
House5969-12374-MALE,NO
House647-13173-FEMALE,YES
House6019-12430-FEMALE,YES
House425-8775-FEMALE,NO
House244-227-FEMALE,NO
House4933-4904-MALE,NO
House5194-5162-MALE,NO
House6019-10428-FEMALE,NO
House3548-11125-FEMALE,NO
House5271-9547-FEMALE,NO
House213-6577-FEMALE,NO
House3749-13758-FEMALE,YES
House1393-12054-FEMALE,NO
House2327-2347-FEMALE,YES
House1823-1824-MALE,NO
House727-10743-FEMALE,NO
House5797-5780-MALE,NO
House2961-2955-FEMALE,NO
House2370-2383-FEMALE,NO
House341-326-MALE,NO
House3058-3039-FEMALE,NO
House2011-2002-MALE,YES
House4711-4682-MALE,NO
House2966-10152-FEMALE,NO
House539-10097-FEMALE,YES
House2792-2785-FEMALE,NO
House2789-11921-MALE,NO
House729-11739-FEMALE,YES
House2950-7756-MALE,NO
House4709-8930-MALE,NO
House1903-11098-MALE,NO
House5545-7979-MALE,NO
House1915-11183-MALE,NO
House3309-9732-FEMALE,YES
House5179-5148-MALE,YES
House2443-6794-MALE,NO
House2288-13564-MALE,YES
House720-9365-FEMALE,NO
House1177-11854-FEMALE,NO
House4195-4152-MALE,NO
House4561-4508-MALE,NO
House6019-12057-FEMALE,NO
House715-688-MALE,YES
House1428-7146-FEMALE,YES
House2032-12383-MALE,YES
House3654-11422-MALE,NO
House1501-13178-MALE,NO
House1790-10046-FEMALE,NO
House2837-2833-FEMALE,NO
House1790-9439-MALE,NO
House841-827-FEMALE,NO
House6019-6137-FEMALE,YES
House1583-8869-FEMALE,NO
House6019-6383-FEMALE,NO
House5717-8350-MALE,NO
House5377-5355-FEMALE,YES
House409-12170-MALE,NO
House1827-8163-MALE,NO
House5776-5764-MALE,NO
House5359-10695-FEMALE,NO
House866-11474-FEMALE,YES
House1323-11813-MALE,YES
House2372-2385-FEMALE,NO
House2486-2508-MALE,NO
House1549-9992-MALE,NO
House403-386-MALE,NO
House3033-9808-MALE,NO
House627-589-FEMALE,YES
House3292-7249-FEMALE,NO
House2586-9126-MALE,NO
House3501-3446-MALE,NO
House1215-10547-FEMALE,NO
House1680-1679-FEMALE,YES
House1483-11844-MALE,NO
House5569-5564-MALE,NO
House1440-11918-MALE,NO
House232-11743-MALE,YES
House4757-7594-MALE,NO
House668-10790-FEMALE,NO
House5071-13733-MALE,YES
House3241-8515-FEMALE,YES
House4616-4575-FEMALE,NO
House4316-4270-MALE,NO
House1769-6573-MALE,NO
House2684-9879-FEMALE,NO
House3958-10853-MALE,NO
House2591-11874-FEMALE,NO
House2034-2034-MALE,NO
House220-200-MALE,NO
House3786-3741-FEMALE,YES
House1224-1209-FEMALE,NO
House3726-12132-FEMALE,NO
House4309-4262-MALE,NO
House1869-1858-MALE,NO
House584-553-FEMALE,NO
House524-503-FEMALE,NO
House3910-3871-FEMALE,NO
House1239-11549-FEMALE,NO
House4116-4074-MALE,YES
House1739-11395-MALE,NO
House5271-5248-MALE,NO
House2600-2611-FEMALE,NO
House537-6550-FEMALE,NO
House5459-13202-MALE,NO
House1248-10269-FEMALE,NO
House233-11357-MALE,NO
House1092-1063-FEMALE,NO
House2275-8140-FEMALE,NO
House2397-12437-MALE,NO
House2239-8632-FEMALE,NO
House5007-9842-MALE,NO
House4598-9984-MALE,NO
House1591-12251-MALE,NO
House3833-12100-MALE,YES
House6019-6188-FEMALE,YES
House2476-9136-MALE,NO
House201-12287-MALE,NO
House6019-9000-FEMALE,NO
House5742-12521-MALE,NO
House5359-10932-MALE,NO
House4378-7726-MALE,NO
House1765-1765-FEMALE,NO
House2444-10321-MALE,NO
House2572-12427-MALE,NO
House5449-5436-MALE,NO
House5016-12231-MALE,NO
House2168-11100-MALE,NO
House2252-8012-FEMALE,NO
House5637-12358-MALE,NO
House5568-5563-FEMALE,NO
House984-9310-MALE,NO
House5773-5759-FEMALE,NO
House93-81-FEMALE,NO
House2844-2834-MALE,YES
House3479-3429-FEMALE,NO
House1739-12109-FEMALE,NO
House5483-6339-FEMALE,NO
House2146-10821-MALE,NO
House1215-10573-MALE,NO
House4034-3994-MALE,NO
House5259-5234-MALE,NO
House4208-9309-MALE,NO
House367-8413-MALE,NO
House2658-2662-MALE,NO
House798-11837-FEMALE,NO
House503-10769-MALE,NO
House995-11727-MALE,NO
House2380-10602-MALE,NO
House1519-10421-MALE,NO
House4464-4432-MALE,NO
House5701-11909-MALE,NO
House3411-9636-FEMALE,NO
House6019-12328-FEMALE,NO
House17-10392-MALE,NO
House1909-11806-FEMALE,NO
House786-7618-FEMALE,NO
House2913-9077-MALE,NO
House166-12873-MALE,NO
House974-958-MALE,NO
House2219-2245-FEMALE,NO
House1643-12216-FEMALE,NO
House1222-9890-FEMALE,NO
House536-11687-MALE,YES
House2300-2310-MALE,NO
House3119-8597-MALE,NO
House1567-1549-FEMALE,NO
House2296-2304-MALE,NO
House1799-8331-FEMALE,NO
House4947-4923-FEMALE,NO
House4122-4081-FEMALE,NO
House2025-2022-MALE,NO
House2381-2396-MALE,NO
House1143-12081-FEMALE,NO
House2517-2535-FEMALE,NO
House1674-7806-FEMALE,NO
House224-12492-MALE,YES
House4289-9350-FEMALE,NO
House4635-8619-MALE,YES
House3098-10960-FEMALE,NO
House1788-1792-MALE,NO
House310-10941-MALE,NO
House781-12061-FEMALE,NO
House1743-7679-FEMALE,NO
House1658-11281-MALE,NO
House1845-11645-FEMALE,YES
House4598-11195-FEMALE,NO
House3007-10016-FEMALE,NO
House4809-13168-MALE,NO
House2101-11964-MALE,NO
House1143-11892-MALE,NO
House4540-4488-MALE,NO
House5983-11301-MALE,NO
House2763-9635-MALE,NO
House1645-10275-MALE,NO
House2161-10785-MALE,NO
House1232-1216-MALE,NO
House497-474-MALE,NO
House764-745-FEMALE,NO
House2930-13091-MALE,NO
House2860-2856-MALE,NO
House2261-12093-FEMALE,YES
House4038-10936-MALE,NO
House4737-4707-FEMALE,NO
House708-9910-MALE,NO
House1210-1191-FEMALE,NO
House1015-11838-FEMALE,NO
House4738-7510-MALE,NO
House4480-4447-FEMALE,NO
House264-6907-MALE,NO
House1313-9736-FEMALE,NO
House2122-2132-MALE,NO
House3301-10549-FEMALE,NO
House878-11699-MALE,NO
House2742-2747-FEMALE,NO
House2185-10592-FEMALE,NO
House3987-3944-MALE,NO
House3368-7994-MALE,NO
House4935-8314-FEMALE,NO
House5650-8068-FEMALE,NO
House608-577-FEMALE,NO
House1538-1523-FEMALE,YES
House2921-6597-FEMALE,YES
House2703-7455-MALE,NO
House3479-3428-MALE,NO
House5610-5600-MALE,NO
House44-35-FEMALE,NO
House3593-8618-MALE,NO
House1965-12334-MALE,NO
House661-626-MALE,NO
House2284-9952-FEMALE,NO
House246-229-FEMALE,NO
House326-305-FEMALE,NO
House1286-12297-MALE,NO
House2593-8058-MALE,NO
House3548-12368-MALE,NO
House3329-9904-FEMALE,YES
House4675-4640-MALE,NO
House2480-11432-MALE,NO
House1995-8269-MALE,NO
House418-400-MALE,NO
House6019-6141-FEMALE,YES
House669-635-FEMALE,NO
House2925-8915-MALE,NO
House136-119-FEMALE,NO
House6019-10535-FEMALE,NO
House1840-9305-MALE,YES
House2625-2632-MALE,NO
House2679-2693-FEMALE,YES
House5825-5806-MALE,NO
House3710-3651-FEMALE,NO
House3246-3206-MALE,NO
House1393-11941-MALE,YES
House1614-1604-MALE,NO
House240-8883-MALE,YES
House4732-4704-MALE,NO
House2187-2211-FEMALE,NO
House4679-8649-MALE,NO
House5433-5417-FEMALE,NO
House3589-3537-FEMALE,NO
House3749-12845-MALE,YES
House2962-2956-MALE,NO
House4175-11018-FEMALE,NO
House927-9475-FEMALE,NO
House5823-9862-MALE,NO
House4112-7721-MALE,NO
House1729-1724-MALE,NO
House1560-11658-MALE,NO
House2805-2797-FEMALE,NO
House1821-7196-MALE,NO
House1784-11094-FEMALE,NO
House2052-7042-MALE,NO
House1920-1916-MALE,NO
House1219-1202-MALE,NO
House2765-2764-MALE,NO
House5109-5068-MALE,NO
House639-6506-MALE,NO
House209-192-MALE,NO
House1278-12581-FEMALE,NO
House943-8635-FEMALE,NO
House1679-11150-FEMALE,NO
House2088-2093-FEMALE,NO
House4970-6738-FEMALE,NO
House5705-10340-FEMALE,NO
House1812-9967-FEMALE,NO
House3816-3767-FEMALE,NO
House2272-2285-FEMALE,YES
House6019-11039-FEMALE,NO
House2330-10283-MALE,NO
House3408-6536-MALE,NO
House2524-2541-FEMALE,NO
House2380-11533-FEMALE,NO
House2982-7389-MALE,NO
House269-10006-MALE,NO
House3706-11872-MALE,NO
House1570-9273-MALE,NO
House264-6989-FEMALE,NO
House4263-4222-MALE,NO
House2426-11596-MALE,YES
House936-11427-MALE,NO
House3733-3679-FEMALE,NO
House6019-6008-FEMALE,NO
House4142-10759-MALE,NO
House6019-13271-FEMALE,YES
House209-193-FEMALE,NO
House6019-10359-FEMALE,NO
House1755-6414-FEMALE,NO
House1111-9990-FEMALE,NO
House4616-4574-MALE,NO
House3476-13553-FEMALE,YES
House2186-11787-MALE,NO
House882-9235-MALE,NO
House1486-11095-FEMALE,NO
House4507-11174-FEMALE,NO
House5778-9535-MALE,NO
House2448-8836-FEMALE,NO
House3120-9993-MALE,NO
House168-7047-FEMALE,NO
House4206-6821-MALE,NO
House526-7982-FEMALE,NO
House2602-9991-FEMALE,NO
House246-13567-MALE,YES
House2813-11683-FEMALE,NO
House561-11220-MALE,NO
House5320-5300-MALE,NO
House2481-2503-FEMALE,NO
House4919-8022-FEMALE,NO
House1614-1605-FEMALE,YES
House3607-7659-MALE,NO
House1936-12985-MALE,NO
House1567-1548-MALE,NO
House4519-10822-MALE,NO
House6019-6061-FEMALE,NO
House1668-7048-MALE,NO
House2591-2600-MALE,NO
House1092-1062-MALE,NO
House2735-2736-MALE,NO
House2541-12511-MALE,NO
House885-10227-FEMALE,NO
House2217-12092-MALE,NO
House5592-5587-FEMALE,NO
House4098-4055-FEMALE,NO
House3489-9167-MALE,NO
House6016-9995-MALE,NO
House835-10734-MALE,NO
House2428-12193-MALE,NO
House921-7818-MALE,NO
House5569-5565-FEMALE,NO
House447-9660-FEMALE,NO
House2123-2134-MALE,NO
House2829-2824-MALE,NO
House2782-10141-FEMALE,NO
House1362-12549-MALE,NO
House1602-12801-MALE,NO
House3054-3035-FEMALE,NO
House2853-9785-MALE,NO
House4049-7964-FEMALE,NO
House4907-6999-FEMALE,NO
House32-9812-MALE,NO
House1772-1777-FEMALE,NO
House2252-6715-MALE,NO
House5672-10725-MALE,NO
House5014-4986-MALE,NO
House6019-6171-FEMALE,NO
House1967-11189-MALE,NO
House1873-11295-MALE,NO
House59-45-FEMALE,NO
House4229-4178-MALE,NO
House6019-11250-FEMALE,NO
House6019-12294-FEMALE,NO
House5725-5712-MALE,YES
House959-940-MALE,NO
House2746-2750-MALE,NO
House4622-4582-MALE,NO
House5695-5682-MALE,NO
House3501-3447-FEMALE,NO
House5678-7400-FEMALE,NO
House2636-9007-MALE,NO
House357-12935-FEMALE,NO
House5222-5192-MALE,YES
House656-620-MALE,NO
House6019-7775-FEMALE,NO
House2651-7927-FEMALE,NO
House3341-3290-MALE,NO
House6019-11850-FEMALE,NO
House1320-1300-MALE,NO
House1558-7769-FEMALE,NO
House297-270-MALE,YES
House2359-2373-FEMALE,NO
House832-814-MALE,YES
House1362-1341-FEMALE,NO
House1191-10690-FEMALE,NO
House557-529-FEMALE,NO
House1136-8875-MALE,YES
House1523-11793-MALE,NO
House1791-1797-FEMALE,NO
House6019-10526-FEMALE,NO
House4842-7694-FEMALE,NO
House1755-8118-MALE,NO
House604-570-MALE,NO
House3402-3356-MALE,NO
House2406-11276-MALE,NO
House5800-8826-MALE,NO
House4948-9345-FEMALE,NO
House6019-10532-FEMALE,NO
House5611-5602-MALE,NO
House3947-9839-MALE,NO
House1930-10129-FEMALE,NO
House1968-12993-MALE,YES
House2169-2189-FEMALE,NO
House848-9644-MALE,NO
House2624-2630-MALE,NO
House3954-10370-MALE,NO
House1070-12877-MALE,YES
House4646-4613-FEMALE,NO
House1373-9928-MALE,YES
House4514-12160-MALE,NO
House536-11521-FEMALE,YES
House971-10953-FEMALE,YES
House1729-1725-FEMALE,NO
House135-12306-FEMALE,YES
House1784-10655-MALE,NO
House2611-7760-MALE,NO
House4422-7209-MALE,NO
House183-165-FEMALE,YES
House419-10130-MALE,NO
House645-606-MALE,NO
House4815-13338-FEMALE,YES
House735-10894-MALE,NO
House3259-9035-FEMALE,NO
House2170-2191-FEMALE,NO
House551-6457-MALE,NO
House2172-2194-MALE,NO
House2957-13428-MALE,YES
House6019-6817-FEMALE,NO
House2196-10322-MALE,NO
House347-9886-MALE,NO
House4071-12480-MALE,NO
House2351-11817-FEMALE,NO
House5746-8124-MALE,YES
House971-11839-MALE,NO
House1794-1800-MALE,NO
House5971-8523-FEMALE,YES
House6019-11893-FEMALE,NO
House6019-12530-FEMALE,YES
House1763-12230-FEMALE,NO
House3108-13289-MALE,YES
House1252-12656-FEMALE,NO
House4743-8532-FEMALE,YES
House2921-6391-MALE,NO
House2576-2587-FEMALE,NO
House104-90-MALE,NO
House2036-2038-MALE,YES
House2836-6407-FEMALE,NO
House6019-11986-FEMALE,NO
House2658-10857-FEMALE,YES
House3251-9562-MALE,NO
House1860-10310-MALE,NO
House2447-2463-FEMALE,NO
House3008-11226-FEMALE,NO
House4132-4092-MALE,NO
House1253-11402-FEMALE,NO
House1766-1766-MALE,NO
House6019-6124-FEMALE,NO
House6019-6034-FEMALE,NO
House630-592-MALE,NO
House2388-9264-FEMALE,NO
House4423-4387-FEMALE,NO
House151-135-FEMALE,NO
House136-6945-MALE,YES
House4580-11052-FEMALE,NO
House1944-1943-FEMALE,NO
House2470-6946-FEMALE,NO
House4646-10819-MALE,NO
House4665-6447-MALE,NO
House190-10908-MALE,NO
House5287-5264-MALE,NO
House3733-11538-MALE,NO
House2306-2318-MALE,NO
House3984-11561-MALE,NO
House253-233-FEMALE,YES
House1578-7762-MALE,NO
House567-11349-MALE,NO
House6019-9795-FEMALE,YES
House2587-10314-MALE,NO
House4531-4484-MALE,NO
House5158-13057-FEMALE,NO
House121-9665-MALE,NO
House6019-6102-FEMALE,NO
House2415-10467-FEMALE,NO
House634-597-FEMALE,NO
House3943-3901-FEMALE,NO
House1637-1630-MALE,NO
House5968-12497-FEMALE,YES
House5968-12738-MALE,NO
House4192-6883-FEMALE,YES
House2566-11360-MALE,YES
House4297-12122-FEMALE,YES
House2251-10500-MALE,NO
House4263-4223-FEMALE,NO
House434-9414-MALE,NO
House642-602-MALE,NO
House1775-1780-MALE,NO
House359-9059-FEMALE,NO
House4645-8768-FEMALE,NO
House6019-6174-FEMALE,NO
House2183-2204-MALE,NO
House1060-12126-MALE,NO
House6019-10215-FEMALE,NO
House1235-6276-MALE,NO
House5952-7564-FEMALE,NO
House2632-12477-FEMALE,YES
House6019-12208-FEMALE,NO
House681-11973-MALE,YES
House3474-3425-FEMALE,NO
House3866-10363-FEMALE,NO
House4219-4167-FEMALE,NO
House1940-1937-FEMALE,YES
