SampleID,Recency
House4516-4475-FEMALE,NO
House3156-12136-MALE,NO
House5376-9395-MALE,NO
House2052-10718-MALE,NO
House2008-2001-FEMALE,YES
House1409-12027-MALE,NO
House594-9688-MALE,NO
House6019-14819-FEMALE,NO
House3688-9595-MALE,YES
House1790-1795-FEMALE,YES
House2302-7686-MALE,NO
House6019-14710-FEMALE,NO
House1965-1959-FEMALE,NO
House3359-7060-FEMALE,NO
House2212-12783-MALE,NO
House172-14269-FEMALE,NO
House1431-13888-MALE,NO
House1799-11607-MALE,NO
House1595-13161-MALE,NO
House3111-3082-MALE,NO
House4036-6569-MALE,NO
House5066-14160-FEMALE,YES
House3860-7488-MALE,NO
House828-13594-FEMALE,YES
House910-13224-MALE,NO
House3978-14583-FEMALE,YES
House990-11231-MALE,NO
House1709-13915-FEMALE,YES
House5253-13159-MALE,NO
House2857-13468-MALE,NO
House54-15117-FEMALE,NO
House2467-7204-FEMALE,NO
House5804-10772-FEMALE,NO
House135-12770-FEMALE,YES
House5090-10057-MALE,NO
House6019-13987-FEMALE,NO
House574-12811-FEMALE,NO
House4310-11361-MALE,YES
House838-825-FEMALE,NO
House2546-15690-FEMALE,YES
House4534-14442-FEMALE,YES
House5297-7691-FEMALE,NO
House4720-4695-FEMALE,NO
House1290-12575-MALE,NO
House1941-14640-MALE,NO
House399-13451-MALE,NO
House498-10612-FEMALE,NO
House663-11879-MALE,NO
House2653-13907-FEMALE,NO
House3554-10954-MALE,YES
House2902-13178-MALE,NO
House1964-10571-FEMALE,NO
House4260-11785-MALE,NO
House5191-9671-MALE,YES
House62-50-MALE,NO
House2569-13275-FEMALE,NO
House2729-13005-MALE,NO
House352-340-MALE,YES
House1792-11443-MALE,NO
House919-13257-FEMALE,NO
House3075-3052-MALE,NO
House618-8637-FEMALE,NO
House950-8593-MALE,YES
House891-12042-FEMALE,NO
House2213-2236-MALE,NO
House4188-10139-FEMALE,NO
House3978-7640-MALE,NO
House1395-11847-MALE,NO
House748-14769-MALE,NO
House633-594-MALE,NO
House1151-1117-FEMALE,NO
House6019-12508-FEMALE,NO
House1697-1699-FEMALE,NO
House2182-11961-FEMALE,NO
House6019-10910-FEMALE,NO
House6019-11143-FEMALE,NO
House1475-9633-MALE,NO
House5077-5044-MALE,NO
House2726-9954-FEMALE,NO
House2906-2902-MALE,NO
House5112-10222-MALE,NO
House2488-2513-FEMALE,NO
House396-7029-MALE,NO
House4378-4340-MALE,YES
House2429-2444-MALE,NO
House4844-4809-FEMALE,NO
House2679-12652-MALE,NO
House1435-8805-FEMALE,NO
House1087-10131-FEMALE,NO
House3390-6758-MALE,NO
House4578-4527-FEMALE,NO
House1216-15703-MALE,YES
House1029-11997-FEMALE,YES
House2911-10143-MALE,NO
House1735-6811-MALE,NO
House1357-7832-MALE,NO
House5301-5283-FEMALE,YES
House792-10702-MALE,NO
House5020-14878-FEMALE,YES
House3224-14825-FEMALE,NO
House1002-10965-FEMALE,NO
House2269-10670-FEMALE,NO
House4844-6297-MALE,NO
House2356-11179-MALE,NO
House758-12731-MALE,NO
House3582-3529-FEMALE,NO
House3520-3469-FEMALE,NO
House2084-13821-MALE,NO
House3123-12716-MALE,NO
House4760-8028-FEMALE,NO
House1726-1723-FEMALE,NO
House2066-2067-FEMALE,YES
House1288-13626-MALE,NO
House5964-9066-MALE,NO
House590-10141-MALE,NO
House407-10884-FEMALE,NO
House454-10794-MALE,NO
House4719-8177-FEMALE,NO
House6019-15671-FEMALE,YES
House4419-8782-MALE,NO
House4547-4495-FEMALE,NO
House2464-13875-MALE,YES
House179-12039-MALE,NO
House6019-12115-FEMALE,NO
House1196-1169-FEMALE,YES
House2127-11387-FEMALE,NO
House1449-11833-FEMALE,NO
House3981-12490-FEMALE,YES
House1001-11063-MALE,NO
House3491-8734-FEMALE,NO
House534-8707-MALE,NO
House2144-2153-FEMALE,NO
House3807-14035-MALE,NO
House2581-6818-FEMALE,NO
House1908-13867-MALE,NO
House3629-3571-FEMALE,NO
House5187-6898-MALE,NO
House1065-12586-FEMALE,NO
House3932-3890-MALE,NO
House5617-5606-MALE,NO
House5750-11481-MALE,NO
House5512-5503-FEMALE,NO
House673-12497-MALE,NO
House4428-4393-FEMALE,NO
House2615-14862-FEMALE,NO
House5060-13738-MALE,YES
House1918-13149-MALE,YES
House1788-13017-MALE,NO
House1104-14758-MALE,NO
House1540-13145-MALE,NO
House6019-11546-FEMALE,NO
House1584-1569-FEMALE,NO
House1299-12818-MALE,NO
House1801-1807-FEMALE,NO
House396-9078-FEMALE,NO
House6019-10869-FEMALE,NO
House1666-1663-FEMALE,NO
House4534-11562-MALE,NO
House4778-8464-MALE,NO
House1528-14595-MALE,NO
House3471-3421-FEMALE,NO
House2306-11240-MALE,NO
House6019-14684-FEMALE,NO
House1249-9780-MALE,NO
House1205-1183-FEMALE,NO
House3218-3170-MALE,NO
House4048-15710-MALE,YES
House648-9666-MALE,NO
House2151-8321-FEMALE,NO
House5393-5373-FEMALE,NO
House5085-14103-MALE,NO
House3506-3451-FEMALE,YES
House668-632-MALE,NO
House1452-9828-FEMALE,NO
House3975-15057-FEMALE,YES
House1146-1110-MALE,NO
House5585-8963-MALE,NO
House1968-12168-MALE,NO
House4997-9440-FEMALE,NO
House941-924-MALE,NO
House1922-13891-FEMALE,NO
House5705-7178-MALE,NO
House1364-1345-FEMALE,NO
House6019-11583-FEMALE,NO
House3704-11714-MALE,NO
House997-973-FEMALE,YES
House3960-14849-FEMALE,YES
House5397-5376-MALE,NO
House4302-11665-MALE,NO
House6019-12690-FEMALE,NO
House1753-12790-MALE,NO
House6019-13463-FEMALE,NO
House6019-7476-FEMALE,NO
House1565-13581-FEMALE,NO
House6019-11764-FEMALE,NO
House2156-8836-FEMALE,NO
House5175-5145-FEMALE,NO
House6019-13415-FEMALE,NO
House1111-10132-MALE,NO
House1261-15192-FEMALE,YES
House4051-4006-MALE,NO
House5815-8099-MALE,NO
House2439-11615-MALE,NO
House1724-9484-MALE,NO
House4772-12943-FEMALE,NO
House1504-14594-FEMALE,YES
House5981-5956-MALE,NO
House350-336-MALE,NO
House6019-14300-FEMALE,YES
House5056-10477-FEMALE,NO
House1090-13749-MALE,NO
House5335-9205-FEMALE,NO
House4965-4944-MALE,NO
House2105-2119-FEMALE,NO
House1942-10327-MALE,YES
House367-13074-MALE,NO
House1567-12772-MALE,NO
House4751-12971-FEMALE,NO
House1095-11606-MALE,NO
House1493-12717-MALE,NO
House874-860-MALE,NO
House4539-6637-MALE,NO
House3027-11580-MALE,NO
House1845-14864-FEMALE,NO
House1693-12261-MALE,YES
House4135-13437-MALE,YES
House2269-2278-MALE,NO
House2850-10328-MALE,NO
House2400-13083-MALE,NO
House6019-12480-FEMALE,NO
House2317-12929-MALE,NO
House279-12242-MALE,NO
House1498-11909-FEMALE,YES
House1825-15118-MALE,YES
House1171-13412-MALE,NO
House1419-1407-FEMALE,NO
House5747-5731-FEMALE,NO
House896-12103-MALE,NO
House1119-1088-MALE,NO
House2735-10703-FEMALE,NO
House3059-12112-FEMALE,NO
House4366-11354-FEMALE,NO
House3271-9002-MALE,NO
House653-13555-MALE,YES
House1627-10129-MALE,NO
House4354-11651-MALE,NO
House2430-14041-MALE,YES
House1022-15462-MALE,YES
House1539-12701-MALE,YES
House656-13810-FEMALE,NO
House2913-12571-MALE,NO
House5051-10902-MALE,NO
House3885-8999-FEMALE,NO
House3312-3266-MALE,NO
House6019-12348-FEMALE,NO
House1360-7960-FEMALE,NO
House4788-4753-FEMALE,NO
House3665-6484-MALE,NO
House3330-7947-FEMALE,YES
House4816-7375-MALE,NO
House2156-2172-MALE,NO
House2649-12352-MALE,NO
House2776-2771-FEMALE,NO
House66-7010-FEMALE,NO
House701-672-MALE,NO
House1632-1622-MALE,NO
House1349-8745-FEMALE,NO
House1028-7288-FEMALE,NO
House1531-1512-MALE,NO
House2208-10692-FEMALE,NO
House428-12460-MALE,YES
House402-9843-FEMALE,NO
House706-13655-MALE,NO
House4170-10846-MALE,NO
House3109-14062-FEMALE,YES
House5547-11052-MALE,NO
House2779-10574-MALE,NO
House4350-14295-MALE,NO
House2759-2759-FEMALE,NO
House649-12055-FEMALE,NO
House5176-13270-FEMALE,NO
House2215-11101-MALE,NO
House2789-10699-MALE,NO
House1019-991-FEMALE,NO
House871-12678-MALE,NO
House1490-8294-MALE,NO
House385-371-FEMALE,NO
House1259-1243-FEMALE,NO
House1929-1927-FEMALE,NO
House4374-10279-MALE,NO
House3964-3921-FEMALE,YES
House5293-5272-MALE,NO
House667-9504-MALE,YES
House590-10724-FEMALE,NO
House3856-12853-FEMALE,NO
House2698-9493-MALE,NO
House167-14700-FEMALE,YES
House549-10261-MALE,NO
House3725-13047-MALE,NO
House5969-5942-MALE,NO
House4544-11958-MALE,NO
House2063-8200-FEMALE,NO
House764-745-FEMALE,YES
House4607-12415-MALE,NO
House1001-12129-FEMALE,NO
House2193-2216-MALE,NO
House2859-2855-FEMALE,YES
House1244-14789-MALE,YES
House98-6482-FEMALE,NO
House293-9379-FEMALE,NO
House5669-9382-FEMALE,NO
House2837-12861-MALE,NO
House2275-13705-MALE,NO
House1900-9825-MALE,NO
House1829-1828-MALE,NO
House1597-9657-FEMALE,NO
House2929-2923-FEMALE,NO
House4457-12907-FEMALE,NO
House1894-11386-MALE,NO
House5585-5579-FEMALE,NO
House852-15558-MALE,YES
House1345-11846-MALE,NO
House5582-5577-FEMALE,NO
House1939-10237-FEMALE,NO
House2992-13868-FEMALE,NO
House142-10372-MALE,NO
House4593-6337-FEMALE,NO
House33-9086-MALE,NO
House5399-5380-MALE,NO
House4366-12318-MALE,NO
House1436-1419-FEMALE,NO
House3767-3723-FEMALE,NO
House1043-14746-MALE,NO
House4490-9017-FEMALE,NO
House6019-10070-FEMALE,NO
House1337-7480-MALE,NO
House5917-5900-MALE,YES
House523-14405-FEMALE,NO
House879-13151-MALE,NO
House1757-1753-FEMALE,NO
House4827-4798-MALE,NO
House6019-12525-FEMALE,NO
House2952-2943-FEMALE,NO
House6019-15475-FEMALE,YES
House732-12989-MALE,NO
House834-816-MALE,NO
House1138-14011-MALE,YES
House4274-13662-MALE,YES
House4030-12316-MALE,NO
House2271-2283-FEMALE,NO
House3641-3586-MALE,NO
House1297-11629-MALE,NO
House5443-5429-FEMALE,NO
House3734-12679-FEMALE,NO
House5991-5966-MALE,NO
House5681-5670-MALE,NO
House3732-3676-MALE,NO
House6019-14646-FEMALE,NO
House1069-8742-FEMALE,NO
House424-11835-FEMALE,NO
House6019-13729-FEMALE,YES
House4516-4474-MALE,NO
House2012-2005-FEMALE,NO
House2559-13025-MALE,NO
House91-11900-MALE,NO
House2309-13535-MALE,NO
House5726-10017-FEMALE,NO
House2933-10050-FEMALE,NO
House1158-11253-MALE,NO
House2472-14310-MALE,NO
House77-10805-FEMALE,NO
House833-13386-MALE,NO
House2742-6994-MALE,NO
House2684-2699-FEMALE,NO
House1846-15314-MALE,YES
House5507-10874-FEMALE,NO
House4184-8996-FEMALE,YES
House686-8964-MALE,YES
House3742-12350-MALE,NO
House1654-8481-FEMALE,YES
House2325-14124-MALE,NO
House918-12277-MALE,NO
House5358-6868-FEMALE,NO
House2812-9952-FEMALE,NO
House3099-12615-FEMALE,NO
House1515-7663-FEMALE,NO
House1155-10106-FEMALE,NO
House6019-11750-FEMALE,YES
House3527-7405-MALE,YES
House2047-2048-MALE,NO
House3474-3424-MALE,NO
House4872-13239-MALE,YES
House5050-10092-MALE,NO
House1329-13012-MALE,NO
House655-14887-MALE,YES
House3516-10509-FEMALE,NO
House560-8962-FEMALE,NO
House4745-4714-MALE,NO
House4879-13577-MALE,NO
House4391-4358-MALE,NO
House792-11406-FEMALE,NO
House2200-12549-MALE,NO
House5123-12840-MALE,NO
House6019-10919-FEMALE,NO
House5608-10067-MALE,NO
House961-10430-FEMALE,NO
House6019-11204-FEMALE,NO
House3888-12267-MALE,NO
House1388-13364-MALE,NO
House5653-10444-FEMALE,NO
House4998-11589-MALE,NO
House6019-9788-FEMALE,NO
House2581-7019-MALE,NO
House5680-8208-FEMALE,NO
House5318-10056-MALE,NO
House4654-11641-FEMALE,YES
House5187-5159-FEMALE,NO
House240-223-FEMALE,NO
House6019-10427-FEMALE,NO
House23-13628-FEMALE,NO
House5485-5473-FEMALE,NO
House4826-4796-MALE,NO
House2279-15535-MALE,YES
House308-13183-MALE,NO
House3594-3544-MALE,NO
House5054-14743-MALE,NO
House1993-11332-MALE,NO
House2308-2323-FEMALE,NO
House1879-10314-MALE,NO
House3245-3204-MALE,NO
House1911-9333-FEMALE,NO
House6019-13701-FEMALE,YES
House1485-12579-FEMALE,YES
House2746-9256-MALE,NO
House1944-11233-MALE,NO
House2983-9151-FEMALE,NO
House2499-8417-FEMALE,NO
House1717-12686-MALE,NO
House4794-4758-MALE,NO
House5419-9572-FEMALE,NO
House1812-14958-MALE,YES
House4537-4486-MALE,NO
House2919-13080-FEMALE,YES
House2524-2540-MALE,NO
House2338-12165-MALE,NO
House1678-10487-MALE,NO
House4022-7873-FEMALE,NO
House5756-5742-MALE,NO
House5297-8780-MALE,NO
House3921-3881-FEMALE,NO
House1523-13321-FEMALE,NO
House6019-6177-FEMALE,NO
House1831-14599-FEMALE,YES
House42-10062-FEMALE,NO
House2099-2109-FEMALE,NO
House958-8823-FEMALE,YES
House1681-11882-MALE,NO
House622-8530-FEMALE,NO
House2079-13808-MALE,NO
House3987-3944-MALE,NO
House5646-5629-FEMALE,NO
House6002-6290-FEMALE,NO
House455-11512-FEMALE,NO
House3838-3796-MALE,NO
House2455-2474-MALE,NO
House275-247-FEMALE,NO
House5043-5019-FEMALE,NO
House2647-9902-MALE,NO
House73-11438-MALE,NO
House378-367-FEMALE,NO
House2739-11790-MALE,NO
House1421-14184-FEMALE,YES
House366-11661-FEMALE,NO
House1407-13809-MALE,YES
House1750-1744-MALE,NO
House5701-8534-FEMALE,NO
House3664-10807-FEMALE,NO
House1461-9784-MALE,NO
House221-13194-MALE,NO
House2230-8061-FEMALE,NO
House2782-10419-MALE,NO
House1822-10819-FEMALE,NO
House6019-13989-FEMALE,NO
House6019-13614-FEMALE,YES
House694-7871-FEMALE,NO
House1815-14638-MALE,NO
House5969-5943-FEMALE,NO
House1300-9779-FEMALE,NO
House5784-5773-FEMALE,NO
House3662-9722-MALE,YES
House1515-12250-MALE,NO
House408-14919-MALE,NO
House5537-5531-FEMALE,NO
House1666-12657-MALE,NO
House145-129-FEMALE,NO
House4641-6423-FEMALE,NO
House1912-1906-MALE,NO
House5775-5762-MALE,YES
House306-281-FEMALE,NO
House4608-12400-FEMALE,NO
House2670-13935-FEMALE,YES
House4766-8783-FEMALE,NO
House1631-1621-FEMALE,NO
House2299-7553-FEMALE,NO
House2525-15914-MALE,YES
House1217-13373-MALE,YES
House6019-9836-FEMALE,NO
House45-10252-MALE,NO
House6019-13015-FEMALE,NO
House1781-1787-FEMALE,YES
House5950-11107-FEMALE,YES
House194-175-FEMALE,NO
House2221-12365-MALE,NO
House1374-1355-FEMALE,NO
House424-11733-MALE,NO
House2448-2464-MALE,NO
House1520-1499-FEMALE,NO
House4572-9155-FEMALE,NO
House893-9579-MALE,NO
House3312-3267-FEMALE,NO
House497-15522-MALE,YES
House4095-7020-MALE,YES
House2174-14502-FEMALE,NO
House2691-12309-MALE,NO
House6019-15793-FEMALE,YES
House520-10618-FEMALE,YES
House668-8302-FEMALE,NO
House3074-8285-MALE,YES
House2607-11166-MALE,NO
House2068-13550-FEMALE,NO
House3246-3207-FEMALE,NO
House120-8214-FEMALE,NO
House2678-13827-MALE,NO
House1167-13497-FEMALE,NO
House1061-7964-MALE,YES
House2056-8863-FEMALE,NO
House4766-10113-MALE,NO
House5922-5907-FEMALE,NO
House4286-4242-MALE,NO
House5491-10246-MALE,NO
House494-13359-FEMALE,NO
House4936-8698-MALE,NO
House4823-10494-MALE,NO
House122-13603-FEMALE,NO
House4332-4289-FEMALE,NO
House6019-12866-FEMALE,NO
House2350-2363-FEMALE,NO
House4979-4954-MALE,NO
House1905-11439-FEMALE,YES
House6019-11448-FEMALE,NO
House5507-9222-MALE,NO
House6019-11167-FEMALE,NO
House962-13596-MALE,NO
House3629-14823-MALE,NO
House1778-12650-MALE,YES
House549-9553-FEMALE,NO
House2292-11395-MALE,NO
House2573-13308-MALE,NO
House1850-10105-FEMALE,NO
House2437-9891-FEMALE,NO
House5226-13397-FEMALE,YES
House5853-11652-MALE,YES
House3248-3211-FEMALE,YES
House1825-10853-FEMALE,NO
House2451-8180-FEMALE,NO
House4037-3996-MALE,NO
House4085-4041-FEMALE,NO
House5008-7810-MALE,NO
House2627-2636-MALE,YES
House3647-3590-MALE,NO
House2279-10762-FEMALE,NO
House5544-13506-FEMALE,NO
House2496-9316-MALE,NO
House107-6340-MALE,YES
House2453-6336-MALE,NO
House1343-6464-MALE,NO
House158-8980-FEMALE,YES
House3951-11248-MALE,YES
House2554-11518-FEMALE,NO
House2739-6355-FEMALE,NO
House407-11083-MALE,NO
House3257-8521-FEMALE,NO
House3277-13135-MALE,NO
House1806-11289-MALE,NO
House4254-4212-MALE,YES
House1202-13589-MALE,YES
House4809-14603-MALE,YES
House1603-7107-FEMALE,YES
House5759-14612-MALE,NO
House5497-5490-MALE,NO
House4492-10671-FEMALE,NO
House6019-11353-FEMALE,NO
House2273-14610-MALE,NO
House3946-3904-MALE,NO
House1452-12259-MALE,NO
House2627-2637-FEMALE,YES
House918-901-FEMALE,NO
House5048-9895-FEMALE,NO
House1320-1301-FEMALE,NO
House1037-12985-MALE,NO
House2898-10269-FEMALE,YES
House221-203-FEMALE,YES
House767-748-MALE,NO
House2541-11141-FEMALE,NO
House2166-12071-MALE,NO
House2827-11449-MALE,NO
House231-210-MALE,YES
House2546-12524-FEMALE,NO
House5117-5080-MALE,NO
House6019-14248-FEMALE,NO
House5396-13091-MALE,NO
House5895-13324-MALE,NO
House3694-10389-FEMALE,NO
House5539-14580-MALE,NO
House3376-8729-FEMALE,NO
House4578-7156-MALE,YES
House2421-2438-MALE,NO
House4912-4884-MALE,NO
House3831-9845-FEMALE,NO
House1801-12968-MALE,NO
House2809-13202-MALE,NO
House769-752-MALE,NO
House3572-10924-FEMALE,NO
House3123-7194-FEMALE,NO
House6019-12915-FEMALE,NO
House1251-10200-FEMALE,NO
House4046-6931-MALE,NO
House4105-4063-FEMALE,NO
House5288-5266-MALE,NO
House253-232-MALE,NO
House4428-7228-MALE,NO
House3155-3121-FEMALE,NO
House3673-8567-FEMALE,YES
House2066-14006-MALE,YES
House4930-4903-FEMALE,NO
House502-10590-FEMALE,NO
House5538-5533-FEMALE,YES
House3253-10647-FEMALE,NO
House4629-6245-FEMALE,NO
House5248-5223-FEMALE,NO
House4812-10339-FEMALE,NO
House3959-3917-FEMALE,NO
House3134-3102-MALE,NO
House6019-14333-FEMALE,NO
House5059-6333-FEMALE,NO
House84-10849-MALE,NO
House1758-1754-MALE,NO
House1307-13600-MALE,NO
House4376-14588-MALE,YES
House4608-12990-MALE,NO
House169-14970-MALE,YES
House6019-12520-FEMALE,NO
House2661-12634-MALE,NO
House1451-9274-FEMALE,YES
House4525-13436-MALE,NO
House2864-11797-MALE,NO
House4183-6382-MALE,NO
House2180-13328-MALE,NO
House1710-15519-MALE,YES
House23-10254-MALE,NO
House1759-10572-FEMALE,NO
House1337-13811-FEMALE,NO
House2933-11102-MALE,NO
House4703-4670-MALE,NO
House3943-6264-FEMALE,NO
House5211-7353-MALE,NO
House1603-14794-MALE,YES
House6019-14628-FEMALE,YES
House2126-2139-FEMALE,NO
House1975-11228-MALE,NO
House5347-5322-MALE,NO
House6019-10613-FEMALE,NO
House5706-5696-MALE,NO
House5059-10611-MALE,NO
House954-12766-FEMALE,NO
House2856-15030-FEMALE,NO
House4083-14213-MALE,NO
House3664-10554-MALE,NO
House6019-9652-FEMALE,NO
House1402-9309-MALE,NO
House3831-12675-MALE,NO
House1552-10684-FEMALE,NO
House4337-10631-MALE,NO
House93-9171-MALE,NO
House2540-2556-MALE,NO
House926-912-MALE,NO
House3009-9964-MALE,NO
House1114-9015-FEMALE,NO
House5038-11527-FEMALE,YES
House5502-15465-FEMALE,YES
House2412-13245-MALE,NO
House326-10245-MALE,NO
House2304-2317-FEMALE,YES
House2353-12216-FEMALE,NO
House4068-11861-FEMALE,NO
House1055-7944-MALE,NO
House1213-9032-FEMALE,NO
House3005-12284-FEMALE,NO
House363-11915-MALE,NO
House214-6247-MALE,NO
House1758-12384-FEMALE,YES
House812-12176-MALE,NO
House4930-4902-MALE,NO
House4594-4544-MALE,NO
House2392-13119-MALE,NO
House16-11530-MALE,NO
House6019-13805-FEMALE,NO
House2513-12096-FEMALE,NO
House2102-11886-MALE,NO
House5375-7295-FEMALE,NO
House3451-9591-MALE,NO
House2140-11978-MALE,NO
House349-334-MALE,NO
House5700-10711-MALE,NO
House55-10029-MALE,NO
House313-12143-MALE,NO
House6019-10816-FEMALE,NO
House4523-7586-FEMALE,NO
House5640-13371-MALE,NO
House5802-11737-FEMALE,NO
House1970-9898-FEMALE,NO
House6019-6513-FEMALE,NO
House156-9522-FEMALE,NO
House5783-12458-MALE,NO
House1861-12552-MALE,NO
House1838-1835-FEMALE,NO
House921-7281-FEMALE,NO
House2241-12331-FEMALE,NO
House1004-12075-MALE,NO
House2238-13539-MALE,YES
House168-14662-MALE,YES
House1475-9535-FEMALE,NO
House3035-8175-MALE,NO
House2199-6278-MALE,NO
House2859-9412-MALE,NO
House3006-12091-MALE,NO
House1952-12106-FEMALE,NO
House5107-8759-FEMALE,NO
House1595-6879-FEMALE,NO
House4941-11134-FEMALE,YES
House5472-5463-FEMALE,NO
House4995-4969-FEMALE,NO
House2825-2819-FEMALE,NO
House1324-10488-MALE,NO
House264-13416-FEMALE,NO
House1357-8042-FEMALE,NO
House1464-13513-FEMALE,NO
House2565-12759-FEMALE,YES
House5456-10566-MALE,NO
House1049-15550-MALE,YES
House3082-6606-FEMALE,NO
House28-11331-MALE,NO
House3615-3560-MALE,NO
House5008-8359-FEMALE,NO
House3949-6952-FEMALE,NO
House375-8482-FEMALE,NO
House3674-3615-FEMALE,NO
House2057-9375-MALE,YES
House4315-4268-MALE,NO
House6019-14298-FEMALE,YES
House6019-11123-FEMALE,NO
House1203-9043-FEMALE,NO
House923-908-MALE,NO
House3814-3764-MALE,NO
House712-9658-FEMALE,NO
House558-10799-FEMALE,NO
House395-12523-MALE,NO
House1741-1732-MALE,NO
House2510-11753-FEMALE,YES
House2526-10428-MALE,NO
House2327-10136-FEMALE,NO
House4594-9141-FEMALE,NO
House6019-15389-FEMALE,YES
House555-7717-MALE,NO
House89-15634-MALE,NO
House5294-5275-FEMALE,NO
House239-221-FEMALE,NO
House302-12033-MALE,NO
House2930-11715-MALE,NO
House2772-2769-FEMALE,NO
House1068-1041-FEMALE,NO
House1726-15283-MALE,YES
House5066-14526-MALE,NO
House1073-14632-MALE,YES
House3994-3951-FEMALE,NO
House1781-11724-MALE,NO
House3014-10288-FEMALE,NO
House3625-12501-FEMALE,YES
House6019-14882-FEMALE,YES
House2535-2552-MALE,YES
House471-14084-MALE,NO
House915-8529-MALE,NO
House4535-10395-MALE,YES
House4399-10577-MALE,NO
House4196-6830-FEMALE,NO
House1763-12995-FEMALE,NO
House560-12883-MALE,NO
House2930-16075-MALE,YES
House3813-9207-FEMALE,NO
House1015-10744-MALE,NO
House4140-9232-MALE,YES
