SampleID,Recency
House1608-13920-MALE,NO
House2560-12793-MALE,NO
House1229-10548-FEMALE,NO
House760-739-FEMALE,NO
House828-10315-FEMALE,NO
House2684-14615-MALE,YES
House1870-1861-FEMALE,YES
House2546-2563-FEMALE,NO
House5462-8421-FEMALE,NO
House2804-16057-MALE,YES
House1999-12075-MALE,NO
House1868-13623-FEMALE,YES
House5671-11079-FEMALE,NO
House5388-12418-FEMALE,NO
House3746-3699-FEMALE,NO
House5301-5282-MALE,NO
House911-11491-FEMALE,YES
House4755-12888-FEMALE,NO
House2922-16104-MALE,YES
House1649-11960-MALE,NO
House2245-11868-FEMALE,NO
House5060-5033-FEMALE,NO
House5388-9444-MALE,NO
House404-388-MALE,NO
House5513-5504-MALE,NO
House2926-2921-FEMALE,NO
House3562-13172-FEMALE,YES
House4818-7001-MALE,NO
House1382-11149-MALE,NO
House76-10673-FEMALE,NO
House171-13812-MALE,NO
House3224-3174-MALE,NO
House3931-13618-MALE,NO
House1557-11680-MALE,NO
House5027-11461-MALE,NO
House5601-5597-FEMALE,NO
House1111-6763-MALE,YES
House2531-2544-MALE,NO
House5742-11811-MALE,YES
House3818-3771-FEMALE,NO
House365-355-FEMALE,NO
House1522-1503-FEMALE,NO
House5336-9735-MALE,YES
House389-14349-FEMALE,NO
House2146-7191-MALE,NO
House5411-5386-MALE,NO
House2589-13612-MALE,YES
House2892-2889-FEMALE,NO
House5604-10699-MALE,NO
House705-676-MALE,NO
House1858-1847-FEMALE,NO
House2929-14118-MALE,NO
House4832-7743-MALE,NO
House3021-12170-FEMALE,NO
House4363-6945-FEMALE,NO
House2270-2281-FEMALE,NO
House1591-13589-FEMALE,YES
House1396-11317-MALE,NO
House6019-12682-FEMALE,NO
House3673-15453-MALE,YES
House3587-11195-FEMALE,NO
House1438-13625-MALE,NO
House1396-6211-FEMALE,NO
House1022-13205-MALE,NO
House5138-8619-FEMALE,NO
House6019-12764-FEMALE,NO
House4194-10210-MALE,NO
House6019-13124-FEMALE,NO
House954-11391-FEMALE,YES
House3614-11168-MALE,NO
House2429-2445-FEMALE,YES
House3693-3633-FEMALE,NO
House210-15214-FEMALE,YES
House2671-2683-FEMALE,NO
House370-10573-MALE,NO
House5115-5076-MALE,NO
House3862-10302-MALE,NO
House6019-13206-FEMALE,YES
House5163-5129-FEMALE,NO
House3089-8221-FEMALE,NO
House459-11524-MALE,NO
House2698-9947-MALE,NO
House1198-1170-MALE,NO
House1243-11946-MALE,NO
House3679-12417-FEMALE,NO
House5264-10044-FEMALE,NO
House1094-13801-MALE,NO
House946-14437-MALE,NO
House2990-10550-FEMALE,NO
House2281-11307-FEMALE,NO
House1549-13156-FEMALE,NO
House2891-13738-MALE,NO
House4606-14660-MALE,NO
House837-823-FEMALE,NO
House5615-5604-MALE,NO
House5963-14236-FEMALE,NO
House531-14790-FEMALE,YES
House4853-4821-FEMALE,NO
House5928-10716-MALE,NO
House2343-6653-FEMALE,NO
House4562-4511-FEMALE,NO
House3305-3262-MALE,YES
House4617-10969-MALE,NO
House4315-13111-MALE,NO
House3698-13397-FEMALE,NO
House4692-10529-MALE,NO
House2940-11462-FEMALE,NO
House819-15498-FEMALE,NO
House2588-14364-FEMALE,NO
House3160-8840-FEMALE,NO
House5837-11608-MALE,NO
House369-13019-MALE,YES
House642-6620-MALE,NO
House3778-3736-MALE,NO
House2012-13949-FEMALE,NO
House4662-15884-FEMALE,YES
House1196-1168-MALE,NO
House2520-13746-FEMALE,NO
House2404-2425-FEMALE,NO
House2039-11525-MALE,NO
House816-14564-FEMALE,NO
House5502-5494-MALE,NO
House1801-12573-FEMALE,NO
House2305-11936-FEMALE,NO
House3380-13549-FEMALE,YES
House1532-14657-FEMALE,NO
House2154-10676-MALE,NO
House793-11242-FEMALE,NO
House5571-15756-MALE,NO
House1755-10416-MALE,NO
House3145-9491-FEMALE,NO
House5656-5643-FEMALE,NO
House5360-14757-FEMALE,NO
House921-12931-MALE,NO
House2101-6529-FEMALE,NO
House1056-11204-FEMALE,NO
House1290-12675-MALE,YES
House1017-13337-MALE,YES
House1570-14959-MALE,NO
House5513-7293-FEMALE,YES
House4642-10120-MALE,NO
House960-943-FEMALE,NO
House352-15309-FEMALE,YES
House4909-10042-FEMALE,YES
House1849-9379-FEMALE,NO
House6019-10481-FEMALE,NO
House4374-12543-FEMALE,NO
House2272-13276-FEMALE,NO
House3371-12315-MALE,NO
House4729-7968-MALE,NO
House2451-15174-MALE,NO
House3593-7555-MALE,NO
House1794-1801-FEMALE,YES
House212-6509-FEMALE,NO
House6019-13073-FEMALE,NO
House3742-9172-FEMALE,NO
House3014-15582-MALE,YES
House2862-11578-MALE,NO
House2858-2853-FEMALE,NO
House2142-10612-MALE,NO
House5380-5361-FEMALE,NO
House5995-6526-MALE,NO
House119-101-FEMALE,NO
House2640-12936-MALE,NO
House6019-14013-FEMALE,NO
House928-8749-FEMALE,YES
House120-14190-FEMALE,YES
House830-12406-MALE,NO
House6019-16479-FEMALE,YES
House1578-12802-MALE,NO
House1069-10942-MALE,NO
House1093-11026-MALE,NO
House3483-13568-FEMALE,NO
House5258-5233-FEMALE,NO
House2014-16310-MALE,YES
House868-15342-MALE,YES
House4772-4735-FEMALE,NO
House1974-1967-FEMALE,NO
House3704-11167-MALE,NO
House5805-5791-FEMALE,NO
House5772-9183-MALE,NO
House5301-5283-FEMALE,NO
House3545-12207-FEMALE,NO
House4824-11537-MALE,YES
House4023-12784-FEMALE,NO
House3437-7645-FEMALE,YES
House4879-4852-MALE,NO
House388-12756-MALE,NO
House5212-13655-FEMALE,NO
House1604-14044-MALE,NO
House1693-11459-MALE,NO
House4123-12494-MALE,NO
House3467-3414-MALE,YES
House1956-11002-MALE,NO
House4263-11891-MALE,NO
House1413-14228-MALE,YES
House2945-11473-MALE,NO
House330-308-MALE,NO
House3987-6897-FEMALE,NO
House2864-9875-FEMALE,NO
House2823-13575-MALE,NO
House3923-3885-FEMALE,NO
House1521-15028-FEMALE,YES
House3562-13993-MALE,YES
House2363-2379-FEMALE,NO
House6019-13078-FEMALE,NO
House5936-11710-FEMALE,NO
House3262-14414-FEMALE,YES
House4066-12531-MALE,NO
House4150-7798-FEMALE,NO
House1726-1723-FEMALE,NO
House1535-1521-FEMALE,NO
House2975-11515-MALE,NO
House4681-4648-MALE,NO
House26-14367-MALE,NO
House4609-6282-FEMALE,NO
House4347-10645-FEMALE,NO
House2700-12290-MALE,NO
House3667-12925-MALE,NO
House3576-9566-MALE,NO
House3704-3647-FEMALE,NO
House178-7554-FEMALE,NO
House5146-12877-FEMALE,YES
House4291-4248-MALE,YES
House507-12566-MALE,NO
House1278-13469-MALE,NO
House725-13890-MALE,NO
House3135-8556-FEMALE,NO
House1183-14043-MALE,NO
House6019-14863-FEMALE,YES
House6019-13902-FEMALE,NO
House845-12242-FEMALE,NO
House1965-12820-MALE,NO
House2054-12197-FEMALE,NO
House922-14975-FEMALE,NO
House779-10511-FEMALE,NO
House2676-15094-MALE,NO
House208-11609-FEMALE,NO
House202-13037-MALE,NO
House3504-11422-FEMALE,NO
House1883-8896-FEMALE,YES
House5058-11551-MALE,NO
House3511-9749-MALE,NO
House5653-11325-FEMALE,NO
House6019-13473-FEMALE,NO
House5236-12814-MALE,NO
House214-13871-MALE,NO
House1421-1409-FEMALE,NO
House1923-15505-MALE,NO
House3962-14546-FEMALE,YES
House6019-14203-FEMALE,NO
House1324-7126-FEMALE,NO
House5824-5805-FEMALE,NO
House891-14734-MALE,YES
House2304-14425-MALE,NO
House5877-12748-FEMALE,NO
House2092-15869-MALE,YES
House4039-8302-MALE,YES
House414-13023-MALE,NO
House2241-14535-FEMALE,NO
House211-12305-MALE,NO
House2722-8868-MALE,NO
House2699-13514-MALE,NO
House715-12738-MALE,YES
House4803-9882-FEMALE,NO
House99-14085-MALE,NO
House544-517-FEMALE,NO
House5296-7903-MALE,NO
House2491-11617-MALE,NO
House5289-6231-FEMALE,NO
House611-13599-MALE,NO
House5963-12113-MALE,NO
House1440-11521-MALE,NO
House431-9993-FEMALE,NO
House2205-14032-FEMALE,NO
House2243-13790-MALE,NO
House122-13026-MALE,NO
House4779-4743-FEMALE,NO
House964-16182-FEMALE,YES
House2110-13301-FEMALE,NO
House2385-16123-MALE,YES
House1704-6834-FEMALE,NO
House203-12622-FEMALE,NO
House3724-10689-MALE,NO
House2000-8627-MALE,YES
House3850-13630-FEMALE,NO
House5246-12176-MALE,NO
House1294-9706-MALE,NO
House1480-14273-MALE,YES
House5892-5870-MALE,NO
House5748-5733-FEMALE,NO
House5415-5392-MALE,NO
House6019-11082-FEMALE,NO
House1171-13594-FEMALE,NO
House2043-10259-FEMALE,NO
House2751-14125-FEMALE,NO
House796-12666-MALE,NO
House5857-7891-FEMALE,NO
House1616-10502-FEMALE,YES
House3829-3785-FEMALE,NO
House3696-9994-MALE,NO
House52-12015-FEMALE,YES
House3190-8685-FEMALE,NO
House4770-4733-FEMALE,NO
House1209-11900-MALE,NO
House3000-13507-MALE,NO
House203-12396-MALE,NO
House1556-12643-MALE,NO
House2492-6450-MALE,NO
House240-223-FEMALE,NO
House4553-8051-FEMALE,NO
House3104-7830-FEMALE,NO
House3174-7757-MALE,NO
House6019-6188-FEMALE,NO
House1100-9627-MALE,NO
House3400-13115-MALE,NO
House3514-11247-FEMALE,NO
House6019-12334-FEMALE,NO
House5777-5767-FEMALE,NO
House169-10756-MALE,NO
House2648-10384-MALE,NO
House468-441-FEMALE,NO
House6019-13474-FEMALE,NO
House4676-8472-MALE,NO
House3571-3514-MALE,NO
House2232-9355-MALE,YES
House4864-4835-FEMALE,NO
House3325-3274-MALE,NO
House5434-12063-FEMALE,NO
House2436-14159-MALE,YES
House5784-5772-MALE,NO
House782-13307-FEMALE,YES
House836-821-FEMALE,NO
House1284-6702-MALE,NO
House744-13303-FEMALE,YES
House4045-11032-MALE,NO
House2328-9020-FEMALE,NO
House3862-9860-FEMALE,NO
House2011-11545-FEMALE,NO
House410-12409-MALE,NO
House511-14116-MALE,NO
House2458-2479-FEMALE,NO
House3820-11572-MALE,YES
House6019-15114-FEMALE,NO
House616-10568-FEMALE,NO
House1217-1198-MALE,NO
House6019-12407-FEMALE,NO
House4719-14271-MALE,YES
House4796-12843-MALE,NO
House1856-6698-MALE,NO
House2925-13794-MALE,NO
House1931-14344-MALE,NO
House2679-7361-FEMALE,NO
House5258-9742-MALE,NO
House2122-10602-FEMALE,NO
House5548-5543-FEMALE,NO
House1752-14721-MALE,NO
House3942-6609-MALE,NO
House4278-6959-FEMALE,NO
House2016-13824-MALE,NO
House3212-12294-MALE,YES
House4772-4734-MALE,NO
House5118-5083-FEMALE,NO
House1431-7146-FEMALE,NO
House4024-6704-MALE,NO
House3827-3783-FEMALE,NO
House618-13711-FEMALE,NO
House168-12837-MALE,NO
House395-381-FEMALE,NO
House4540-14838-FEMALE,NO
House2991-12649-MALE,NO
House6019-11533-FEMALE,NO
House2889-7028-FEMALE,NO
House2689-15837-FEMALE,YES
House1665-7842-MALE,NO
House6019-12690-FEMALE,NO
House2825-14691-MALE,NO
House2002-1995-FEMALE,NO
House3964-12266-MALE,NO
House3772-3731-FEMALE,NO
House6019-14611-FEMALE,NO
House5564-8885-FEMALE,NO
House5865-13390-MALE,NO
House3465-10011-FEMALE,NO
House2094-12056-FEMALE,NO
House1682-16561-MALE,YES
House3426-6778-FEMALE,NO
House5947-9638-FEMALE,NO
House1898-12060-FEMALE,NO
House2880-11139-FEMALE,NO
House1937-12711-MALE,NO
House5176-5147-FEMALE,NO
House1245-13679-FEMALE,NO
House2456-11007-FEMALE,NO
House5930-5917-FEMALE,NO
House1526-1508-MALE,NO
House4315-4269-FEMALE,NO
House5323-12518-MALE,NO
House335-319-FEMALE,NO
House5508-13467-FEMALE,NO
House1898-1886-MALE,NO
House4000-12597-MALE,NO
House1376-11445-FEMALE,NO
House2327-11663-MALE,NO
House5727-9824-FEMALE,NO
House3910-11938-FEMALE,NO
House773-7134-FEMALE,NO
House428-9530-FEMALE,NO
House5701-10333-MALE,NO
House487-461-FEMALE,YES
House1207-9841-MALE,NO
House1792-8867-MALE,NO
House2743-14156-FEMALE,NO
House1521-15330-MALE,YES
House2773-8133-MALE,NO
House3822-6391-MALE,NO
House2540-14201-FEMALE,NO
House5623-10713-MALE,NO
House2089-2095-FEMALE,NO
House1635-15820-MALE,YES
House4159-7371-FEMALE,NO
House4422-12921-MALE,NO
House4233-13065-FEMALE,NO
House2765-13158-FEMALE,YES
House2077-13010-MALE,NO
House5986-5960-MALE,YES
House1060-1035-FEMALE,NO
House557-529-FEMALE,NO
House2695-14606-FEMALE,NO
House885-6867-MALE,NO
House4970-16496-MALE,YES
House85-13751-MALE,YES
House2814-13456-MALE,NO
House1727-11961-FEMALE,NO
House459-7368-FEMALE,YES
House4340-14246-FEMALE,NO
House546-13452-FEMALE,YES
House4556-11187-MALE,YES
House3937-6771-MALE,NO
House1637-10879-MALE,NO
House2309-12587-MALE,NO
House226-8451-FEMALE,NO
House2502-12179-MALE,NO
House4815-12779-MALE,NO
House6018-5999-FEMALE,NO
House852-13607-FEMALE,YES
House6019-15162-FEMALE,NO
House1866-9041-MALE,NO
House3087-12922-MALE,NO
House4858-4827-FEMALE,NO
House2469-13756-MALE,NO
House2653-8318-FEMALE,YES
House5020-14051-MALE,NO
House5805-5790-MALE,NO
House1050-14028-FEMALE,YES
House2696-13814-FEMALE,NO
House1983-13033-FEMALE,NO
House432-11519-FEMALE,NO
House6019-13015-FEMALE,NO
House5517-14145-FEMALE,NO
House300-9545-MALE,NO
House1855-1844-MALE,NO
House6019-13935-FEMALE,NO
House1755-10352-FEMALE,NO
House5974-9772-MALE,NO
House2993-14815-FEMALE,NO
House4707-4679-FEMALE,YES
House1682-1683-FEMALE,NO
House72-11672-MALE,NO
House224-10733-FEMALE,NO
House2043-2044-MALE,NO
House1116-7745-FEMALE,NO
House3942-6490-FEMALE,NO
House4820-12688-FEMALE,NO
House5364-10531-FEMALE,NO
House361-9756-FEMALE,NO
House6019-15559-FEMALE,NO
House3304-11432-FEMALE,NO
House4359-12803-MALE,NO
House5166-11854-FEMALE,YES
House3313-12035-MALE,NO
House3219-7760-MALE,NO
House1111-1085-FEMALE,NO
House1998-13347-FEMALE,NO
House2937-13028-MALE,NO
House1255-16147-MALE,YES
House4214-6744-FEMALE,NO
House3-6521-FEMALE,NO
House3712-3655-FEMALE,YES
House2111-15318-FEMALE,NO
House1531-9758-FEMALE,NO
House4009-10116-MALE,NO
House4117-12129-MALE,YES
House3284-9073-FEMALE,NO
House911-10844-MALE,YES
House4713-10205-MALE,NO
House363-16016-MALE,YES
House136-13616-MALE,NO
House4987-11453-FEMALE,NO
House1450-13728-MALE,NO
House827-12317-MALE,NO
House1419-12405-MALE,NO
House2447-11111-MALE,NO
House2668-8060-FEMALE,NO
House4383-7306-FEMALE,NO
House1515-12790-FEMALE,NO
House1114-12665-MALE,NO
House4612-7872-MALE,NO
House4621-4581-FEMALE,NO
House1312-13460-MALE,NO
House3653-13573-MALE,NO
House3542-3492-MALE,NO
House1389-10593-FEMALE,YES
House2696-13194-MALE,NO
House4383-6891-MALE,NO
House1780-1784-MALE,NO
House4531-4485-FEMALE,NO
House4018-16447-MALE,YES
House1359-14015-MALE,NO
House2086-2088-MALE,NO
House793-12398-MALE,NO
House1577-10632-MALE,NO
House2145-10082-FEMALE,NO
House2677-13338-FEMALE,NO
House3596-6547-MALE,YES
House4632-13153-MALE,NO
House2887-10723-MALE,NO
House2010-12044-MALE,NO
House4123-11287-FEMALE,NO
House1716-13966-MALE,NO
House3412-8796-MALE,NO
House2298-11888-MALE,NO
House3937-3895-FEMALE,NO
House4447-9557-MALE,NO
House1272-13909-MALE,NO
House4720-4695-FEMALE,NO
House5596-5591-FEMALE,NO
House6019-12343-FEMALE,NO
House3329-3281-FEMALE,NO
House277-10382-FEMALE,NO
House3900-11889-MALE,NO
House5667-12956-MALE,NO
House207-10731-MALE,YES
House2910-13699-MALE,NO
House6019-9661-FEMALE,NO
House2856-2848-MALE,NO
House866-8021-FEMALE,NO
House3900-11363-FEMALE,NO
House2978-8320-FEMALE,YES
House1580-13185-FEMALE,NO
House2433-11842-MALE,NO
House6019-12487-FEMALE,NO
House1183-13996-FEMALE,YES
House1605-9803-FEMALE,NO
House1441-9120-FEMALE,NO
House5812-9680-FEMALE,NO
House605-14499-MALE,NO
House4942-4916-MALE,NO
House2952-11176-MALE,NO
House154-13038-FEMALE,NO
House4630-8332-FEMALE,NO
House3065-9570-FEMALE,NO
House2881-15322-MALE,NO
House776-11528-FEMALE,NO
House2180-2201-FEMALE,NO
House2145-10155-MALE,NO
House4582-12029-FEMALE,NO
House5126-5091-FEMALE,NO
House3264-9036-FEMALE,NO
House6019-11955-FEMALE,NO
House1892-14286-MALE,YES
House2889-13678-MALE,NO
House155-13736-MALE,YES
House4294-6718-MALE,NO
House2284-9187-FEMALE,NO
House5490-5481-FEMALE,NO
House6019-12563-FEMALE,NO
House3108-10770-FEMALE,NO
House5446-13090-MALE,NO
House4153-12620-MALE,YES
House6019-10374-FEMALE,NO
House3455-3403-FEMALE,NO
House671-13624-MALE,NO
House2182-12901-MALE,NO
House5430-12030-MALE,NO
House3094-11576-MALE,NO
House1095-12807-FEMALE,NO
House452-11841-FEMALE,NO
House495-12713-MALE,NO
House5478-7497-MALE,NO
House3527-3473-FEMALE,NO
House2583-7599-MALE,YES
House1528-13887-FEMALE,NO
House3361-10979-FEMALE,NO
House3003-9816-MALE,NO
House4179-8917-MALE,NO
House2215-13382-MALE,NO
House1169-15160-MALE,YES
House845-12234-MALE,NO
House1023-11529-MALE,NO
House6019-14152-FEMALE,YES
House3065-15976-MALE,YES
House561-11219-MALE,NO
House1146-12929-FEMALE,NO
House4853-4820-MALE,YES
House886-12141-MALE,NO
House6019-14056-FEMALE,NO
House2112-9321-FEMALE,NO
House5934-15291-MALE,YES
House5237-11703-FEMALE,YES
House4529-12788-MALE,YES
House237-10839-FEMALE,NO
House4580-15563-MALE,YES
House520-12890-MALE,NO
House5415-6234-FEMALE,NO
House3529-7111-FEMALE,NO
House912-11001-MALE,NO
House4429-13077-FEMALE,NO
House1759-12695-MALE,NO
House1675-1673-FEMALE,NO
House3114-16017-FEMALE,YES
House4013-11569-MALE,YES
House4617-13043-FEMALE,NO
House1629-8942-FEMALE,NO
House4075-11881-FEMALE,NO
House4640-12403-MALE,NO
House2761-8397-FEMALE,YES
House6019-11368-FEMALE,NO
House112-14243-FEMALE,YES
House3963-8120-FEMALE,NO
House2062-12601-MALE,NO
House514-10256-FEMALE,NO
House3917-6472-FEMALE,NO
House5352-14596-MALE,NO
House1480-1459-FEMALE,NO
House856-841-FEMALE,NO
House5807-8754-FEMALE,YES
House1255-1241-FEMALE,NO
House2759-10935-MALE,NO
House1282-14387-FEMALE,NO
House495-473-FEMALE,YES
House217-8083-MALE,NO
House3628-10960-FEMALE,NO
House4467-10330-FEMALE,NO
House4139-7933-MALE,YES
House4770-8195-MALE,NO
House2044-14172-MALE,NO
House2773-10729-FEMALE,NO
House298-6213-FEMALE,NO
House6019-15107-FEMALE,NO
House5211-5184-MALE,NO
House3971-3930-MALE,NO
House887-10581-MALE,NO
House4705-6821-FEMALE,NO
House545-9136-FEMALE,NO
House1661-13654-MALE,YES
House1735-6794-FEMALE,NO
House1416-9648-MALE,NO
House368-360-MALE,NO
House5086-11439-MALE,NO
House1325-10071-MALE,NO
House5431-7885-MALE,NO
House2454-10746-FEMALE,NO
House5162-12691-MALE,NO
House142-125-FEMALE,NO
House1539-14974-MALE,YES
House1207-1185-FEMALE,NO
House310-15136-MALE,NO
House3594-15594-MALE,NO
House243-11309-MALE,NO
House5434-12864-MALE,NO
House398-13689-MALE,NO
House304-9148-MALE,NO
House1198-1171-FEMALE,YES
House2190-11506-MALE,YES
House246-16730-MALE,YES
House2235-12609-MALE,NO
House3056-3036-MALE,NO
House1476-14728-FEMALE,YES
House232-9292-MALE,NO
House1383-12891-FEMALE,NO
House776-11553-MALE,NO
House6019-12593-FEMALE,NO
House2969-14676-FEMALE,NO
House1388-12298-MALE,NO
House5213-8410-MALE,NO
House4696-7459-FEMALE,NO
House4528-4481-FEMALE,NO
House3783-3739-FEMALE,NO
House1150-7060-MALE,NO
House1710-1708-MALE,YES
House2844-9082-MALE,NO
House4968-11973-FEMALE,NO
House154-9600-MALE,NO
House706-8895-FEMALE,NO
House3705-3649-FEMALE,NO
House2334-11752-MALE,NO
House3601-13579-MALE,NO
House341-326-MALE,NO
House1732-13606-MALE,NO
House1106-10711-FEMALE,NO
House6019-13512-FEMALE,YES
House1610-12066-MALE,NO
House2935-11084-FEMALE,NO
House1499-9616-MALE,NO
House550-12810-MALE,NO
House5492-11230-FEMALE,YES
House3742-12492-MALE,NO
House456-6480-FEMALE,NO
House3964-14242-FEMALE,NO
House5353-15012-FEMALE,NO
House1501-1485-FEMALE,NO
House1624-14747-FEMALE,NO
House2550-8565-MALE,NO
House4385-4353-FEMALE,NO
House1669-14213-FEMALE,NO
House5579-12194-FEMALE,NO
House4414-11041-MALE,NO
House5739-13703-FEMALE,NO
House4327-4281-FEMALE,NO
House1295-12740-MALE,NO
House2042-8378-FEMALE,NO
House1140-1107-FEMALE,NO
House2379-10041-MALE,NO
House5683-12948-MALE,NO
House2842-13805-FEMALE,NO
House4621-4580-MALE,NO
House2901-12481-MALE,NO
House1174-12705-MALE,NO
House4000-12768-FEMALE,NO
House5603-5598-MALE,NO
House1742-13886-FEMALE,NO
House4245-10685-FEMALE,YES
House929-12874-FEMALE,NO
House1090-12894-MALE,NO
House4083-14508-FEMALE,YES
House849-11863-MALE,NO
House5326-5306-MALE,NO
House3355-12981-MALE,NO
House6019-10661-FEMALE,NO
House1530-12177-MALE,NO
House2381-11771-MALE,NO
House6019-13718-FEMALE,NO
House584-552-MALE,NO
House2502-8572-FEMALE,NO
House5502-5495-FEMALE,NO
House2927-7937-FEMALE,NO
House5675-5662-MALE,YES
House5464-5448-MALE,NO
House2053-14626-FEMALE,NO
House6019-14744-FEMALE,NO
House3502-14496-MALE,NO
House2413-13451-MALE,YES
House3519-11274-MALE,NO
House1082-10967-MALE,NO
House1251-11266-MALE,NO
House2400-12397-MALE,NO
House1555-10279-MALE,NO
House2939-2931-FEMALE,NO
House4872-4846-MALE,NO
House3359-7350-MALE,NO
House1832-1832-MALE,NO
House1906-12293-FEMALE,NO
House4628-13542-FEMALE,YES
House4868-8679-MALE,NO
House1586-1573-FEMALE,NO
House4052-4008-MALE,NO
House3994-13369-MALE,NO
House3716-10951-FEMALE,YES
House3276-3234-MALE,NO
House1527-9476-MALE,NO
House2810-2805-FEMALE,NO
House3542-7737-FEMALE,NO
House159-13373-MALE,NO
House5212-9194-MALE,NO
House5590-11604-FEMALE,NO
House389-13145-MALE,NO
House1832-14501-FEMALE,NO
House2915-15705-MALE,NO
House2154-10351-FEMALE,NO
House5527-10609-FEMALE,NO
House2298-2307-FEMALE,NO
House1468-10057-FEMALE,NO
House2183-2205-FEMALE,NO
House2920-14064-FEMALE,NO
House5969-5943-FEMALE,NO
House2174-2197-FEMALE,NO
House4441-12827-MALE,NO
House497-474-MALE,NO
House2682-13262-FEMALE,NO
House337-12704-MALE,NO
House2325-10397-FEMALE,NO
House1828-10202-MALE,NO
House5870-5846-MALE,NO
House3264-9447-MALE,NO
House698-11559-MALE,NO
House4009-11380-FEMALE,NO
House6004-5982-MALE,NO
House1949-7946-FEMALE,NO
House3127-3094-MALE,NO
House5794-11211-MALE,NO
House3945-6370-FEMALE,NO
House1681-9786-MALE,NO
House52-12845-MALE,NO
House672-641-FEMALE,NO
House3190-8231-MALE,NO
House4159-6866-MALE,NO
House2593-2602-MALE,NO
House908-890-MALE,NO
House1445-12286-MALE,NO
House6019-15099-FEMALE,YES
House1757-1752-MALE,NO
House1248-1236-MALE,NO
House2901-13501-FEMALE,NO
House1043-11103-MALE,NO
House826-11660-MALE,NO
House2626-13322-MALE,NO
House3726-13929-FEMALE,NO
House3514-11717-MALE,NO
House261-15654-FEMALE,NO
House2931-8287-FEMALE,NO
House6006-5985-FEMALE,NO
House147-11277-MALE,NO
House2998-11286-MALE,NO
House2597-12459-MALE,NO
House1862-15223-MALE,NO
House948-10697-MALE,NO
House1040-11135-MALE,NO
House799-13919-MALE,NO
House2441-15034-MALE,YES
House1062-12021-MALE,NO
House582-13804-MALE,NO
House5683-15788-FEMALE,YES
House4813-11316-FEMALE,NO
House1231-1215-FEMALE,NO
House5882-14804-MALE,NO
House616-10938-MALE,NO
House3203-3153-FEMALE,NO
