SampleID,Recency
House5920-13440-MALE,YES
House4659-4627-FEMALE,NO
House1465-8553-FEMALE,NO
House1169-7648-MALE,NO
House1965-12334-MALE,NO
House1177-11854-FEMALE,NO
House974-958-MALE,NO
House1058-12337-MALE,NO
House2789-11921-MALE,NO
House524-503-FEMALE,NO
House668-10790-FEMALE,NO
House1898-12972-MALE,NO
House36-28-MALE,NO
House1145-8372-FEMALE,NO
House1987-11066-FEMALE,NO
House819-10410-MALE,NO
House696-665-FEMALE,NO
House5271-9547-FEMALE,NO
House2502-11160-MALE,NO
House1784-10655-MALE,NO
House2448-13205-MALE,YES
House5452-5439-FEMALE,NO
House2180-6255-FEMALE,NO
House3593-8618-MALE,NO
House6019-10828-FEMALE,NO
House4532-9520-FEMALE,NO
House6019-10839-FEMALE,YES
House512-488-MALE,NO
House2123-2134-MALE,NO
House5822-5800-MALE,NO
House3437-9459-FEMALE,NO
House2578-11062-MALE,NO
House3841-3798-MALE,NO
House2025-2022-MALE,NO
House2011-2003-FEMALE,NO
House1355-12988-MALE,YES
House5524-11930-MALE,NO
House3680-12003-FEMALE,NO
House4297-4254-MALE,NO
House285-9940-FEMALE,NO
House2187-2211-FEMALE,NO
House5636-8173-FEMALE,NO
House1323-11813-MALE,YES
House6019-6026-FEMALE,NO
House4786-13092-MALE,NO
House425-408-MALE,NO
House2551-11465-MALE,NO
House2299-2309-FEMALE,NO
House4709-11198-FEMALE,NO
House2816-9333-FEMALE,NO
House4935-8402-MALE,NO
House1975-6318-MALE,NO
House2086-2088-MALE,NO
House3829-6621-MALE,NO
House4268-4227-FEMALE,NO
House3879-12974-MALE,NO
House4122-4081-FEMALE,NO
House3194-6273-FEMALE,YES
House1100-1073-FEMALE,NO
House186-8643-FEMALE,NO
House2640-2649-FEMALE,NO
House2818-11510-MALE,NO
House2476-6827-FEMALE,NO
House4480-4447-FEMALE,NO
House2841-11516-MALE,NO
House206-186-MALE,NO
House4487-4455-FEMALE,NO
House6-10601-FEMALE,NO
House1193-8085-MALE,YES
House239-221-FEMALE,YES
House5435-5419-FEMALE,NO
House4485-8933-FEMALE,YES
House2596-11644-MALE,NO
House5038-5011-FEMALE,NO
House2092-13676-MALE,YES
House2449-2466-MALE,YES
House5123-10033-FEMALE,YES
House5213-10750-MALE,NO
House724-702-MALE,NO
House4274-7845-FEMALE,NO
House5007-9842-MALE,NO
House3262-10530-MALE,NO
House4757-7719-FEMALE,YES
House2521-8355-MALE,NO
House989-9667-FEMALE,NO
House3414-9386-FEMALE,YES
House877-13465-MALE,NO
House6019-10525-FEMALE,NO
House735-11268-FEMALE,YES
House526-8723-MALE,NO
House1899-1888-MALE,NO
House1315-11247-MALE,YES
House229-12282-MALE,YES
House1497-1478-MALE,NO
House2813-11683-FEMALE,NO
House595-13323-MALE,YES
House1852-10448-MALE,NO
House3835-12659-MALE,YES
House4323-13007-FEMALE,YES
House2071-11067-MALE,NO
House1578-7762-MALE,NO
House5701-5693-FEMALE,NO
House2944-10471-MALE,NO
House2969-10222-FEMALE,NO
House6019-10956-FEMALE,NO
House3217-10218-MALE,NO
House5064-8841-FEMALE,YES
House3833-12100-MALE,YES
House676-8154-FEMALE,NO
House5819-8651-MALE,NO
House3331-7192-MALE,YES
House175-13400-MALE,YES
House2592-9550-FEMALE,NO
House4889-7386-MALE,NO
House5355-12254-MALE,YES
House1114-10544-MALE,YES
House4697-8642-MALE,YES
House4139-4099-FEMALE,NO
House2714-9703-MALE,NO
House4119-4078-MALE,NO
House1136-8875-MALE,NO
House1832-1832-MALE,NO
House1493-1473-FEMALE,NO
House3173-3132-MALE,YES
House6019-6102-FEMALE,NO
House6019-6032-FEMALE,NO
House5983-11301-MALE,NO
House5990-5964-MALE,NO
House1247-11770-MALE,NO
House4304-9334-MALE,NO
House824-801-FEMALE,NO
House6019-6701-FEMALE,NO
House4848-11493-MALE,YES
House5064-7070-MALE,YES
House5359-10695-FEMALE,NO
House1313-1288-MALE,NO
House1722-8617-FEMALE,NO
House6019-12128-FEMALE,YES
House2592-9410-MALE,NO
House687-12407-MALE,YES
House2038-9371-FEMALE,NO
House5211-5184-MALE,NO
House5148-6452-FEMALE,NO
House2735-2737-FEMALE,NO
House2288-6370-FEMALE,NO
House3550-9961-MALE,NO
House1925-1925-FEMALE,NO
House608-576-MALE,YES
House641-7024-FEMALE,NO
House5749-13655-FEMALE,YES
House2470-2492-MALE,NO
House1099-1070-MALE,NO
House2555-2566-MALE,NO
House4615-4572-MALE,NO
House2776-2770-MALE,NO
House1138-8770-MALE,NO
House5684-8429-FEMALE,NO
House5681-5670-MALE,NO
House1736-1728-MALE,NO
House184-10806-MALE,NO
House4743-8532-FEMALE,NO
House5516-5506-MALE,NO
House1626-11194-MALE,NO
House4264-7761-MALE,NO
House4947-4923-FEMALE,NO
House3094-3071-FEMALE,NO
House69-10286-MALE,NO
House5672-10725-MALE,NO
House430-10312-MALE,NO
House5004-6704-MALE,YES
House2498-2522-MALE,NO
House701-12123-MALE,YES
House6019-11986-FEMALE,NO
House1618-13168-FEMALE,YES
House775-10949-MALE,YES
House1513-1493-FEMALE,YES
House1377-10212-FEMALE,NO
House2887-11143-MALE,NO
House3853-3812-MALE,NO
House2019-2013-FEMALE,NO
House6019-11886-FEMALE,YES
House13-12-MALE,NO
House1974-9498-MALE,NO
House6019-10532-FEMALE,NO
House668-13469-MALE,YES
House2216-6489-FEMALE,NO
House2589-11774-MALE,NO
House2012-11626-MALE,NO
House2070-2070-MALE,NO
House3239-13207-MALE,NO
House357-12935-FEMALE,YES
House6019-10403-FEMALE,NO
House4753-4719-FEMALE,NO
House159-12488-MALE,NO
House324-7656-MALE,NO
House2664-2674-MALE,NO
House1583-8869-FEMALE,NO
House3041-7611-MALE,YES
House5048-8459-FEMALE,NO
House491-10120-FEMALE,YES
House2759-12233-MALE,YES
House2020-2014-MALE,NO
House4344-9738-MALE,YES
House5439-9844-FEMALE,NO
House6019-10721-FEMALE,NO
House697-8498-FEMALE,NO
House777-10864-MALE,NO
House2572-12427-MALE,NO
House1732-10298-MALE,NO
House3958-10853-MALE,NO
House3937-10295-MALE,NO
House3063-11065-MALE,NO
House1973-1965-FEMALE,NO
House2023-11271-MALE,NO
House2176-13855-MALE,YES
House5377-5354-MALE,NO
House4189-4147-FEMALE,NO
House2447-2463-FEMALE,NO
House4941-9135-FEMALE,NO
House89-76-MALE,YES
House4763-4724-MALE,NO
House1437-13494-MALE,NO
House36-29-FEMALE,YES
House4422-7209-MALE,NO
House1974-9301-FEMALE,NO
House1185-7225-MALE,NO
House2856-8340-FEMALE,NO
House587-12715-MALE,YES
House2549-10095-MALE,NO
House251-9622-MALE,NO
House5872-5850-MALE,NO
House1107-11950-MALE,YES
House3957-7997-FEMALE,NO
House2806-11363-MALE,NO
House3264-7514-FEMALE,NO
House5551-8817-FEMALE,YES
House1608-12396-MALE,NO
House1417-11630-MALE,NO
House4360-4321-FEMALE,NO
House6019-6034-FEMALE,NO
House5072-5039-FEMALE,NO
House764-745-FEMALE,NO
House2415-10774-MALE,NO
House2416-11879-MALE,YES
House391-377-FEMALE,NO
House4309-4262-MALE,NO
House803-7632-MALE,NO
House1305-12039-FEMALE,NO
House2218-2243-FEMALE,NO
House874-860-MALE,NO
House1628-1617-FEMALE,NO
House6019-11893-FEMALE,NO
House1273-11605-MALE,NO
House333-10963-FEMALE,NO
House49-36-MALE,NO
House509-12148-FEMALE,YES
House4665-10708-FEMALE,NO
House5237-5207-FEMALE,NO
House3593-7758-FEMALE,NO
House2706-2720-MALE,YES
House1361-6776-FEMALE,NO
House3821-3775-FEMALE,NO
House1203-9023-MALE,YES
House1847-10373-FEMALE,NO
House5620-5608-MALE,NO
House4177-7854-MALE,NO
House6019-7100-FEMALE,NO
House6019-8116-FEMALE,NO
House3710-3651-FEMALE,NO
House4168-9854-FEMALE,NO
House193-172-MALE,NO
House1973-1964-MALE,NO
House216-198-MALE,YES
House1022-995-FEMALE,NO
House4553-4502-MALE,NO
House5550-5546-MALE,NO
House3216-3169-FEMALE,NO
House1591-12251-MALE,NO
House2587-11429-FEMALE,NO
House3005-13256-FEMALE,YES
House1157-1124-MALE,NO
House4933-4905-FEMALE,NO
House1658-1651-FEMALE,NO
House2406-11276-MALE,NO
House2121-2131-FEMALE,YES
House4454-12370-FEMALE,NO
House6019-6160-FEMALE,NO
House62-6899-FEMALE,NO
House5288-5266-MALE,NO
House1843-1838-MALE,YES
House786-7618-FEMALE,NO
House348-332-MALE,NO
House983-8721-MALE,NO
House1350-10581-MALE,NO
House1232-1216-MALE,NO
House2024-13100-MALE,YES
House1031-7791-FEMALE,NO
House1859-11517-MALE,YES
House5773-5758-MALE,NO
House4540-4488-MALE,NO
House3843-3802-MALE,NO
House3146-8378-MALE,NO
House4622-4582-MALE,NO
House1305-10786-MALE,NO
House3172-3130-MALE,YES
House2455-12551-MALE,YES
House1446-11197-MALE,NO
House818-794-MALE,NO
House971-11839-MALE,NO
House3890-3851-FEMALE,NO
House2192-2214-MALE,NO
House4738-6589-FEMALE,NO
House3829-9611-FEMALE,NO
House2440-2455-FEMALE,NO
House4598-11195-FEMALE,NO
House425-8775-FEMALE,NO
House2966-10152-FEMALE,NO
House3120-3089-FEMALE,NO
House6019-7713-FEMALE,NO
House2219-2245-FEMALE,NO
House1015-11838-FEMALE,NO
House351-338-MALE,NO
House4464-4433-FEMALE,NO
House5884-9510-FEMALE,NO
House825-11602-FEMALE,YES
House4229-4178-MALE,YES
House770-10972-MALE,NO
House4601-4551-FEMALE,YES
House6019-12046-FEMALE,YES
House5906-11037-MALE,NO
House6019-8443-FEMALE,NO
House1882-12694-MALE,NO
House2254-6480-FEMALE,NO
House3298-6399-MALE,YES
House1467-1451-FEMALE,NO
House1197-7907-FEMALE,NO
House681-11973-MALE,NO
House521-499-FEMALE,NO
House1769-6573-MALE,NO
House664-11952-MALE,NO
House3331-6394-FEMALE,NO
House858-842-MALE,NO
House872-6967-MALE,NO
House935-920-MALE,NO
House6019-11177-FEMALE,NO
House5922-5906-MALE,NO
House2780-2775-FEMALE,NO
House889-9052-MALE,NO
House1600-1591-FEMALE,NO
House3301-9471-MALE,NO
House362-12890-MALE,NO
House530-506-MALE,NO
House108-11545-MALE,YES
House729-11739-FEMALE,NO
House5038-5010-MALE,NO
House1575-1558-MALE,NO
House204-12969-MALE,YES
House582-7201-MALE,NO
House6019-9000-FEMALE,NO
House807-7658-MALE,NO
House3698-3639-FEMALE,NO
House1851-6424-FEMALE,NO
House5693-9581-FEMALE,NO
House1289-8981-MALE,NO
House3733-11538-MALE,NO
House5961-8858-FEMALE,NO
House2238-9481-FEMALE,NO
House3252-3213-FEMALE,NO
House4195-13686-FEMALE,YES
House1266-1248-MALE,NO
House5637-12358-MALE,NO
House2807-2801-FEMALE,YES
House2209-13013-MALE,NO
House5415-5393-FEMALE,YES
House887-10788-MALE,NO
House3970-11213-MALE,NO
House1984-8552-MALE,NO
House5943-11058-FEMALE,NO
House3536-12220-FEMALE,NO
House2905-2901-FEMALE,NO
House6019-6178-FEMALE,NO
House3423-3374-MALE,NO
House5071-9118-FEMALE,NO
House4119-4079-FEMALE,NO
House960-7111-MALE,NO
House1253-11361-MALE,NO
House4256-8590-MALE,NO
House2914-7167-MALE,NO
House4199-10040-MALE,YES
House18-11477-MALE,NO
House756-9805-MALE,YES
House1369-11895-MALE,NO
House385-6808-MALE,NO
House4112-7735-FEMALE,NO
House5871-5849-FEMALE,NO
House2211-2234-MALE,NO
House2442-7794-MALE,NO
House4582-6465-FEMALE,YES
House2027-2027-FEMALE,NO
House299-10605-FEMALE,NO
House4411-4372-MALE,YES
House1232-12357-FEMALE,YES
House197-6279-MALE,NO
House1342-12222-MALE,NO
House6019-6019-FEMALE,YES
House2036-11967-FEMALE,NO
House720-9365-FEMALE,NO
House3341-3291-FEMALE,NO
House5499-8674-MALE,NO
House6019-6086-FEMALE,NO
House1168-1136-MALE,NO
House3924-3887-FEMALE,NO
House147-11610-MALE,NO
House2702-2714-MALE,NO
House1007-981-FEMALE,NO
House2984-2972-MALE,NO
House1050-10634-MALE,YES
House318-297-FEMALE,NO
House4714-10791-FEMALE,NO
House4907-6999-FEMALE,NO
House246-229-FEMALE,NO
House5922-5907-FEMALE,NO
House151-135-FEMALE,NO
House1200-1173-FEMALE,NO
House2658-2662-MALE,NO
House5204-9508-FEMALE,NO
House6019-6052-FEMALE,NO
House936-12348-FEMALE,NO
House1912-1907-FEMALE,NO
House32-9812-MALE,NO
House1534-12265-MALE,NO
House5615-11672-MALE,NO
House327-8075-FEMALE,YES
House1224-1209-FEMALE,NO
House4262-6493-FEMALE,NO
House2963-11142-MALE,NO
House5992-10497-FEMALE,NO
House23-9117-MALE,NO
House1265-9245-MALE,NO
House749-8225-MALE,YES
House6019-6111-FEMALE,NO
House2291-6270-FEMALE,NO
House1765-1765-FEMALE,NO
House255-8220-MALE,NO
House790-12316-MALE,YES
House2151-2164-MALE,YES
House4298-4256-MALE,YES
House1558-8894-MALE,NO
House4459-4428-MALE,NO
House850-12319-MALE,NO
House2153-9356-FEMALE,NO
House2853-2847-FEMALE,NO
House2873-12652-FEMALE,YES
House304-278-MALE,NO
House317-8513-MALE,NO
House1658-11281-MALE,NO
House1416-12677-FEMALE,NO
House596-10851-MALE,NO
House5489-5479-FEMALE,NO
House5381-5362-MALE,NO
House494-470-MALE,NO
House1523-11548-FEMALE,NO
House4979-9076-FEMALE,YES
House800-780-MALE,NO
House4423-4386-MALE,NO
House613-9292-MALE,NO
House4305-4261-FEMALE,NO
House4652-4620-MALE,YES
House2159-8690-FEMALE,NO
House1734-12721-MALE,NO
House5684-9080-MALE,NO
House302-13088-MALE,YES
House628-591-FEMALE,NO
House2351-11164-MALE,NO
House4582-4534-MALE,YES
House1410-11634-MALE,NO
House4752-4717-FEMALE,NO
House4385-7619-FEMALE,NO
House63-10512-FEMALE,NO
House5326-5306-MALE,YES
House4551-7142-FEMALE,NO
House2103-9483-FEMALE,NO
House5-3-FEMALE,NO
House3714-8848-FEMALE,NO
House2904-9487-MALE,NO
House1428-7146-FEMALE,YES
House4249-4203-FEMALE,NO
House6019-7075-FEMALE,NO
House6019-6103-FEMALE,NO
House4604-4554-MALE,NO
House2275-8202-MALE,NO
House62-11410-MALE,NO
House1549-9992-MALE,NO
House362-351-FEMALE,YES
House880-867-FEMALE,NO
House5610-5600-MALE,NO
House233-11357-MALE,NO
House1778-1783-FEMALE,NO
House4675-4640-MALE,NO
House171-12464-MALE,YES
House946-12668-MALE,YES
House6019-11543-FEMALE,NO
House3501-3447-FEMALE,NO
House3052-8807-FEMALE,NO
House6019-13093-FEMALE,YES
House2652-13032-MALE,YES
House1154-6238-FEMALE,YES
House2717-9440-MALE,YES
House3312-8890-MALE,NO
House4040-4001-FEMALE,NO
House2524-2540-MALE,NO
House1661-1655-FEMALE,NO
House722-12925-FEMALE,NO
House2822-10698-FEMALE,YES
House4979-9598-MALE,NO
House604-570-MALE,NO
House6019-6674-FEMALE,NO
House4862-4833-FEMALE,YES
House1030-10903-MALE,NO
House2847-2838-MALE,NO
House5962-12735-MALE,YES
House6019-7775-FEMALE,NO
House5915-11789-MALE,YES
House2917-8320-MALE,YES
House3229-3184-MALE,NO
House1815-13216-MALE,YES
House1812-9967-FEMALE,NO
House6019-13212-FEMALE,YES
House2660-10543-MALE,NO
House1348-11708-MALE,YES
House5820-10126-FEMALE,NO
House1784-11094-FEMALE,NO
House6019-11435-FEMALE,YES
House5826-12561-FEMALE,NO
House2061-11311-MALE,NO
House4034-3994-MALE,NO
House5533-10290-MALE,YES
House14-10826-FEMALE,NO
House183-11863-MALE,NO
House29-8868-MALE,NO
House2892-2888-MALE,NO
House1086-1058-MALE,YES
House3546-10900-FEMALE,NO
House2814-6931-FEMALE,NO
House3465-11362-MALE,NO
House283-12755-MALE,YES
House3368-7994-MALE,NO
House1743-10787-MALE,NO
House4338-11236-MALE,NO
House648-10313-MALE,NO
House434-9146-FEMALE,NO
House2584-12063-MALE,NO
House6019-7174-FEMALE,NO
House6019-7545-FEMALE,NO
House1486-11095-FEMALE,NO
House226-208-MALE,NO
House3866-11216-MALE,YES
House6019-6183-FEMALE,YES
House5866-5844-MALE,NO
House141-12398-FEMALE,YES
House4312-4267-FEMALE,YES
House2837-2832-MALE,NO
House4224-4172-MALE,NO
House1529-8048-FEMALE,NO
House4077-4037-FEMALE,NO
House410-396-MALE,NO
House135-10194-MALE,NO
House2099-2109-FEMALE,NO
House5765-5750-MALE,NO
House2541-12511-MALE,NO
House712-684-MALE,NO
House4519-10822-MALE,NO
House885-10227-FEMALE,NO
House2306-2319-FEMALE,NO
House496-12647-MALE,NO
House264-6989-FEMALE,NO
House5198-5168-MALE,YES
House728-12140-FEMALE,NO
House1373-9928-MALE,NO
House861-846-MALE,NO
House5084-9604-FEMALE,YES
House361-349-FEMALE,NO
House2084-2087-FEMALE,YES
House3934-8846-MALE,NO
House6019-12387-FEMALE,NO
House6019-13159-FEMALE,NO
House4531-4484-MALE,NO
House679-647-FEMALE,NO
House3251-9562-MALE,NO
House1362-12549-MALE,NO
House4646-10819-MALE,NO
House3309-9180-MALE,NO
House1279-8332-MALE,NO
House6019-11697-FEMALE,NO
House731-711-FEMALE,NO
House2730-10457-FEMALE,YES
House4142-10759-MALE,NO
House3954-10370-MALE,NO
House2650-8367-MALE,NO
House3292-10220-MALE,NO
House808-787-FEMALE,NO
House2429-2444-MALE,YES
House3555-10623-MALE,NO
House2918-2917-FEMALE,NO
House798-10641-MALE,NO
House6019-6132-FEMALE,NO
House3821-3774-MALE,NO
House143-127-FEMALE,YES
House51-8189-MALE,YES
House2730-7609-MALE,NO
House4175-10755-MALE,NO
House264-6907-MALE,NO
House1483-12295-FEMALE,NO
House6019-12506-FEMALE,YES
House674-6361-MALE,NO
House4878-4850-MALE,NO
House1248-10269-FEMALE,NO
House3987-3944-MALE,NO
House2987-13543-FEMALE,YES
House4020-7603-MALE,YES
House642-12021-FEMALE,NO
House1601-9706-MALE,NO
House1197-7816-MALE,NO
House2402-10939-MALE,NO
House3984-11561-MALE,NO
House5013-4984-MALE,NO
House2158-7488-MALE,NO
House841-826-MALE,NO
House801-782-MALE,NO
House1714-11000-FEMALE,NO
House6019-6039-FEMALE,NO
House5447-5432-MALE,NO
House584-12067-MALE,NO
House821-9112-MALE,NO
House5050-8780-MALE,YES
House2847-2839-FEMALE,NO
House2490-10329-MALE,NO
House663-630-MALE,NO
House3184-3143-FEMALE,YES
House221-10533-MALE,NO
House6019-10789-FEMALE,NO
House3113-3087-FEMALE,YES
House13-13-FEMALE,NO
House2546-11718-MALE,NO
House6019-11850-FEMALE,NO
House3850-10281-MALE,NO
House3054-9303-MALE,NO
House630-592-MALE,NO
House5359-10932-MALE,NO
House1204-9266-MALE,NO
House4736-8566-MALE,NO
House2032-2033-FEMALE,NO
House521-498-MALE,NO
House1323-12619-FEMALE,NO
House4460-6842-MALE,NO
House32-27-FEMALE,YES
House4941-12336-MALE,NO
House1013-10258-MALE,NO
House4488-12015-MALE,NO
House3994-3950-MALE,YES
House5320-5300-MALE,NO
House4383-8856-MALE,NO
House4670-10817-FEMALE,NO
House2935-12840-MALE,YES
House1532-1514-MALE,NO
House6019-9915-FEMALE,NO
House1466-1449-FEMALE,NO
House1567-1549-FEMALE,NO
House3883-3838-MALE,NO
House2624-2630-MALE,NO
House2880-9489-FEMALE,YES
House4767-4730-MALE,NO
House6019-12294-FEMALE,NO
House1481-6267-FEMALE,YES
House1923-8009-FEMALE,NO
House2850-2842-MALE,NO
House1799-8331-FEMALE,NO
House5622-11383-MALE,NO
House367-8413-MALE,NO
House384-9039-FEMALE,NO
House2956-10249-FEMALE,NO
House3013-3004-MALE,NO
House2600-2611-FEMALE,NO
House532-12086-MALE,YES
House984-6479-FEMALE,NO
House5259-5235-FEMALE,NO
House1912-1906-MALE,NO
House1829-1829-FEMALE,NO
House5785-9099-MALE,YES
House1013-7318-FEMALE,NO
House5964-12044-FEMALE,NO
House3007-10016-FEMALE,NO
House243-225-FEMALE,NO
House5807-5793-FEMALE,NO
House2102-7058-FEMALE,NO
House5423-9924-MALE,NO
House6019-11457-FEMALE,NO
House3280-13020-FEMALE,YES
House1606-1598-MALE,YES
House1419-7021-MALE,YES
House830-810-MALE,NO
House5432-5414-MALE,NO
House209-192-MALE,NO
House6019-11499-FEMALE,NO
House6019-11869-FEMALE,NO
House463-436-MALE,NO
House4529-4482-MALE,NO
House764-9043-MALE,NO
House6019-7917-FEMALE,NO
House219-11557-MALE,NO
House5739-5720-MALE,NO
House2579-10495-MALE,NO
House2050-2052-MALE,NO
House4616-4575-FEMALE,NO
