SampleID,Recency
House2626-10196-MALE,NO
House5432-7295-FEMALE,NO
House520-8779-MALE,NO
House3886-3843-FEMALE,NO
House4066-4018-MALE,YES
House2470-2492-MALE,NO
House4135-10011-FEMALE,YES
House6019-11992-FEMALE,YES
House3986-11488-FEMALE,YES
House4796-8282-FEMALE,NO
House2624-8096-FEMALE,NO
House3243-3200-MALE,NO
House4634-4599-FEMALE,NO
House6019-10447-FEMALE,NO
House4775-6648-MALE,NO
House2435-11343-MALE,YES
House5681-5670-MALE,NO
House1570-1553-FEMALE,NO
House2655-7038-FEMALE,NO
House509-6483-MALE,NO
House4714-12264-MALE,NO
House388-6663-FEMALE,NO
House1364-11131-FEMALE,NO
House1228-1213-FEMALE,NO
House4878-4850-MALE,NO
House697-8498-FEMALE,YES
House1997-8624-MALE,NO
House800-780-MALE,NO
House1529-8048-FEMALE,NO
House1255-12353-MALE,YES
House1677-10406-FEMALE,NO
House2099-2109-FEMALE,NO
House4316-4271-FEMALE,NO
House40-7431-MALE,NO
House6019-10942-FEMALE,NO
House3536-12220-FEMALE,NO
House492-467-FEMALE,NO
House729-706-MALE,NO
House760-9688-MALE,NO
House5612-8879-FEMALE,NO
House1185-7225-MALE,NO
House1968-11790-FEMALE,NO
House3507-12050-MALE,NO
House960-7111-MALE,NO
House5148-5110-MALE,NO
House1714-11000-FEMALE,NO
House1558-8894-MALE,NO
House5373-6584-MALE,NO
House1397-8188-FEMALE,NO
House2175-10619-MALE,NO
House1239-11737-MALE,NO
House2853-2847-FEMALE,NO
House94-10733-MALE,NO
House1427-1415-FEMALE,YES
House4152-12173-FEMALE,NO
House2346-2357-FEMALE,NO
House197-6279-MALE,NO
House1734-12721-MALE,NO
House2190-2213-FEMALE,NO
House159-12488-MALE,YES
House4513-4470-MALE,NO
House1212-1195-FEMALE,YES
House5636-8173-FEMALE,NO
House2498-2522-MALE,NO
House14-10826-FEMALE,NO
House4520-4476-MALE,NO
House4537-4486-MALE,NO
House1439-7520-MALE,NO
House245-7483-MALE,NO
House5819-8651-MALE,NO
House108-11545-MALE,NO
House4745-4714-MALE,NO
House6019-11433-FEMALE,YES
House2159-6526-MALE,NO
House5020-4995-FEMALE,NO
House4463-7403-FEMALE,NO
House1596-1587-FEMALE,NO
House1792-12298-MALE,YES
House6019-10579-FEMALE,NO
House2992-7661-MALE,NO
House728-12140-FEMALE,NO
House6019-10441-FEMALE,YES
House734-715-FEMALE,NO
House859-845-FEMALE,NO
House3106-8975-FEMALE,NO
House5967-6282-MALE,NO
House2416-12095-FEMALE,NO
House639-6387-FEMALE,NO
House4305-4260-MALE,NO
House2738-2738-MALE,NO
House2142-10688-MALE,NO
House4156-4116-MALE,NO
House2213-2236-MALE,NO
House1800-1805-FEMALE,NO
House770-10972-MALE,NO
House2170-2190-MALE,NO
House676-8154-FEMALE,NO
House6019-11697-FEMALE,NO
House1157-1124-MALE,NO
House731-711-FEMALE,NO
House1209-1188-MALE,NO
House1266-1249-FEMALE,NO
House5922-5906-MALE,NO
House4738-6589-FEMALE,NO
House5819-5797-FEMALE,NO
House983-8721-MALE,NO
House2673-2685-FEMALE,YES
House613-9292-MALE,NO
House5943-10260-MALE,NO
House3986-3942-MALE,YES
House1977-7992-FEMALE,NO
House5820-13731-MALE,YES
House1243-10656-FEMALE,NO
House6019-11680-FEMALE,NO
House2092-2100-MALE,NO
House885-10855-MALE,NO
House2841-11516-MALE,NO
House1521-1500-MALE,NO
House2359-9919-MALE,NO
House5940-10042-MALE,NO
House796-11041-MALE,NO
House6019-12035-FEMALE,NO
House5943-11058-FEMALE,NO
House6019-6936-FEMALE,NO
House6019-6132-FEMALE,NO
House1151-1117-FEMALE,NO
House1612-12137-MALE,NO
House5435-5418-MALE,NO
House5115-5077-FEMALE,NO
House2847-2838-MALE,NO
House5513-5505-FEMALE,NO
House5174-5143-FEMALE,NO
House3052-8807-FEMALE,NO
House4561-4509-FEMALE,NO
House3553-10809-MALE,NO
House1778-1783-FEMALE,NO
House722-11663-MALE,NO
House638-601-FEMALE,NO
House4714-10791-FEMALE,NO
House2216-6489-FEMALE,NO
House2418-12964-MALE,YES
House3850-3809-FEMALE,YES
House475-8113-FEMALE,YES
House6019-8054-FEMALE,NO
House3194-6273-FEMALE,YES
House546-521-FEMALE,YES
House5992-10085-MALE,NO
House5439-9844-FEMALE,NO
House1314-1291-FEMALE,NO
House1780-1785-FEMALE,YES
House5906-11037-MALE,NO
House5749-13449-FEMALE,YES
House2340-2353-FEMALE,NO
House2594-11409-MALE,NO
House5872-5850-MALE,NO
House2777-2773-FEMALE,NO
House3486-11327-FEMALE,YES
House4454-12370-FEMALE,NO
House4520-4477-FEMALE,YES
House3947-12380-FEMALE,NO
House1446-8530-FEMALE,NO
House2545-8663-MALE,NO
House5746-8114-FEMALE,YES
House2261-11919-MALE,NO
House1401-12317-MALE,NO
House3634-11570-MALE,NO
House311-11254-MALE,NO
House1807-8866-FEMALE,NO
House725-10396-MALE,YES
House742-723-FEMALE,NO
House1590-11513-MALE,NO
House4119-4079-FEMALE,YES
House3793-3751-FEMALE,NO
House4659-4627-FEMALE,NO
House2499-2525-FEMALE,NO
House2727-9270-FEMALE,NO
House2253-11888-FEMALE,NO
House2703-2717-FEMALE,NO
House649-612-MALE,NO
House3391-3340-MALE,NO
House2186-11368-FEMALE,NO
House3698-3639-FEMALE,NO
House2153-9385-MALE,NO
House5994-5970-MALE,NO
House6019-8116-FEMALE,NO
House819-10410-MALE,NO
House6019-6033-FEMALE,NO
House2100-11788-MALE,NO
House2071-11067-MALE,NO
House327-7847-MALE,NO
House656-9587-FEMALE,NO
House3600-11535-MALE,YES
House4979-9598-MALE,NO
House1974-9498-MALE,NO
House2245-2269-FEMALE,YES
House3793-3750-MALE,NO
House4150-9108-FEMALE,NO
House1668-6685-FEMALE,NO
House3612-10243-FEMALE,YES
House5435-5419-FEMALE,NO
House529-12473-FEMALE,NO
House5959-8057-MALE,NO
House3821-3774-MALE,NO
House720-9423-MALE,NO
House62-11410-MALE,NO
House4418-12248-MALE,NO
House667-11424-MALE,YES
House5992-10497-FEMALE,NO
House1042-10886-MALE,NO
House4139-4099-FEMALE,NO
House5778-9486-FEMALE,NO
House701-12123-MALE,NO
House3542-10663-FEMALE,NO
House1748-1741-FEMALE,NO
House3647-3590-MALE,NO
House2345-11707-MALE,NO
House1410-11634-MALE,NO
House9-9-FEMALE,NO
House1027-7237-MALE,NO
House6019-7421-FEMALE,NO
House4707-4679-FEMALE,NO
House2650-8143-FEMALE,NO
House2574-11702-MALE,YES
House4177-4139-FEMALE,NO
House2088-2092-MALE,NO
House970-8726-MALE,NO
House2441-2456-MALE,NO
House1829-1829-FEMALE,NO
House4665-10708-FEMALE,NO
House5779-7476-MALE,NO
House1017-11013-MALE,NO
House3723-7084-MALE,NO
House695-11017-MALE,NO
House521-499-FEMALE,NO
House5953-7223-FEMALE,NO
House2537-2554-MALE,NO
House873-859-FEMALE,NO
House3394-3344-MALE,NO
House6-10601-FEMALE,NO
House13-12-MALE,NO
House2191-10833-MALE,NO
House147-8698-FEMALE,NO
House3593-7758-FEMALE,NO
House3663-10546-FEMALE,NO
House362-12890-MALE,NO
House1521-11962-FEMALE,NO
House1201-1175-FEMALE,YES
House3273-3231-FEMALE,YES
House1945-12778-MALE,NO
House3857-9031-MALE,YES
House6019-10055-FEMALE,NO
House369-12785-MALE,NO
House2016-11534-MALE,NO
House1169-7648-MALE,NO
House709-11686-MALE,NO
House820-8029-MALE,NO
House5135-8911-MALE,NO
House503-11124-FEMALE,YES
House1194-10719-FEMALE,YES
House968-11149-MALE,NO
House6019-13067-FEMALE,YES
House3651-9078-MALE,YES
House1538-1522-MALE,NO
House4274-7845-FEMALE,NO
House1018-8200-MALE,YES
House797-10456-FEMALE,NO
House6019-6069-FEMALE,NO
House1832-1833-FEMALE,NO
House4066-4019-FEMALE,NO
House2421-12217-MALE,NO
House2838-9148-MALE,NO
House1702-1705-FEMALE,YES
House2871-9941-MALE,NO
House1022-995-FEMALE,NO
House1083-1055-FEMALE,NO
House858-842-MALE,NO
House6019-8828-FEMALE,NO
House428-11309-FEMALE,NO
House2055-11034-MALE,NO
House1048-1022-MALE,NO
House1206-12008-MALE,YES
House4423-4386-MALE,NO
House2997-11114-MALE,NO
House3334-9580-MALE,NO
House6019-10266-FEMALE,YES
House3437-9459-FEMALE,NO
House3515-3462-MALE,NO
House4601-4550-MALE,NO
House1273-11605-MALE,NO
House5864-6300-FEMALE,NO
House4622-4583-FEMALE,NO
House5287-9997-FEMALE,NO
House1007-981-FEMALE,NO
House204-7243-FEMALE,NO
House526-8723-MALE,NO
House2549-7710-FEMALE,NO
House424-407-FEMALE,NO
House3202-3150-MALE,NO
House6002-5981-FEMALE,NO
House6019-6031-FEMALE,NO
House978-8497-FEMALE,NO
House3879-3835-FEMALE,NO
House3821-3775-FEMALE,NO
House285-9988-MALE,NO
House2390-11747-MALE,NO
House2521-8355-MALE,NO
House898-10982-FEMALE,NO
House2774-7829-MALE,NO
House6019-8722-FEMALE,NO
House1967-10980-FEMALE,NO
House4763-4724-MALE,NO
House2071-10666-FEMALE,YES
House4529-4483-FEMALE,NO
House4654-11371-MALE,NO
House1501-11033-FEMALE,NO
House1119-10443-FEMALE,NO
House2356-10904-MALE,NO
House4051-4006-MALE,NO
House2904-9487-MALE,NO
House4707-4678-MALE,NO
House447-9530-MALE,YES
House6019-11455-FEMALE,NO
House5739-5721-FEMALE,NO
House6019-12574-FEMALE,NO
House1465-8553-FEMALE,NO
House6019-11779-FEMALE,NO
House4360-4321-FEMALE,NO
House4398-8896-MALE,NO
House1274-1255-FEMALE,NO
House4551-9272-MALE,NO
House2838-9878-FEMALE,YES
House43-11989-MALE,NO
House6019-6144-FEMALE,NO
House5524-11930-MALE,NO
House937-11070-FEMALE,YES
House5334-5313-FEMALE,NO
House4941-12336-MALE,YES
House2817-9040-MALE,NO
House44-34-MALE,NO
House131-11512-MALE,YES
House4781-4747-FEMALE,YES
House5987-10988-MALE,YES
House3329-7887-MALE,YES
House5959-5937-FEMALE,NO
House1168-1137-FEMALE,NO
House2468-6327-MALE,NO
House18-11477-MALE,NO
House4551-7142-FEMALE,NO
House2029-9647-FEMALE,NO
House2592-9410-MALE,NO
House2008-11103-MALE,YES
House229-7494-FEMALE,YES
House4408-11924-FEMALE,NO
House4251-4207-FEMALE,NO
House1920-1917-FEMALE,NO
House2299-2309-FEMALE,NO
House5986-12780-MALE,YES
House2774-8082-FEMALE,NO
House5377-5354-MALE,YES
House1180-11218-MALE,NO
House1493-1473-FEMALE,NO
House4115-9639-FEMALE,NO
House2353-10003-MALE,YES
House2401-7468-FEMALE,YES
House2806-11363-MALE,YES
House4922-10065-MALE,NO
House3426-3376-MALE,NO
House2442-11308-FEMALE,NO
House5242-7013-MALE,YES
House2589-11774-MALE,NO
House1631-1620-MALE,NO
House824-801-FEMALE,NO
House33-8665-MALE,NO
House2043-9918-MALE,NO
House6019-6150-FEMALE,NO
House737-719-FEMALE,NO
House4949-9793-MALE,NO
House5282-5259-FEMALE,NO
House2837-2832-MALE,NO
House1289-8935-FEMALE,NO
House6019-6026-FEMALE,YES
House3931-11709-FEMALE,NO
House1029-6283-MALE,NO
House3545-3495-FEMALE,NO
House5302-9790-MALE,NO
House5428-5409-FEMALE,NO
House3996-11498-MALE,NO
House274-8529-MALE,NO
House170-7304-MALE,NO
House2587-11429-FEMALE,NO
House5797-5781-FEMALE,NO
House934-11701-MALE,NO
House1626-11194-MALE,NO
House4603-10888-MALE,NO
House5088-5058-MALE,NO
House932-7770-FEMALE,NO
House5805-5790-MALE,YES
House1802-12194-MALE,NO
House4152-4112-MALE,NO
House6019-13683-FEMALE,YES
House519-12361-MALE,YES
House1242-10446-MALE,NO
House1023-9975-MALE,NO
House2578-11062-MALE,NO
House1417-11341-FEMALE,NO
House4853-12047-MALE,NO
House596-10851-MALE,NO
House4040-4001-FEMALE,NO
House4291-4249-FEMALE,NO
House2251-9835-FEMALE,NO
House922-12142-MALE,NO
House1855-1844-MALE,NO
House2441-2457-FEMALE,NO
House6019-12110-FEMALE,NO
House3480-3431-FEMALE,YES
House1852-10448-MALE,NO
House1190-11163-MALE,NO
House873-9843-MALE,NO
House5225-8913-FEMALE,NO
House4652-4620-MALE,YES
House2584-12063-MALE,NO
House2984-11050-FEMALE,NO
House1770-1772-MALE,NO
House1444-1433-FEMALE,NO
House5000-4977-FEMALE,YES
House1405-11566-MALE,NO
House1997-1987-FEMALE,NO
House628-12998-MALE,NO
House1152-1119-FEMALE,NO
House1435-9424-MALE,NO
House5561-5556-MALE,YES
House1561-11480-MALE,NO
House2986-7269-FEMALE,NO
House6019-10375-FEMALE,NO
House2038-8675-MALE,NO
House806-9028-MALE,NO
House6019-11435-FEMALE,YES
House3910-3870-MALE,YES
House4343-6772-MALE,NO
House3146-8378-MALE,NO
House556-526-MALE,NO
House1342-12222-MALE,NO
House3698-3638-MALE,NO
House3203-10557-FEMALE,NO
House905-11825-FEMALE,YES
House3715-3661-FEMALE,YES
House2590-2598-MALE,NO
House2836-6438-MALE,NO
House3519-6453-MALE,YES
House2421-2439-FEMALE,NO
House5109-8511-FEMALE,NO
House2440-2455-FEMALE,NO
House4237-4186-MALE,NO
House1658-1651-FEMALE,NO
House3809-3761-FEMALE,NO
House428-412-MALE,NO
House2589-6631-FEMALE,YES
House6019-10121-FEMALE,NO
House3411-9597-MALE,NO
House628-591-FEMALE,NO
House5211-5185-FEMALE,YES
House3309-9180-MALE,NO
House1765-1764-MALE,NO
House1682-1682-MALE,NO
House6019-9801-FEMALE,NO
House3005-2994-MALE,NO
House1987-11066-FEMALE,NO
House1966-1961-FEMALE,NO
House1767-1768-MALE,NO
House1121-10603-MALE,NO
House4297-4254-MALE,NO
House1630-7788-FEMALE,NO
House164-8250-MALE,YES
House2524-2540-MALE,NO
House2107-8600-MALE,NO
House6019-6039-FEMALE,NO
House454-7546-FEMALE,NO
House530-507-FEMALE,NO
House728-13169-MALE,YES
House5298-5279-FEMALE,NO
House4256-8590-MALE,NO
House1293-1266-MALE,NO
House3722-8170-MALE,NO
House2476-6827-FEMALE,NO
House5013-4985-FEMALE,NO
House2686-2703-FEMALE,NO
House33-6419-FEMALE,NO
House4249-10738-MALE,NO
House1135-10074-FEMALE,YES
House741-8008-MALE,NO
House2238-9481-FEMALE,NO
House3723-7268-FEMALE,NO
House2315-2332-MALE,NO
House815-12201-MALE,NO
House359-11393-MALE,NO
House2164-2183-FEMALE,NO
House5799-8832-FEMALE,NO
House2957-8137-FEMALE,YES
House4788-4753-FEMALE,NO
House5282-13176-MALE,YES
House3471-11984-FEMALE,YES
House357-8708-MALE,NO
House5080-7771-MALE,NO
House3052-7643-MALE,NO
House4264-7761-MALE,NO
House3120-3089-FEMALE,NO
House1438-11257-MALE,NO
House2487-11526-MALE,NO
House124-106-MALE,NO
House2511-7332-MALE,NO
House4122-10713-MALE,NO
House2655-2658-MALE,NO
House4925-9648-FEMALE,NO
House2864-11006-MALE,NO
House3346-3294-MALE,NO
House2932-8795-MALE,NO
House1959-8556-MALE,NO
House5796-7089-FEMALE,NO
House2963-11142-MALE,NO
House38-6237-MALE,NO
House841-826-MALE,NO
House5807-5793-FEMALE,NO
House1574-8398-MALE,NO
House1279-8332-MALE,NO
House2810-9042-MALE,NO
House936-12348-FEMALE,NO
House2808-12224-FEMALE,NO
House3843-3802-MALE,NO
House4291-4248-MALE,NO
House5367-7842-FEMALE,NO
House2688-10820-MALE,NO
House3054-9303-MALE,NO
House336-320-MALE,YES
House1782-7309-FEMALE,NO
House430-10312-MALE,NO
House2653-13260-MALE,NO
House1448-11745-MALE,NO
House1600-1591-FEMALE,NO
House3570-3512-MALE,YES
House492-466-MALE,NO
House3666-3606-MALE,NO
House2818-11510-MALE,NO
House4242-4195-FEMALE,NO
House1648-10007-MALE,YES
House2780-8684-MALE,NO
House2289-10869-MALE,NO
House1316-1294-MALE,NO
House2351-11164-MALE,NO
House2760-9863-MALE,NO
House1526-1508-MALE,NO
House4476-4444-MALE,NO
House643-12592-MALE,NO
House1231-9589-MALE,NO
House3607-3555-FEMALE,NO
House403-8793-FEMALE,NO
House424-13211-MALE,YES
House3853-3812-MALE,NO
House1566-1546-MALE,NO
House4609-4560-MALE,YES
House1703-11998-MALE,NO
House933-11547-FEMALE,YES
House5367-10870-MALE,NO
House5773-5758-MALE,NO
House2750-10148-MALE,NO
House1013-10258-MALE,NO
House2555-9782-FEMALE,NO
House5672-10830-FEMALE,NO
House2270-11618-MALE,NO
House1782-1788-MALE,NO
House1652-1646-MALE,YES
House4309-4263-FEMALE,YES
House4921-9871-FEMALE,YES
House4656-7416-MALE,NO
House2536-11289-MALE,NO
House1657-6810-FEMALE,NO
House5742-13534-FEMALE,YES
House318-297-FEMALE,NO
House5072-5038-MALE,NO
House1651-1645-FEMALE,NO
House1100-1073-FEMALE,NO
House40-7365-FEMALE,NO
House6019-6032-FEMALE,NO
House317-8513-MALE,NO
House4842-7491-MALE,NO
House1153-11887-MALE,NO
House5194-8980-FEMALE,NO
House2158-7933-FEMALE,NO
House2012-11626-MALE,NO
House2918-2917-FEMALE,NO
House3050-7810-FEMALE,NO
House2316-10186-MALE,NO
House718-9711-MALE,NO
House2028-9368-MALE,NO
House768-10740-MALE,NO
House4277-12090-FEMALE,NO
House5071-9118-FEMALE,NO
House288-10157-FEMALE,NO
House5048-8459-FEMALE,NO
House821-9112-MALE,NO
House4634-7502-MALE,NO
House648-611-FEMALE,NO
House2566-7066-FEMALE,NO
House3555-10623-MALE,NO
House6019-11758-FEMALE,NO
House1472-8440-MALE,NO
House2789-13331-FEMALE,NO
House779-9519-FEMALE,NO
House5148-6452-FEMALE,NO
House378-8051-MALE,NO
House4485-8870-MALE,NO
House6019-10839-FEMALE,NO
House478-7535-MALE,NO
House755-732-MALE,NO
House582-7201-MALE,NO
House17-10028-FEMALE,NO
House731-12502-MALE,YES
House2102-2114-MALE,NO
House777-10864-MALE,NO
House6019-11491-FEMALE,NO
House2298-9536-FEMALE,NO
House314-7291-MALE,NO
House5568-5562-MALE,NO
House3890-7493-MALE,NO
House103-12459-MALE,NO
House1832-1832-MALE,NO
House2202-2226-MALE,NO
House4594-4544-MALE,NO
House524-12483-MALE,NO
House669-634-MALE,NO
House3933-6251-MALE,YES
House2437-11907-MALE,YES
House442-10411-FEMALE,NO
House4857-9154-FEMALE,YES
House801-782-MALE,NO
House534-508-MALE,NO
House482-9749-MALE,NO
House3331-6394-FEMALE,NO
House2423-2440-MALE,NO
House105-10320-MALE,NO
House32-27-FEMALE,NO
House6019-10789-FEMALE,NO
House1709-6297-FEMALE,NO
House2069-12782-MALE,NO
House535-9211-FEMALE,YES
House3041-7611-MALE,NO
House1165-1132-MALE,NO
House221-10533-MALE,NO
House2982-7754-FEMALE,NO
House5684-9080-MALE,NO
House2626-2635-FEMALE,YES
House2664-2674-MALE,NO
House2462-2482-MALE,NO
House6019-8456-FEMALE,NO
House989-9667-FEMALE,NO
House2546-11718-MALE,NO
House4706-10081-FEMALE,NO
House850-12319-MALE,NO
House2346-2356-MALE,NO
House696-664-MALE,NO
House2910-9326-MALE,NO
House1492-1471-FEMALE,NO
House245-8318-FEMALE,YES
House4459-4428-MALE,NO
House2166-8390-FEMALE,NO
House4736-7833-FEMALE,NO
House935-921-FEMALE,NO
House5839-12249-FEMALE,YES
House1417-11630-MALE,NO
House4749-6868-MALE,NO
House3252-3213-FEMALE,NO
House202-183-FEMALE,NO
House5156-6359-MALE,NO
House5731-10664-FEMALE,NO
House3464-3413-FEMALE,YES
House3680-12003-FEMALE,NO
House1916-10100-FEMALE,NO
House4062-4014-MALE,YES
House5598-10339-MALE,NO
House2086-2088-MALE,NO
House1871-1862-MALE,NO
House4938-11256-FEMALE,NO
House5516-7325-FEMALE,NO
House2704-6459-MALE,NO
House941-11043-MALE,YES
House4433-4396-MALE,NO
House2546-12589-FEMALE,NO
House1177-7381-MALE,NO
House2050-2052-MALE,NO
House258-8534-FEMALE,NO
House1998-1989-FEMALE,NO
House4224-4172-MALE,NO
House1847-10373-FEMALE,NO
House4767-4730-MALE,NO
House391-376-MALE,NO
House592-558-MALE,NO
House6019-11047-FEMALE,NO
House3619-3564-MALE,NO
House462-435-FEMALE,NO
House859-11945-MALE,YES
House176-10916-MALE,NO
House1612-9144-FEMALE,NO
House5871-5849-FEMALE,NO
House2487-13023-FEMALE,NO
House3262-12963-FEMALE,NO
House5831-5814-MALE,NO
House1105-10175-MALE,NO
House956-12599-MALE,YES
House4553-4502-MALE,NO
House4077-4037-FEMALE,YES
House5258-11144-MALE,NO
House5259-5235-FEMALE,NO
House2674-2686-MALE,NO
House5038-5011-FEMALE,NO
House1459-1443-FEMALE,YES
House2164-2182-MALE,NO
House1311-1286-MALE,NO
House1360-7370-FEMALE,NO
House4540-4489-FEMALE,YES
House3087-8814-MALE,NO
House4360-4320-MALE,NO
House2098-2107-FEMALE,NO
House1374-8948-MALE,NO
House2376-10771-FEMALE,NO
House186-8643-FEMALE,NO
House2355-7978-MALE,NO
House2264-6521-MALE,NO
House4500-4466-MALE,NO
House5373-6670-FEMALE,NO
House4532-9520-FEMALE,NO
House5884-9606-MALE,NO
House2885-9227-MALE,NO
House1212-1194-MALE,NO
House147-11610-MALE,NO
House1476-10365-MALE,NO
House1247-11770-MALE,NO
House4262-4220-MALE,NO
House2818-2811-FEMALE,NO
House8-6-MALE,NO
House913-7939-MALE,NO
House2284-2296-MALE,NO
House4052-4008-MALE,YES
House657-623-FEMALE,NO
House2856-8340-FEMALE,NO
House69-10286-MALE,NO
House1909-11404-MALE,NO
House4378-4341-FEMALE,NO
House3883-3839-FEMALE,NO
House414-398-MALE,NO
House333-10963-FEMALE,NO
House2232-6747-MALE,NO
House1145-1108-MALE,NO
House1149-8375-FEMALE,NO
House2642-8395-FEMALE,NO
House5459-10405-FEMALE,NO
House2275-8202-MALE,NO
House2355-11392-FEMALE,NO
House4579-6408-MALE,NO
House6019-12101-FEMALE,NO
House5964-13321-MALE,YES
House915-899-FEMALE,NO
House5799-8754-MALE,NO
House2702-2714-MALE,NO
House4408-11321-MALE,NO
House2361-6555-MALE,NO
House1871-9770-FEMALE,NO
House2023-11271-MALE,NO
House1355-1333-FEMALE,NO
House372-9469-FEMALE,NO
House830-810-MALE,NO
House5684-8429-FEMALE,NO
House643-8328-FEMALE,NO
House3441-7204-FEMALE,YES
House314-295-FEMALE,NO
House912-894-MALE,YES
House3523-3470-MALE,YES
House494-470-MALE,NO
House238-219-FEMALE,NO
House3094-3071-FEMALE,NO
House170-149-FEMALE,NO
House3095-9231-MALE,NO
House1918-1915-FEMALE,NO
House5603-10928-FEMALE,NO
House1700-10002-MALE,NO
House229-12282-MALE,YES
House171-12464-MALE,NO
House4527-10618-MALE,YES
House4675-4641-FEMALE,NO
House5237-5207-FEMALE,YES
House1028-11558-MALE,NO
House5294-5274-MALE,NO
House347-10048-FEMALE,YES
House6019-11831-FEMALE,NO
House1312-9367-MALE,NO
House4438-4403-FEMALE,NO
House3259-8914-MALE,NO
House3101-9573-MALE,NO
House1145-8372-FEMALE,NO
House5589-8020-MALE,NO
House2020-2014-MALE,NO
House2507-2531-FEMALE,NO
House4763-4725-FEMALE,YES
House5038-5010-MALE,NO
House6019-9698-FEMALE,NO
House2847-2839-FEMALE,NO
House5213-10750-MALE,NO
House2858-7326-MALE,NO
House806-8864-FEMALE,NO
House2458-2478-MALE,NO
House6019-12259-FEMALE,NO
House2306-2319-FEMALE,NO
House828-10297-FEMALE,NO
House1421-1408-MALE,NO
House1251-9296-FEMALE,NO
House624-10149-MALE,NO
House1527-1511-FEMALE,NO
House1989-1976-MALE,NO
House76-9751-MALE,YES
House4175-10755-MALE,NO
House5232-5201-FEMALE,NO
House466-9847-MALE,NO
House6019-6078-FEMALE,NO
House4553-6755-FEMALE,NO
House4385-7619-FEMALE,NO
House2-10583-FEMALE,NO
House4615-4572-MALE,NO
House3954-3911-FEMALE,NO
House1516-10293-FEMALE,NO
House178-156-MALE,NO
House737-9256-MALE,NO
House3063-10341-FEMALE,NO
House620-9194-FEMALE,NO
House388-10590-MALE,NO
House243-225-FEMALE,NO
House1030-10903-MALE,NO
House351-338-MALE,NO
House4142-11588-FEMALE,NO
House521-498-MALE,NO
House220-201-FEMALE,NO
House4440-8788-FEMALE,NO
House4070-4025-FEMALE,NO
House2210-13074-FEMALE,YES
House6019-11270-FEMALE,YES
House5405-8509-FEMALE,NO
House2032-2033-FEMALE,NO
House877-9730-FEMALE,NO
House1401-10999-FEMALE,NO
House3086-3062-MALE,NO
House1126-1095-FEMALE,NO
House3786-3740-MALE,YES
House3229-3184-MALE,NO
House2451-9681-MALE,NO
House2370-2382-MALE,NO
House3312-8890-MALE,NO
House4119-4078-MALE,NO
House2540-11359-MALE,NO
House62-6899-FEMALE,NO
House2307-2320-MALE,YES
House3931-3888-MALE,NO
House2383-2399-FEMALE,YES
House2918-2916-MALE,NO
House1800-7190-MALE,NO
House2444-2461-FEMALE,YES
House5499-8615-FEMALE,NO
House2593-2603-FEMALE,NO
House1378-9212-MALE,NO
House1883-1872-MALE,NO
House4168-9854-FEMALE,NO
House6019-11273-FEMALE,NO
House3710-3650-MALE,NO
House6019-6103-FEMALE,NO
House4753-12391-MALE,YES
House512-488-MALE,NO
House2671-2682-MALE,NO
House2376-10711-MALE,NO
House2394-2415-FEMALE,NO
House4537-4487-FEMALE,YES
House674-6361-MALE,NO
House550-522-MALE,NO
House1083-1054-MALE,NO
House2869-2867-FEMALE,NO
House1337-7565-MALE,YES
House1712-9190-MALE,NO
House2078-6287-MALE,NO
House3965-8205-MALE,YES
House2459-9780-FEMALE,NO
House510-485-FEMALE,NO
House647-11492-MALE,NO
House4127-11598-MALE,YES
House1592-1578-MALE,NO
House2191-10927-FEMALE,NO
House3253-10419-MALE,NO
House3750-3703-FEMALE,NO
House1863-9900-MALE,NO
House3700-3641-FEMALE,NO
House463-436-MALE,NO
House2537-2555-FEMALE,YES
House4909-4882-MALE,NO
House6019-11543-FEMALE,NO
House2952-9047-MALE,NO
House1197-7907-FEMALE,NO
House5061-5034-MALE,NO
House1140-12343-MALE,NO
House3546-10900-FEMALE,NO
House1851-6424-FEMALE,NO
House4127-7015-FEMALE,NO
House3301-9471-MALE,NO
House3833-11283-FEMALE,NO
House1382-1360-MALE,NO
House351-11633-FEMALE,YES
House3368-3313-FEMALE,NO
House4208-8264-FEMALE,NO
House559-12076-MALE,NO
House2905-2901-FEMALE,NO
House23-9117-MALE,NO
House5822-5801-FEMALE,NO
House671-7942-MALE,NO
House2385-2402-MALE,NO
House223-11865-MALE,NO
House236-215-FEMALE,NO
House1916-1912-MALE,NO
House2786-12014-MALE,NO
House1813-8026-MALE,NO
House2969-10222-FEMALE,NO
House4933-4905-FEMALE,NO
House2733-2734-MALE,NO
House29-8868-MALE,NO
House679-647-FEMALE,NO
House6019-6111-FEMALE,NO
House5156-6861-FEMALE,NO
House3212-3165-FEMALE,YES
House1566-1547-FEMALE,NO
House627-588-MALE,NO
House4970-4948-MALE,NO
House1218-12850-FEMALE,NO
House6019-6170-FEMALE,NO
House4718-4690-MALE,NO
House5961-8858-FEMALE,NO
House385-6808-MALE,NO
House2987-2977-FEMALE,YES
House2504-6269-FEMALE,YES
House3626-9655-MALE,NO
House6019-10315-FEMALE,NO
House3619-3565-FEMALE,NO
House2944-10471-MALE,NO
House243-12280-MALE,NO
House796-12435-FEMALE,YES
House537-12992-MALE,YES
House78-65-FEMALE,NO
House605-572-MALE,NO
House2699-2711-FEMALE,YES
House2178-10959-MALE,YES
House59-44-MALE,NO
House49-9496-FEMALE,NO
House3184-3142-MALE,NO
House4243-4196-MALE,NO
House1973-1964-MALE,NO
House4889-7386-MALE,NO
House2298-2306-MALE,NO
House1036-1007-FEMALE,NO
House5667-5652-MALE,YES
House6019-6121-FEMALE,NO
House1973-1965-FEMALE,NO
House5610-5601-FEMALE,YES
House4256-4215-FEMALE,NO
House949-930-MALE,NO
House5749-11445-MALE,NO
House1915-1911-FEMALE,NO
House3142-3104-MALE,NO
House1643-1640-MALE,NO
House696-665-FEMALE,NO
House3100-7101-FEMALE,NO
House2278-2290-MALE,NO
House5922-5907-FEMALE,NO
House1314-11925-MALE,NO
House5866-5844-MALE,NO
House4154-11079-MALE,NO
House559-531-FEMALE,NO
House2185-11188-MALE,NO
House1252-11494-MALE,NO
House1269-1252-MALE,NO
House36-28-MALE,NO
House2660-10543-MALE,NO
House2061-11311-MALE,NO
House299-10605-FEMALE,NO
House6019-6054-FEMALE,NO
House1005-8358-MALE,NO
House4338-6653-FEMALE,NO
House285-9940-FEMALE,NO
House931-917-FEMALE,YES
House1467-1451-FEMALE,NO
House3567-8095-FEMALE,NO
House5871-5848-MALE,NO
House2288-6370-FEMALE,NO
House3883-3838-MALE,NO
House2166-11820-MALE,NO
House4488-12015-MALE,NO
House340-10211-FEMALE,NO
House1377-10212-FEMALE,NO
House1925-1924-MALE,NO
House855-838-MALE,YES
House2560-10637-MALE,NO
House4603-12072-FEMALE,NO
House2456-10717-FEMALE,NO
House1470-11454-MALE,NO
House5904-5883-FEMALE,NO
House2469-2490-MALE,NO
House3826-3780-MALE,NO
House5611-5603-FEMALE,YES
House2639-6687-FEMALE,NO
House2915-7311-FEMALE,NO
House2466-9176-FEMALE,YES
House1207-1184-MALE,NO
House3006-2997-FEMALE,NO
House2008-2001-FEMALE,NO
House3957-8172-MALE,NO
House1140-1107-FEMALE,NO
House300-8716-MALE,NO
House5000-4976-MALE,YES
House2408-11515-MALE,NO
House6019-6058-FEMALE,NO
House1238-1224-MALE,NO
House2211-2234-MALE,NO
House6019-8357-FEMALE,NO
House2978-9554-MALE,NO
House1496-11201-MALE,NO
House676-8589-MALE,NO
House1736-1728-MALE,NO
House4639-8620-FEMALE,YES
House1768-1770-MALE,NO
House1795-8906-FEMALE,NO
House4229-8296-FEMALE,YES
House641-7024-FEMALE,NO
House662-628-MALE,NO
House270-12733-MALE,YES
House1319-9003-MALE,YES
House1532-1514-MALE,NO
House6019-11961-FEMALE,NO
House1024-11153-MALE,NO
House3680-11324-MALE,NO
House2619-2625-FEMALE,NO
House31-6611-MALE,NO
House141-7434-MALE,NO
House3924-3886-MALE,NO
House4422-6988-FEMALE,NO
House1476-10161-FEMALE,NO
House1408-1391-FEMALE,NO
House4645-4610-MALE,NO
House2741-10694-MALE,NO
House1757-9999-MALE,NO
House227-9637-FEMALE,YES
House4177-7854-MALE,NO
House2699-9621-MALE,YES
House414-399-FEMALE,NO
House1294-11929-MALE,NO
House2103-2116-MALE,NO
House3515-3463-FEMALE,NO
House1100-1072-MALE,NO
House2077-2078-MALE,NO
House373-6349-FEMALE,NO
House5603-5598-MALE,NO
House2158-7488-MALE,NO
House1121-12244-FEMALE,NO
House5622-11383-MALE,NO
House831-12371-FEMALE,YES
House5014-11554-FEMALE,NO
House5021-7226-MALE,NO
House4251-4206-MALE,NO
House622-11712-MALE,NO
House1044-11168-MALE,YES
House5889-7266-MALE,NO
House3291-3252-MALE,NO
House2207-11336-MALE,NO
House6019-7545-FEMALE,NO
House2776-2771-FEMALE,NO
House4200-6377-MALE,NO
House2816-8929-MALE,NO
House5805-5791-FEMALE,YES
House6019-10067-FEMALE,NO
House390-9096-FEMALE,NO
House1240-1227-FEMALE,YES
House724-702-MALE,NO
House1347-10746-MALE,NO
House4630-4595-FEMALE,NO
House634-596-MALE,NO
House3759-8586-FEMALE,YES
House48-11938-MALE,NO
House5693-5678-MALE,NO
House920-11880-FEMALE,NO
House584-12067-MALE,NO
House1763-11132-MALE,NO
House2098-13562-MALE,YES
House2670-2681-FEMALE,NO
House6019-11439-FEMALE,YES
House6019-12808-FEMALE,NO
House284-6569-FEMALE,NO
House3272-3228-MALE,NO
House5779-7401-FEMALE,YES
House2775-12576-MALE,YES
House2106-2120-MALE,NO
House4594-4545-FEMALE,NO
House4604-4554-MALE,NO
House1918-1914-MALE,NO
House3410-3363-FEMALE,NO
House1741-1732-MALE,NO
House143-127-FEMALE,NO
House1351-12708-MALE,YES
House6019-11965-FEMALE,NO
House1640-11122-FEMALE,NO
House5826-12561-FEMALE,NO
House2405-2427-FEMALE,NO
House1702-1704-MALE,YES
House45-8989-MALE,YES
House5499-8674-MALE,NO
House2753-8081-FEMALE,NO
House4753-4719-FEMALE,NO
House1601-9706-MALE,NO
House2816-9333-FEMALE,NO
House2502-12388-FEMALE,YES
House3984-12976-FEMALE,NO
House4907-4878-MALE,NO
House206-186-MALE,NO
House4986-6879-MALE,NO
House3426-3377-FEMALE,YES
House4328-6268-MALE,YES
House3812-12136-FEMALE,NO
House2394-2414-MALE,NO
House4150-11397-MALE,NO
House3824-8658-FEMALE,NO
House2415-10774-MALE,NO
House539-7247-MALE,NO
House3396-7768-FEMALE,NO
House2592-9550-FEMALE,NO
House762-742-MALE,NO
House648-10313-MALE,NO
House2494-11678-MALE,YES
House6019-11760-FEMALE,NO
House2218-2243-FEMALE,NO
House5288-5266-MALE,NO
House786-11228-MALE,NO
House1891-9629-MALE,NO
House1052-11279-MALE,NO
House2733-8889-FEMALE,NO
House6019-11177-FEMALE,NO
House3341-3291-FEMALE,NO
House1358-11401-FEMALE,YES
House2429-2444-MALE,NO
House1793-7596-MALE,NO
House5541-5537-FEMALE,NO
House333-12821-MALE,YES
House530-506-MALE,NO
House1200-1173-FEMALE,NO
House880-867-FEMALE,NO
House4281-4238-MALE,NO
House2419-11656-MALE,NO
House134-115-FEMALE,NO
House1249-9894-MALE,NO
House125-9298-MALE,NO
House2480-7803-FEMALE,NO
House2192-2214-MALE,NO
House1534-8978-FEMALE,NO
House1266-1248-MALE,NO
House53-12604-MALE,NO
House2223-7228-MALE,NO
House1253-11361-MALE,NO
House2214-2238-MALE,NO
House1529-12627-MALE,NO
House5864-5842-MALE,NO
House5600-5594-MALE,NO
House6019-13347-FEMALE,YES
House239-8368-MALE,YES
House969-7220-FEMALE,NO
House1003-10871-FEMALE,NO
House75-11069-MALE,NO
House2146-11853-FEMALE,NO
House3550-9961-MALE,NO
House350-10723-MALE,NO
House1072-1045-FEMALE,NO
House1155-10058-FEMALE,NO
House5739-5720-MALE,NO
House2549-10095-MALE,NO
House5701-5693-FEMALE,NO
House4526-8855-FEMALE,NO
House5267-5243-FEMALE,YES
House5423-9924-MALE,NO
House3481-9789-MALE,YES
House1355-12988-MALE,NO
House487-460-MALE,NO
House773-7297-MALE,NO
House2066-2067-FEMALE,NO
House484-454-MALE,YES
House1480-1458-MALE,YES
House5237-5206-MALE,NO
House1636-1629-FEMALE,NO
House4226-4175-FEMALE,NO
House3957-7997-FEMALE,NO
House5820-10126-FEMALE,NO
House1218-11003-MALE,YES
House2735-2737-FEMALE,NO
House259-238-MALE,NO
House1626-11166-FEMALE,NO
House1079-13796-FEMALE,YES
House4277-4234-MALE,NO
House2991-9754-MALE,NO
House1313-1288-MALE,NO
House3975-3934-MALE,YES
House808-11536-MALE,NO
House6019-10354-FEMALE,NO
House39-30-MALE,NO
House4385-4352-MALE,NO
House1678-6874-MALE,NO
House3351-10706-MALE,NO
House3912-7604-FEMALE,NO
House135-10194-MALE,NO
House2402-10939-MALE,NO
House396-7277-MALE,NO
House2623-2628-MALE,NO
House984-6479-FEMALE,NO
House1590-12793-FEMALE,YES
House3328-9944-FEMALE,YES
House3071-10595-MALE,NO
House6019-11116-FEMALE,NO
House712-685-FEMALE,NO
House6019-12758-FEMALE,YES
House1013-7318-FEMALE,NO
House6019-11457-FEMALE,NO
House5952-7379-MALE,NO
House2106-2121-FEMALE,YES
House3979-11562-MALE,NO
House2917-8320-MALE,NO
House1192-13610-MALE,NO
House741-8010-FEMALE,NO
House6019-7100-FEMALE,NO
House1222-9533-MALE,NO
House1697-7947-MALE,NO
House4064-4016-MALE,YES
House5678-7676-MALE,NO
House3829-6621-MALE,NO
House2767-9335-FEMALE,NO
House2772-2768-MALE,NO
House4454-10254-MALE,NO
House3109-3081-FEMALE,NO
House3006-12417-MALE,YES
House186-166-MALE,NO
House2568-11020-MALE,YES
House1360-10077-MALE,NO
House2905-2900-MALE,NO
House3726-6639-MALE,NO
House1574-1557-FEMALE,NO
House2763-10288-FEMALE,NO
House6019-7378-FEMALE,NO
House3824-3778-MALE,NO
House5637-12807-FEMALE,NO
House2859-12816-FEMALE,NO
House5139-5103-FEMALE,YES
House1453-12878-FEMALE,YES
House255-8220-MALE,NO
House5722-9861-MALE,NO
House4249-4203-FEMALE,NO
House3248-9055-FEMALE,YES
House1168-1136-MALE,NO
House712-684-MALE,NO
House415-9899-MALE,NO
House2904-9321-FEMALE,NO
House6019-6086-FEMALE,NO
House3663-10201-MALE,NO
House748-13146-FEMALE,YES
House1138-8770-MALE,NO
House2894-9914-MALE,NO
House3750-3702-MALE,NO
House3463-3411-FEMALE,YES
House1066-12299-MALE,YES
House6019-8908-FEMALE,NO
House823-11511-MALE,NO
House6019-12387-FEMALE,NO
House4925-9515-MALE,NO
House5545-5541-FEMALE,YES
House698-8111-MALE,NO
House870-9129-MALE,NO
House4232-9011-FEMALE,NO
House144-9501-MALE,YES
House4948-6912-MALE,NO
House3850-10281-MALE,NO
House2447-12402-MALE,NO
House2373-10937-MALE,NO
House6019-6165-FEMALE,NO
House1534-12265-MALE,NO
House4490-6607-MALE,NO
House5128-8951-MALE,NO
House1660-1652-MALE,NO
House2354-2366-MALE,NO
House5048-8065-MALE,NO
House4537-13667-FEMALE,YES
House2153-9356-FEMALE,NO
House5807-8702-MALE,NO
House496-12647-MALE,NO
House1632-1623-FEMALE,NO
House3700-3640-MALE,NO
