SampleID,Recency
House1595-6879-FEMALE,NO
House3288-3251-FEMALE,NO
House4627-9230-MALE,NO
House1697-1699-FEMALE,NO
House5391-10310-MALE,NO
House2569-13890-MALE,NO
House2615-12021-MALE,NO
House778-758-MALE,NO
House4470-4440-MALE,YES
House6019-11671-FEMALE,NO
House2392-14803-FEMALE,NO
House740-13133-MALE,YES
House2055-11822-FEMALE,NO
House2489-13002-MALE,NO
House1047-8325-MALE,YES
House1916-12738-FEMALE,NO
House6019-11729-FEMALE,YES
House424-11733-MALE,NO
House101-9900-MALE,NO
House23-10254-MALE,NO
House5511-6521-MALE,NO
House2348-10903-MALE,NO
House4839-9082-MALE,NO
House4080-14020-MALE,NO
House169-6998-FEMALE,NO
House167-15144-MALE,NO
House2711-9444-FEMALE,NO
House5833-9905-MALE,NO
House1155-10106-FEMALE,NO
House6019-11035-FEMALE,NO
House1513-13677-MALE,NO
House6019-12736-FEMALE,NO
House1946-12779-FEMALE,NO
House3477-11557-MALE,NO
House281-256-MALE,NO
House2694-10258-MALE,NO
House807-785-FEMALE,NO
House926-13704-FEMALE,YES
House3303-15473-FEMALE,NO
House687-653-FEMALE,NO
House5532-11529-MALE,NO
House720-10093-FEMALE,NO
House2063-8200-FEMALE,NO
House3243-14316-MALE,NO
House1334-10717-FEMALE,NO
House3368-3312-MALE,NO
House6019-10070-FEMALE,NO
House4334-12164-MALE,YES
House5720-13044-MALE,YES
House1159-10760-FEMALE,NO
House3516-6397-MALE,NO
House4068-11861-FEMALE,NO
House1221-12891-FEMALE,NO
House2869-12026-FEMALE,YES
House1881-11579-MALE,NO
House633-594-MALE,NO
House1738-12485-FEMALE,NO
House756-735-FEMALE,YES
House3856-12853-FEMALE,NO
House1504-9192-MALE,NO
House952-14027-MALE,NO
House3455-3402-MALE,NO
House1435-8805-FEMALE,NO
House4009-3966-MALE,NO
House1423-7495-FEMALE,NO
House2268-8685-FEMALE,NO
House557-8718-FEMALE,NO
House2099-2108-MALE,NO
House4380-11510-MALE,NO
House5100-8040-FEMALE,NO
House2204-9719-FEMALE,NO
House1723-7231-FEMALE,NO
House4776-4739-FEMALE,YES
House1350-1328-MALE,NO
House3707-8240-FEMALE,NO
House5962-5938-MALE,NO
House4315-4268-MALE,NO
House388-373-FEMALE,NO
House915-9675-FEMALE,NO
House5293-5272-MALE,NO
House378-367-FEMALE,NO
House4831-11194-MALE,NO
House1389-12118-MALE,NO
House565-534-MALE,NO
House833-13386-MALE,NO
House6019-12380-FEMALE,NO
House5794-10697-FEMALE,NO
House4158-4120-MALE,NO
House2952-2943-FEMALE,NO
House2377-13641-MALE,NO
House3119-9563-MALE,YES
House4556-11357-MALE,NO
House5304-13112-MALE,NO
House5657-5644-MALE,NO
House767-748-MALE,NO
House6019-12495-FEMALE,NO
House5866-7777-MALE,NO
House2779-7341-FEMALE,NO
House3375-12337-FEMALE,YES
House577-14855-MALE,YES
House1431-13888-MALE,YES
House3156-12004-FEMALE,NO
House3582-3529-FEMALE,NO
House2902-13178-MALE,NO
House55-13750-FEMALE,NO
House3978-7640-MALE,NO
House5891-7331-MALE,NO
House5077-5045-FEMALE,NO
House2495-10938-FEMALE,NO
House5812-8857-MALE,NO
House3230-12157-FEMALE,NO
House1826-12139-FEMALE,YES
House155-14138-MALE,NO
House5338-5317-FEMALE,NO
House192-10763-MALE,NO
House2579-12646-FEMALE,NO
House1308-6915-MALE,NO
House3500-3444-MALE,NO
House6019-11681-FEMALE,NO
House5116-11288-FEMALE,NO
House1869-11952-MALE,YES
House2725-8118-MALE,NO
House1051-13018-MALE,NO
House1906-14358-MALE,NO
House3604-14783-MALE,YES
House1693-12261-MALE,YES
House6019-12520-FEMALE,NO
House3416-7931-FEMALE,YES
House3516-10509-FEMALE,NO
House5059-6333-FEMALE,NO
House5755-8317-FEMALE,NO
House5526-6580-MALE,YES
House3071-11694-FEMALE,NO
House143-11482-FEMALE,NO
House889-10953-MALE,NO
House3467-12515-FEMALE,YES
House3303-13409-MALE,NO
House3597-6773-MALE,NO
House6019-10427-FEMALE,NO
House2321-10753-MALE,YES
House1228-12948-MALE,NO
House1741-10356-FEMALE,NO
House1940-1936-MALE,NO
House2127-12704-MALE,NO
House178-157-FEMALE,NO
House2367-11435-FEMALE,NO
House3788-12821-MALE,NO
House708-7306-MALE,NO
House1496-13901-FEMALE,NO
House4265-10446-MALE,NO
House2356-14714-FEMALE,YES
House152-136-MALE,NO
House498-10612-FEMALE,NO
House520-496-MALE,NO
House1879-10314-MALE,NO
House1729-1725-FEMALE,NO
House4844-6297-MALE,NO
House6019-12866-FEMALE,NO
House5376-5353-FEMALE,NO
House3241-8073-FEMALE,NO
House6019-10191-FEMALE,NO
House2917-13584-MALE,NO
House1792-11443-MALE,NO
House4784-4748-MALE,NO
House5111-5071-FEMALE,NO
House4711-11436-MALE,NO
House2287-15170-MALE,YES
House2862-15454-FEMALE,YES
House4428-7228-MALE,NO
House1692-11418-MALE,NO
House3042-7570-MALE,NO
House3229-3185-FEMALE,NO
House4940-13010-MALE,NO
House91-12248-FEMALE,NO
House1678-10487-MALE,NO
House5795-9026-FEMALE,NO
House2547-7880-MALE,NO
House1874-8262-FEMALE,NO
House6019-14278-FEMALE,NO
House4490-7337-MALE,NO
House5539-12681-FEMALE,NO
House135-12770-FEMALE,NO
House6019-12154-FEMALE,NO
House1080-13333-FEMALE,NO
House3917-3876-MALE,NO
House1666-12657-MALE,NO
House5419-6861-MALE,YES
House1095-1069-FEMALE,NO
House6019-12065-FEMALE,NO
House1294-1268-MALE,NO
House405-14387-FEMALE,YES
House5802-11113-MALE,NO
House1066-11625-MALE,NO
House1032-15004-MALE,YES
House1218-1201-FEMALE,NO
House152-9297-FEMALE,NO
House2271-2283-FEMALE,NO
House1443-6774-MALE,NO
House6019-13972-FEMALE,NO
House2889-12992-MALE,NO
House5380-5360-MALE,NO
House2034-12113-MALE,NO
House962-15430-MALE,YES
House1456-9929-FEMALE,NO
House1880-12841-MALE,NO
House181-13226-MALE,YES
House3461-9437-FEMALE,NO
House2898-10269-FEMALE,YES
House1285-10559-FEMALE,NO
House1622-15026-FEMALE,YES
House2343-14044-FEMALE,YES
House3615-3560-MALE,NO
House6019-12079-FEMALE,NO
House308-13183-MALE,NO
House2437-9891-FEMALE,NO
House4659-4627-FEMALE,NO
House233-10756-FEMALE,NO
House1685-12082-MALE,NO
House1697-1698-MALE,NO
House5200-12238-MALE,NO
House2664-2675-FEMALE,NO
House4332-4289-FEMALE,NO
House5526-14093-FEMALE,NO
House779-760-MALE,NO
House726-7172-MALE,NO
House1922-13891-FEMALE,YES
House5563-10320-FEMALE,NO
House5704-13099-MALE,NO
House4496-4460-MALE,NO
House4337-10631-MALE,NO
House5028-9721-FEMALE,NO
House4252-13777-MALE,NO
House253-232-MALE,NO
House4106-14659-MALE,YES
House52-14845-MALE,NO
House3932-3890-MALE,NO
House3027-11580-MALE,NO
House168-14662-MALE,YES
House1520-11306-MALE,NO
House5614-8581-FEMALE,NO
House2400-13083-MALE,NO
House1717-9760-FEMALE,NO
House1578-11104-MALE,NO
House2292-11395-MALE,NO
House4243-7428-MALE,NO
House769-752-MALE,NO
House2953-14256-MALE,NO
House1871-12355-MALE,NO
House203-10598-MALE,NO
House2869-12450-MALE,YES
House5201-5174-MALE,YES
House4337-10074-FEMALE,NO
House1533-1517-FEMALE,NO
House2928-11913-MALE,YES
House3698-3638-MALE,NO
House2306-11240-MALE,NO
House2194-2219-FEMALE,NO
House1446-14725-FEMALE,NO
House4527-8284-MALE,NO
House4968-12560-MALE,NO
House6019-14297-FEMALE,YES
House5251-5226-MALE,YES
House2644-11469-FEMALE,NO
House1592-9339-MALE,NO
House257-236-MALE,NO
House5401-12454-FEMALE,NO
House1346-13028-FEMALE,NO
House1411-1394-MALE,NO
House641-9812-FEMALE,NO
House3871-11813-MALE,NO
House2497-12537-MALE,NO
House1727-7307-FEMALE,NO
House4509-12873-MALE,NO
House3809-3761-FEMALE,NO
House2421-2438-MALE,NO
House3169-9919-MALE,NO
House3666-3607-FEMALE,YES
House1771-14119-FEMALE,YES
House5629-9148-FEMALE,NO
House981-10752-FEMALE,NO
House3851-13499-MALE,NO
House6019-13674-FEMALE,NO
House194-175-FEMALE,NO
House2976-11147-MALE,NO
House6019-15178-FEMALE,YES
House2939-11445-FEMALE,NO
House983-8664-MALE,NO
House1184-10750-FEMALE,NO
House672-14780-FEMALE,YES
House957-14720-MALE,YES
House1499-11904-MALE,NO
House2293-14104-FEMALE,NO
House1659-13195-MALE,NO
House4608-12400-FEMALE,YES
House555-7717-MALE,NO
House880-11272-MALE,NO
House743-11304-MALE,NO
House4692-12980-FEMALE,NO
House2812-9952-FEMALE,NO
House5925-12740-FEMALE,YES
House2441-8966-FEMALE,YES
House3882-13218-MALE,YES
House817-12344-MALE,NO
House264-13416-FEMALE,NO
House4844-4809-FEMALE,NO
House246-14015-MALE,YES
House2208-10439-MALE,NO
House1759-10170-MALE,NO
House881-11773-MALE,YES
House2164-2182-MALE,NO
House938-14068-MALE,YES
House1928-12541-FEMALE,NO
House482-13441-MALE,NO
House59-44-MALE,NO
House1707-15058-MALE,YES
House3253-10647-FEMALE,NO
House5308-11970-MALE,NO
House1300-9779-FEMALE,NO
House2523-2539-FEMALE,NO
House3545-3495-FEMALE,NO
House3553-13657-MALE,YES
House4027-8944-MALE,NO
House5432-5414-MALE,NO
House1225-10622-MALE,NO
House5637-14756-MALE,YES
House1497-8576-MALE,NO
House1162-1130-MALE,NO
House2614-9937-MALE,NO
House2662-12889-FEMALE,YES
House1965-9289-MALE,NO
House367-13074-MALE,NO
House3109-3080-MALE,NO
House2269-10670-FEMALE,NO
House1829-9883-FEMALE,NO
House4373-4337-FEMALE,NO
House2984-2972-MALE,NO
House1151-12426-MALE,NO
House2041-11936-MALE,NO
House527-11279-FEMALE,NO
House2912-2910-MALE,NO
House4208-11808-MALE,NO
House5023-4997-FEMALE,NO
House3545-3494-MALE,NO
House2156-2172-MALE,NO
House2000-9941-FEMALE,NO
House2092-2100-MALE,NO
House5131-9101-MALE,YES
House3542-12257-FEMALE,NO
House1752-1746-MALE,NO
House4720-4694-MALE,NO
House3418-7513-FEMALE,NO
House2535-2553-FEMALE,NO
House4046-7234-FEMALE,NO
House5825-5807-FEMALE,NO
House2325-14124-MALE,NO
House1633-11610-FEMALE,NO
House3767-9960-MALE,NO
House2063-14776-MALE,NO
House193-13234-FEMALE,NO
House1468-10156-MALE,NO
House213-15269-MALE,YES
House1333-14446-FEMALE,YES
House1205-1183-FEMALE,NO
House3682-6402-FEMALE,NO
House3807-14035-MALE,NO
House4951-13720-MALE,YES
House369-362-MALE,NO
House5995-5972-MALE,NO
House3535-3483-FEMALE,NO
House3187-14375-MALE,YES
House1020-14765-MALE,YES
House426-14079-MALE,NO
House1803-10159-MALE,NO
House6019-6143-FEMALE,NO
House5496-11821-MALE,NO
House1293-1267-FEMALE,NO
House2180-13328-MALE,NO
House2079-13992-FEMALE,NO
House313-12143-MALE,NO
House3809-3760-MALE,NO
House2846-9708-MALE,NO
House6019-15406-FEMALE,YES
House3994-3951-FEMALE,NO
House5472-5463-FEMALE,NO
House2488-2513-FEMALE,NO
House340-10381-FEMALE,YES
House4213-4164-MALE,NO
House6019-11501-FEMALE,NO
House4791-6550-FEMALE,NO
House967-11771-FEMALE,NO
House2332-12303-FEMALE,NO
House782-764-MALE,NO
House2276-11247-MALE,NO
House2336-10737-MALE,NO
House1975-11228-MALE,NO
House1631-1621-FEMALE,NO
House2134-2143-FEMALE,NO
House1225-10311-FEMALE,YES
House1297-10224-FEMALE,NO
House5876-9306-FEMALE,NO
House3956-3915-FEMALE,NO
House3174-3134-MALE,NO
House314-14002-MALE,YES
House2084-13821-MALE,YES
House5696-6869-MALE,YES
House66-7010-FEMALE,NO
House2627-2637-FEMALE,NO
House250-13593-MALE,NO
House1584-1569-FEMALE,NO
House6019-10821-FEMALE,NO
House186-166-MALE,NO
House5794-7781-MALE,NO
House1682-10886-MALE,NO
House2144-8419-MALE,NO
House4247-6921-MALE,YES
House3921-3880-MALE,NO
House1319-9526-MALE,NO
House4692-14904-MALE,NO
House1198-11305-FEMALE,NO
House2937-12600-MALE,YES
House1031-14954-FEMALE,YES
House2404-10316-MALE,NO
House3061-3040-MALE,NO
House4412-7419-MALE,NO
House3860-7488-MALE,NO
House822-11298-FEMALE,NO
House5025-4999-FEMALE,NO
House2675-11243-FEMALE,NO
House2989-11597-FEMALE,NO
House3831-12675-MALE,NO
House3404-9261-MALE,NO
House651-11456-MALE,NO
House623-13553-MALE,NO
House61-9507-MALE,NO
House1021-15253-MALE,YES
House5648-12119-MALE,NO
House4552-13181-FEMALE,NO
House3541-8395-FEMALE,YES
House1063-12922-FEMALE,NO
House2735-10703-FEMALE,NO
House3813-9207-FEMALE,NO
House345-11301-MALE,NO
House6004-5982-MALE,YES
House5694-5681-FEMALE,NO
House232-14382-MALE,YES
House6019-10366-FEMALE,YES
House1602-14318-MALE,NO
House4827-4799-FEMALE,NO
House174-9202-MALE,NO
House5892-9918-FEMALE,YES
House4076-4035-FEMALE,NO
House4807-7083-MALE,NO
House2317-12929-MALE,NO
House6019-13463-FEMALE,NO
House3726-3666-MALE,NO
House6019-11764-FEMALE,NO
House2389-14836-MALE,NO
House1623-10351-MALE,NO
House2698-11968-FEMALE,NO
House3093-3068-MALE,NO
House2698-9493-MALE,NO
House5579-5573-FEMALE,NO
House5050-10092-MALE,NO
House2504-7592-MALE,NO
House3831-9845-FEMALE,NO
House1085-1057-FEMALE,NO
House2347-11672-MALE,NO
House1966-11094-FEMALE,YES
House2374-2387-FEMALE,YES
House5028-9661-MALE,NO
House4881-12846-FEMALE,NO
House1856-13385-MALE,YES
House266-9084-FEMALE,NO
House2647-9902-MALE,NO
House5456-10566-MALE,NO
House3725-13047-MALE,NO
House2264-15264-MALE,YES
House1038-1011-FEMALE,NO
House1964-10502-MALE,NO
House2645-8926-FEMALE,YES
House1248-9731-MALE,NO
House207-189-FEMALE,NO
House319-298-MALE,YES
House5426-5404-MALE,NO
House3198-3148-MALE,NO
House1532-12228-FEMALE,NO
House5114-5074-MALE,NO
House1801-1807-FEMALE,NO
House5981-5956-MALE,NO
House871-12678-MALE,NO
House825-11184-MALE,NO
House940-14696-MALE,YES
House2779-10574-MALE,NO
House1575-1559-FEMALE,YES
House1520-1499-FEMALE,NO
House1140-11389-FEMALE,YES
House1439-11382-MALE,NO
House4578-4527-FEMALE,YES
House239-221-FEMALE,NO
House3770-6545-FEMALE,NO
House1968-12168-MALE,NO
House4158-12232-FEMALE,NO
House301-11115-MALE,NO
House1114-12280-MALE,NO
House3123-7194-FEMALE,NO
House1754-14715-FEMALE,YES
House2977-11921-MALE,NO
House4354-4317-FEMALE,NO
House1165-1133-FEMALE,NO
House2467-2486-MALE,NO
House6019-11614-FEMALE,NO
House5303-5286-MALE,NO
House2573-13308-MALE,NO
House385-371-FEMALE,NO
House338-6918-MALE,NO
House4263-4222-MALE,NO
House6019-11448-FEMALE,NO
House1370-15650-FEMALE,YES
House4015-3970-MALE,NO
House1357-8042-FEMALE,NO
House1315-1293-FEMALE,NO
House4879-13577-MALE,NO
House5056-9727-MALE,NO
House2523-11419-MALE,NO
House1722-10827-MALE,NO
House5464-13591-FEMALE,NO
House6019-14938-FEMALE,YES
House2622-13670-MALE,NO
House2665-13263-MALE,NO
House123-11712-FEMALE,NO
House1622-12184-MALE,NO
House2105-2119-FEMALE,NO
House2112-15464-MALE,YES
House952-6466-FEMALE,NO
House3473-3423-FEMALE,NO
House1024-11561-MALE,YES
House6019-14915-FEMALE,YES
House2182-11961-FEMALE,NO
House1147-13460-MALE,YES
House5512-5502-MALE,NO
House5025-4998-MALE,NO
House5107-6739-MALE,NO
House5298-11627-MALE,NO
House4309-4262-MALE,NO
House276-249-FEMALE,NO
House705-14100-MALE,NO
House3731-15300-MALE,NO
House5107-8759-FEMALE,NO
House335-319-FEMALE,NO
House1443-11355-FEMALE,NO
House4979-4954-MALE,NO
House407-10884-FEMALE,YES
House4808-4775-FEMALE,NO
House4801-4764-MALE,NO
House708-683-FEMALE,NO
House1805-13632-MALE,YES
House2624-2630-MALE,NO
House5008-7810-MALE,NO
House5051-10902-MALE,NO
House587-554-MALE,NO
House2241-12331-FEMALE,NO
House3582-12193-MALE,NO
House1035-11789-MALE,YES
House2776-2771-FEMALE,NO
House1179-10986-MALE,NO
House1918-13149-MALE,YES
House6019-15145-FEMALE,NO
House5441-5426-MALE,NO
House2837-2833-FEMALE,NO
House5325-14264-MALE,YES
House1395-11847-MALE,NO
House223-13736-MALE,NO
House1311-11995-MALE,NO
House1247-1235-FEMALE,NO
House2594-2605-FEMALE,NO
House4811-4780-MALE,NO
House2326-2344-MALE,NO
House758-12731-MALE,NO
House365-14004-MALE,NO
House5597-8855-FEMALE,YES
House1049-10299-FEMALE,NO
House5922-5907-FEMALE,NO
House6019-10987-FEMALE,NO
House3641-3587-FEMALE,NO
House5631-11700-FEMALE,NO
House3746-3698-MALE,NO
House768-751-FEMALE,YES
House5206-6208-FEMALE,NO
House3903-7393-FEMALE,NO
House1384-15114-FEMALE,NO
House76-10708-MALE,NO
House5706-5696-MALE,NO
House1374-10239-MALE,NO
House2860-14437-MALE,YES
House5561-5556-MALE,NO
House344-328-MALE,NO
House6019-10869-FEMALE,NO
House3099-12638-MALE,NO
House3838-3797-FEMALE,NO
House5585-5579-FEMALE,NO
House2364-11832-MALE,NO
House4372-4334-MALE,NO
House1167-13497-FEMALE,NO
House4529-4482-MALE,NO
House2394-2414-MALE,NO
House2763-9449-MALE,NO
House6019-13090-FEMALE,NO
House3549-8968-MALE,NO
House1638-1633-FEMALE,NO
House5391-8148-FEMALE,NO
House4814-14197-MALE,YES
House2691-12309-MALE,NO
House772-8035-MALE,NO
House1844-1841-FEMALE,NO
House2647-13115-FEMALE,NO
House5959-7408-FEMALE,NO
House687-652-MALE,NO
House4385-13778-MALE,YES
House4751-11554-MALE,NO
House3892-12656-FEMALE,NO
House4157-4119-FEMALE,NO
House3185-13355-MALE,YES
House1156-13146-MALE,NO
House239-220-MALE,NO
House422-15070-MALE,NO
House678-8306-FEMALE,NO
House1506-11046-FEMALE,YES
House2208-10692-FEMALE,NO
House6019-12030-FEMALE,NO
House5700-10061-FEMALE,NO
House2201-13937-MALE,NO
House3770-3726-MALE,NO
House3171-12601-MALE,NO
House5675-5662-MALE,YES
House2278-8969-MALE,NO
House2912-14613-FEMALE,NO
House1574-14212-MALE,YES
House6019-10880-FEMALE,NO
House983-8702-FEMALE,YES
House2311-13530-MALE,NO
House4170-10846-MALE,NO
House6019-12115-FEMALE,NO
House135-13391-MALE,NO
House5163-10909-MALE,NO
House622-8994-MALE,NO
House313-293-FEMALE,NO
House5679-7638-FEMALE,NO
House4654-4622-MALE,NO
House5892-5870-MALE,YES
House1637-9761-MALE,NO
House4366-12318-MALE,NO
House2379-10467-MALE,NO
House4046-6931-MALE,NO
House1590-10431-MALE,NO
House194-174-MALE,NO
House1303-9628-FEMALE,NO
House2126-10578-MALE,NO
House2960-10651-FEMALE,YES
House2787-2781-FEMALE,NO
House221-203-FEMALE,NO
House1305-1283-FEMALE,NO
House980-10784-MALE,NO
House188-9686-MALE,NO
House3782-12868-MALE,NO
House1363-1343-FEMALE,NO
House3370-13624-MALE,NO
House4995-7001-MALE,NO
House1346-15855-MALE,YES
House1350-1329-FEMALE,YES
House1781-11724-MALE,NO
House2964-8194-FEMALE,NO
House3390-6758-MALE,NO
House2876-14328-FEMALE,NO
House3805-7244-MALE,YES
House4985-4958-MALE,NO
House2670-12130-MALE,NO
House259-239-FEMALE,NO
House2341-11384-MALE,NO
House1111-10408-FEMALE,NO
House5962-5939-FEMALE,NO
House6019-13881-FEMALE,NO
House3666-3606-MALE,NO
House2831-11015-MALE,NO
House2472-10882-FEMALE,NO
House497-13367-FEMALE,NO
House499-6884-FEMALE,YES
House2429-2444-MALE,NO
House2353-12216-FEMALE,NO
House402-9843-FEMALE,NO
House1324-10488-MALE,NO
House2441-10851-MALE,NO
House4396-15003-MALE,NO
House5964-9066-MALE,NO
House5507-10874-FEMALE,YES
House2825-2819-FEMALE,NO
House5732-9999-FEMALE,NO
House3076-3055-FEMALE,NO
House2057-9953-FEMALE,NO
House3432-10491-FEMALE,NO
House874-861-FEMALE,YES
House5617-5607-FEMALE,NO
House3001-14252-MALE,YES
House4525-13436-MALE,NO
House3915-8213-FEMALE,YES
House3126-3093-FEMALE,NO
House2515-6675-MALE,NO
House5507-9222-MALE,NO
House1035-13502-FEMALE,YES
House2649-12352-MALE,NO
House243-224-MALE,NO
House6019-10985-FEMALE,NO
House1423-7612-MALE,NO
House4930-4902-MALE,NO
House973-957-FEMALE,NO
House2837-12861-MALE,NO
House6019-13338-FEMALE,YES
House3162-10282-MALE,NO
House4447-6519-FEMALE,NO
House2032-10066-MALE,NO
House1366-12672-MALE,YES
House4528-10417-MALE,NO
House5267-7566-FEMALE,NO
House4428-4393-FEMALE,NO
House2660-9634-MALE,NO
House2156-8836-FEMALE,NO
House2285-11434-MALE,NO
House4000-7693-FEMALE,YES
House6019-11906-FEMALE,NO
House4914-4888-MALE,NO
House3852-7067-FEMALE,NO
House4801-4765-FEMALE,NO
House5495-14153-FEMALE,NO
House4965-4944-MALE,NO
House1735-6695-FEMALE,YES
House2510-12800-MALE,NO
House1542-8372-MALE,NO
House1349-13039-MALE,NO
House3404-9514-FEMALE,NO
House843-15832-FEMALE,YES
House3344-11934-FEMALE,NO
House435-14372-FEMALE,YES
House1189-7070-FEMALE,NO
House106-95-FEMALE,NO
House1577-8430-FEMALE,YES
House4684-4655-FEMALE,NO
House1763-12995-FEMALE,NO
House360-9085-MALE,YES
House1069-8742-FEMALE,NO
House403-12850-MALE,NO
House2020-2015-FEMALE,NO
House5060-13738-MALE,NO
House6019-12508-FEMALE,NO
House5512-5503-FEMALE,NO
House4085-10601-MALE,NO
House1522-12251-FEMALE,YES
House1358-10434-MALE,NO
House5106-6228-MALE,NO
House3086-8895-MALE,NO
House346-15332-MALE,NO
House3448-6440-FEMALE,NO
House3620-12405-MALE,NO
House5254-5230-MALE,NO
House2864-14741-FEMALE,NO
House5229-14054-MALE,YES
House3035-3023-FEMALE,NO
House5513-9643-MALE,YES
House3171-12432-FEMALE,NO
House5206-11350-MALE,NO
House3629-3571-FEMALE,NO
House891-12819-MALE,NO
House5199-5171-FEMALE,NO
House6019-12349-FEMALE,NO
House5557-10811-FEMALE,YES
House4226-13228-FEMALE,NO
House3651-3595-FEMALE,NO
House73-11438-MALE,NO
House3320-14009-FEMALE,NO
House6019-12181-FEMALE,NO
House4423-4387-FEMALE,NO
House746-13279-MALE,YES
House6019-11167-FEMALE,NO
House2193-2217-FEMALE,YES
House220-13727-MALE,NO
House3204-3155-FEMALE,NO
House468-10551-FEMALE,NO
House464-14522-MALE,NO
House502-10590-FEMALE,NO
House2140-9091-FEMALE,NO
House988-12839-FEMALE,YES
House6019-13614-FEMALE,YES
House6019-10648-FEMALE,NO
House1683-14201-MALE,NO
House2768-11727-MALE,NO
House1213-9032-FEMALE,NO
House452-12764-MALE,NO
House1198-13905-MALE,YES
House1585-12147-FEMALE,NO
House3850-9206-FEMALE,NO
House5974-10705-MALE,NO
House42-10062-FEMALE,NO
House3215-7647-MALE,YES
House5809-9338-MALE,NO
House5325-12214-FEMALE,YES
House1290-9156-FEMALE,NO
House6019-13015-FEMALE,NO
House3368-10629-FEMALE,NO
House5257-7887-MALE,NO
House2574-11843-FEMALE,NO
House5908-5888-MALE,NO
House715-14903-MALE,YES
House4611-11853-MALE,NO
House4132-11955-MALE,NO
House465-13623-FEMALE,NO
House1416-9528-MALE,NO
House1604-8554-MALE,YES
House4115-10677-MALE,NO
House4250-4205-FEMALE,YES
House3730-3673-FEMALE,NO
House1912-1907-FEMALE,NO
House580-13792-FEMALE,NO
House2190-2213-FEMALE,NO
House6019-10413-FEMALE,NO
House1623-1609-FEMALE,NO
House1179-10746-FEMALE,NO
House2146-13433-MALE,NO
House1063-13034-MALE,NO
House1911-9432-MALE,NO
House4411-4372-MALE,YES
House5491-10246-MALE,NO
House4862-12626-FEMALE,NO
House5332-9538-MALE,NO
House3713-3656-MALE,NO
House5397-5377-FEMALE,NO
House2983-9151-FEMALE,NO
House721-15462-MALE,YES
House4234-9697-FEMALE,NO
House236-6548-MALE,YES
House2678-13827-MALE,NO
House574-8033-MALE,NO
House5663-12179-MALE,NO
House6019-15616-FEMALE,YES
House1460-12105-FEMALE,YES
House1801-12968-MALE,NO
House941-925-FEMALE,NO
