SampleID,Recency
House1036-1006-MALE,NO
House5432-5415-FEMALE,NO
House2069-15472-FEMALE,YES
House1849-13633-MALE,NO
House1790-1794-MALE,NO
House6019-11653-FEMALE,NO
House5665-10274-FEMALE,NO
House239-220-MALE,NO
House3704-3647-FEMALE,NO
House4791-6550-FEMALE,NO
House5227-7790-FEMALE,NO
House2103-10933-MALE,NO
House584-11013-MALE,NO
House5813-8444-FEMALE,NO
House4940-8134-FEMALE,NO
House1184-10750-FEMALE,NO
House4226-13228-FEMALE,NO
House5994-5971-FEMALE,NO
House2422-14095-MALE,YES
House331-10812-MALE,NO
House4191-13193-MALE,YES
House5547-12558-FEMALE,YES
House2203-10722-MALE,NO
House2395-12409-FEMALE,NO
House5200-12238-MALE,NO
House78-64-MALE,NO
House4775-14487-MALE,YES
House4760-4722-MALE,YES
House199-11241-FEMALE,YES
House223-6386-FEMALE,NO
House1642-13707-MALE,NO
House6019-14453-FEMALE,NO
House2520-12031-MALE,NO
House281-256-MALE,NO
House1931-1929-FEMALE,NO
House1159-15352-MALE,YES
House1049-10299-FEMALE,NO
House2610-13105-MALE,NO
House485-457-FEMALE,NO
House3567-10978-MALE,NO
House657-10410-MALE,NO
House1814-12470-MALE,NO
House3594-3545-FEMALE,NO
House2515-6675-MALE,NO
House527-11279-FEMALE,NO
House1496-13901-FEMALE,NO
House687-653-FEMALE,NO
House5-12965-FEMALE,NO
House266-9084-FEMALE,NO
House1393-11227-FEMALE,NO
House718-14135-FEMALE,NO
House4276-4233-FEMALE,NO
House2685-11706-MALE,NO
House822-11908-MALE,NO
House2268-8685-FEMALE,NO
House533-13175-MALE,NO
House2296-8443-FEMALE,NO
House1573-12301-MALE,NO
House67-11933-FEMALE,NO
House4572-4518-MALE,YES
House5230-11020-MALE,YES
House2695-8673-FEMALE,NO
House915-9675-FEMALE,NO
House1180-11999-MALE,NO
House1319-9526-MALE,NO
House2913-11937-FEMALE,NO
House5579-15358-MALE,YES
House3405-10341-FEMALE,NO
House233-11375-MALE,NO
House3996-3953-FEMALE,NO
House5304-13112-MALE,NO
House2945-11154-MALE,NO
House4509-12873-MALE,NO
House4412-7308-FEMALE,NO
House2013-7718-FEMALE,NO
House1021-12212-FEMALE,YES
House292-262-MALE,NO
House1943-9225-MALE,NO
House2092-11599-FEMALE,YES
House2646-7352-FEMALE,NO
House910-893-FEMALE,YES
House260-240-MALE,NO
House322-300-MALE,NO
House1114-12280-MALE,NO
House808-13695-MALE,NO
House4332-4288-MALE,NO
House2955-2946-MALE,NO
House55-13750-FEMALE,NO
House6019-11942-FEMALE,YES
House5975-10280-MALE,NO
House1338-11226-FEMALE,NO
House1145-14313-MALE,YES
House981-11144-MALE,YES
House2043-2044-MALE,NO
House736-11508-FEMALE,NO
House2184-10127-MALE,NO
House6019-12195-FEMALE,NO
House1119-7620-FEMALE,NO
House4213-9470-FEMALE,NO
House3230-11940-MALE,NO
House3713-7462-FEMALE,NO
House4170-11475-FEMALE,NO
House243-225-FEMALE,NO
House1449-11537-MALE,NO
House4334-9446-FEMALE,NO
House3836-13980-MALE,NO
House2703-8080-FEMALE,NO
House2540-14982-FEMALE,YES
House1456-15110-MALE,NO
House1120-1090-MALE,NO
House4995-7001-MALE,NO
House2804-2795-FEMALE,NO
House5340-9273-MALE,NO
House1831-12609-MALE,NO
House1541-10997-MALE,NO
House843-15419-FEMALE,YES
House3359-12208-MALE,YES
House3455-3402-MALE,NO
House2013-2006-MALE,NO
House491-465-FEMALE,NO
House2764-10861-MALE,NO
House1232-9051-FEMALE,NO
House6019-14397-FEMALE,NO
House5712-11004-FEMALE,NO
House999-12158-MALE,NO
House2527-10199-FEMALE,NO
House1497-6885-FEMALE,NO
House2489-13002-MALE,NO
House5254-5230-MALE,YES
House3787-11067-MALE,NO
House2027-2027-FEMALE,NO
House533-9957-FEMALE,NO
House1545-12511-FEMALE,NO
House3171-12432-FEMALE,NO
House5441-5426-MALE,NO
House2241-14463-MALE,NO
House1663-11837-MALE,YES
House6019-12862-FEMALE,NO
House1257-12046-MALE,NO
House6019-10775-FEMALE,NO
House2574-11843-FEMALE,NO
House2818-2810-MALE,NO
House369-362-MALE,NO
House404-389-FEMALE,NO
House4051-4007-FEMALE,NO
House1654-14922-MALE,NO
House2741-2745-FEMALE,NO
House1561-11657-FEMALE,NO
House5720-13044-MALE,NO
House5464-13591-FEMALE,NO
House4129-12347-FEMALE,NO
House1943-1941-FEMALE,NO
House2953-14256-MALE,NO
House2754-11030-MALE,NO
House2628-10844-MALE,NO
House2621-7925-MALE,NO
House2810-2805-FEMALE,NO
House5922-5906-MALE,NO
House4459-11235-MALE,NO
House1255-1240-MALE,NO
House2304-10307-MALE,NO
House5174-5142-MALE,NO
House2440-9806-MALE,NO
House706-679-FEMALE,NO
House4386-12535-FEMALE,NO
House2284-12266-FEMALE,NO
House4797-13295-FEMALE,NO
House1871-12355-MALE,NO
House4362-14979-MALE,YES
House2819-8105-MALE,YES
House6019-11455-FEMALE,NO
House1998-14495-FEMALE,NO
House2530-10044-FEMALE,NO
House3694-9599-MALE,NO
House4935-15786-FEMALE,YES
House1486-11949-FEMALE,NO
House2163-10934-MALE,YES
House238-9580-FEMALE,NO
House2670-12130-MALE,NO
House6019-12030-FEMALE,NO
House2930-8159-FEMALE,NO
House2223-6902-MALE,NO
House278-12502-MALE,NO
House5854-5835-FEMALE,NO
House2201-15670-FEMALE,YES
House3555-11342-FEMALE,NO
House6019-12254-FEMALE,NO
House300-14016-MALE,YES
House1428-14751-MALE,YES
House4858-4826-MALE,NO
House2014-12095-MALE,NO
House4324-11336-MALE,NO
House1305-1282-MALE,NO
House1499-11904-MALE,NO
House256-12307-FEMALE,NO
House2534-10901-MALE,NO
House2803-12805-MALE,NO
House359-7514-FEMALE,NO
House4096-13835-MALE,NO
House5873-12799-MALE,NO
House256-11743-MALE,NO
House4831-11194-MALE,NO
House1390-10463-MALE,NO
House1282-10317-MALE,NO
House3641-3587-FEMALE,NO
House5653-9479-MALE,NO
House3148-12104-MALE,NO
House1628-6425-FEMALE,NO
House2203-15265-FEMALE,YES
House1902-11408-MALE,NO
House1238-8732-MALE,NO
House3381-13744-MALE,YES
House3703-10530-MALE,NO
House127-12714-MALE,YES
House5902-11341-MALE,NO
House1638-1633-FEMALE,NO
House2100-2111-FEMALE,NO
House2798-13759-FEMALE,YES
House5029-14448-MALE,NO
House2523-2539-FEMALE,NO
House1081-10866-MALE,NO
House1248-15023-FEMALE,NO
House856-841-FEMALE,NO
House2417-14967-MALE,YES
House476-12142-MALE,NO
House3272-3228-MALE,NO
House2582-2591-FEMALE,NO
House5502-11278-MALE,NO
House4085-10601-MALE,NO
House5725-5712-MALE,NO
House2117-14620-FEMALE,NO
House4514-4472-MALE,NO
House2078-12310-MALE,NO
House6019-9690-FEMALE,NO
House1028-1000-MALE,NO
House1749-1742-MALE,NO
House4637-4603-FEMALE,NO
House4120-11076-MALE,NO
House1145-1109-FEMALE,NO
House6019-15560-FEMALE,YES
House1606-1599-FEMALE,NO
House4378-14231-FEMALE,NO
House1026-998-MALE,YES
House784-13504-MALE,YES
House5511-6521-MALE,NO
House2494-6349-MALE,NO
House448-15913-MALE,YES
House4535-6910-FEMALE,NO
House3782-12868-MALE,NO
House5746-8923-MALE,NO
House912-10883-MALE,NO
House226-11372-FEMALE,NO
House326-11496-FEMALE,NO
House3691-3630-MALE,YES
House2689-2704-MALE,NO
House5512-5502-MALE,NO
House1713-13062-MALE,NO
House5838-5818-MALE,NO
House4039-9129-MALE,NO
House301-11115-MALE,NO
House2201-13937-MALE,YES
House3599-3547-FEMALE,NO
House5096-13604-FEMALE,NO
House5354-5329-FEMALE,NO
House5267-7566-FEMALE,NO
House1481-7103-FEMALE,NO
House4158-4120-MALE,NO
House71-9113-MALE,NO
House3135-11991-FEMALE,NO
House5549-5544-MALE,NO
House1242-10892-MALE,NO
House2984-2972-MALE,NO
House2341-11384-MALE,NO
House195-12670-MALE,NO
House860-10234-FEMALE,NO
House6019-10413-FEMALE,NO
House2674-10022-MALE,NO
House2531-12536-MALE,NO
House5789-12260-MALE,YES
House1125-6942-FEMALE,NO
House216-14707-MALE,NO
House6019-12049-FEMALE,NO
House5812-8857-MALE,NO
House5824-5805-FEMALE,YES
House4128-14847-FEMALE,YES
House4611-13583-FEMALE,NO
House355-342-MALE,NO
House2799-14566-FEMALE,YES
House4684-10478-MALE,NO
House3461-9437-FEMALE,NO
House5422-10500-MALE,NO
House5832-6357-FEMALE,NO
House2444-2461-FEMALE,NO
House5664-6966-MALE,YES
House1342-8834-MALE,NO
House6019-14271-FEMALE,NO
House2857-13985-FEMALE,NO
House2724-15226-MALE,YES
House119-12935-MALE,NO
House4135-4095-FEMALE,NO
House4242-4195-FEMALE,YES
House4191-11089-FEMALE,NO
House5420-12043-FEMALE,NO
House193-13234-FEMALE,NO
House4618-4577-FEMALE,NO
House2389-14836-MALE,NO
House6019-10191-FEMALE,NO
House825-803-FEMALE,NO
House822-11298-FEMALE,NO
House2270-9874-FEMALE,NO
House768-8672-MALE,NO
House152-9297-FEMALE,NO
House1920-12162-FEMALE,NO
House4897-4871-FEMALE,NO
House4748-9456-MALE,NO
House3975-12148-MALE,NO
House1965-9289-MALE,NO
House26-21-FEMALE,NO
House592-11637-MALE,YES
House4788-10992-MALE,NO
House4009-3966-MALE,NO
House489-11402-FEMALE,NO
House5174-5143-FEMALE,NO
House1803-10159-MALE,NO
House779-760-MALE,NO
House5473-13399-MALE,NO
House3155-3120-MALE,NO
House253-233-FEMALE,NO
House3271-9627-FEMALE,NO
House2001-13855-FEMALE,NO
House2072-11935-MALE,NO
House3816-13170-MALE,NO
House1805-13632-MALE,NO
House468-10551-FEMALE,NO
House3554-11137-FEMALE,NO
House4835-8202-MALE,NO
House4611-11853-MALE,NO
House2273-12949-FEMALE,NO
House5401-12454-FEMALE,NO
House5888-8578-FEMALE,NO
House2230-10800-MALE,NO
House5600-14800-MALE,YES
House134-13884-MALE,YES
House676-8122-MALE,NO
House2976-11147-MALE,NO
House2065-13862-MALE,NO
House2108-11600-FEMALE,NO
House3675-11788-FEMALE,NO
House3100-13454-FEMALE,NO
House1218-1201-FEMALE,NO
House2356-14714-FEMALE,NO
House2164-2182-MALE,NO
House6019-11770-FEMALE,NO
House1532-10303-MALE,NO
House800-14274-MALE,YES
House6019-13152-FEMALE,NO
House1041-12782-FEMALE,NO
House3278-3238-MALE,NO
House1349-13039-MALE,NO
House4795-4761-FEMALE,YES
House2276-11247-MALE,NO
House1446-13602-MALE,NO
House5563-10320-FEMALE,NO
House1184-9605-MALE,NO
House3525-7544-MALE,YES
House394-378-MALE,NO
House2089-11585-FEMALE,NO
House1260-14775-MALE,NO
House4274-4231-FEMALE,YES
House5866-7777-MALE,NO
House1946-12779-FEMALE,NO
House1329-13790-FEMALE,YES
House1012-11303-MALE,NO
House3933-9425-MALE,YES
House1493-11590-FEMALE,YES
House527-12746-MALE,NO
House1029-13865-MALE,NO
House4364-12594-MALE,YES
House3765-9454-FEMALE,NO
House4422-8223-FEMALE,NO
House3073-3050-MALE,NO
House205-12912-MALE,NO
House5106-6228-MALE,NO
House3245-3205-FEMALE,NO
House4160-11691-MALE,YES
House350-7481-FEMALE,NO
House1120-7218-FEMALE,NO
House2436-15799-FEMALE,YES
House2599-8463-FEMALE,YES
House473-445-FEMALE,NO
House2625-14436-MALE,YES
House4985-4959-FEMALE,NO
House2681-9227-MALE,NO
House2094-11998-MALE,NO
House6019-11912-FEMALE,NO
House880-11272-MALE,NO
House4859-8026-FEMALE,YES
House565-534-MALE,NO
House3436-6538-MALE,NO
House2725-8118-MALE,NO
House1915-12357-MALE,NO
House1694-12086-FEMALE,NO
House2776-13142-MALE,NO
House2976-2965-FEMALE,NO
House1360-12198-MALE,NO
House1159-10760-FEMALE,NO
House1432-14150-MALE,YES
House3085-3060-MALE,NO
House2905-11959-MALE,NO
House3418-13174-MALE,NO
House2588-13345-MALE,NO
House3241-8073-FEMALE,NO
House3959-3916-MALE,NO
House2149-2160-MALE,NO
House1207-10905-FEMALE,NO
House922-12767-MALE,NO
House1562-8088-FEMALE,YES
House3788-11388-FEMALE,YES
House2982-15354-MALE,NO
House1955-12080-MALE,NO
House4537-4487-FEMALE,NO
House1382-7773-FEMALE,YES
House1508-14308-FEMALE,YES
House3373-3320-MALE,YES
House4265-10446-MALE,NO
House1692-13558-FEMALE,NO
House2320-2337-FEMALE,NO
House6019-14312-FEMALE,NO
House2295-9959-MALE,NO
House3182-12842-FEMALE,NO
House5332-15331-FEMALE,NO
House3651-10409-MALE,NO
House5732-9999-FEMALE,NO
House1633-11610-FEMALE,NO
House5298-11627-MALE,NO
House755-11155-MALE,NO
House1076-14019-MALE,NO
House2126-10578-MALE,NO
House5392-9978-MALE,NO
House2465-8439-FEMALE,NO
House3997-11394-MALE,YES
House1401-6604-FEMALE,YES
House1423-7495-FEMALE,NO
House1179-10746-FEMALE,NO
House1693-11894-FEMALE,NO
House1835-10077-FEMALE,NO
House6019-13209-FEMALE,NO
House2147-11711-FEMALE,YES
House1814-13102-FEMALE,NO
House355-343-FEMALE,NO
House106-95-FEMALE,NO
House778-9182-FEMALE,YES
House2641-11524-MALE,NO
House5121-11783-FEMALE,NO
House1295-8086-FEMALE,NO
House1709-12412-MALE,NO
House3866-3821-FEMALE,NO
House5974-12447-FEMALE,NO
House1416-9528-MALE,YES
House2667-12691-MALE,NO
House1749-8170-FEMALE,NO
House2022-9723-FEMALE,NO
House6019-6143-FEMALE,NO
House983-8664-MALE,NO
House2034-12113-MALE,NO
House673-12974-FEMALE,NO
House2079-13992-FEMALE,NO
House1912-1907-FEMALE,NO
House1466-9030-MALE,NO
House1608-12822-MALE,NO
House3275-3233-FEMALE,NO
House492-11851-FEMALE,NO
House1526-15178-MALE,YES
House5611-5602-MALE,NO
House5694-5681-FEMALE,NO
House3841-12969-MALE,NO
House1333-14737-MALE,NO
House3417-6691-FEMALE,NO
House2264-8059-FEMALE,NO
House1973-14048-FEMALE,NO
House2726-13797-MALE,YES
House2915-14885-MALE,NO
House6019-12065-FEMALE,NO
House4201-4155-FEMALE,YES
House5454-5440-MALE,NO
House4125-8290-MALE,NO
House1838-1834-MALE,NO
House4692-12980-FEMALE,NO
House718-12835-MALE,NO
House952-14027-MALE,NO
House3272-7192-FEMALE,NO
House2977-11921-MALE,NO
House6019-13537-FEMALE,YES
House1690-12087-MALE,NO
House2544-13307-MALE,NO
House4716-4689-FEMALE,NO
House6019-6170-FEMALE,NO
House5072-5038-MALE,NO
House1519-6684-FEMALE,NO
House2792-11397-MALE,NO
House4006-7591-FEMALE,NO
House1439-11382-MALE,NO
House1664-12435-MALE,NO
House3770-6545-FEMALE,NO
House6019-10821-FEMALE,NO
House2544-12959-FEMALE,NO
House2288-12302-MALE,NO
House3288-12565-MALE,NO
House2314-10163-FEMALE,NO
House3700-3641-FEMALE,YES
House4156-4117-FEMALE,NO
House1862-13203-MALE,NO
House1063-13034-MALE,YES
House4309-4263-FEMALE,NO
House2204-9719-FEMALE,NO
House5435-13402-FEMALE,NO
House485-14311-MALE,NO
House645-13514-FEMALE,NO
House2353-11222-MALE,NO
House1389-12118-MALE,NO
House2982-12550-FEMALE,NO
House4528-10417-MALE,NO
House782-764-MALE,NO
House538-13592-FEMALE,NO
House2989-11597-FEMALE,NO
House3955-12966-FEMALE,NO
House1903-1895-FEMALE,NO
House5025-4999-FEMALE,NO
House2687-11604-FEMALE,NO
House2860-14437-MALE,NO
House233-10756-FEMALE,NO
House4748-9468-FEMALE,YES
House1048-1023-FEMALE,NO
House6019-11829-FEMALE,NO
House972-12597-MALE,YES
House1005-978-MALE,NO
House4496-4460-MALE,NO
House2234-2255-FEMALE,YES
House3455-12781-FEMALE,YES
House1238-8072-FEMALE,NO
House2690-14366-MALE,YES
House941-925-FEMALE,NO
House5886-5862-MALE,NO
House5945-12234-MALE,NO
House2394-2414-MALE,NO
House2488-6927-MALE,NO
House4459-4429-FEMALE,NO
House4180-13431-MALE,NO
House6019-14278-FEMALE,YES
House6019-11827-FEMALE,NO
House2735-10952-MALE,NO
House2798-12240-MALE,NO
House2768-11727-MALE,NO
House5669-5656-MALE,NO
House5762-12386-MALE,YES
House1313-14177-MALE,YES
House4157-14380-MALE,NO
House2140-9091-FEMALE,NO
House3145-8281-FEMALE,NO
House207-12986-MALE,NO
House4066-4018-MALE,NO
House1297-10224-FEMALE,NO
House2467-2486-MALE,NO
House5383-8667-FEMALE,NO
House3145-14937-MALE,NO
House6019-11895-FEMALE,NO
House828-13230-MALE,NO
House2456-10818-MALE,NO
House2590-2598-MALE,YES
House5950-12200-MALE,NO
House2565-12292-MALE,NO
House1487-1467-FEMALE,NO
House1288-8891-FEMALE,NO
House3376-8469-MALE,NO
House5437-5420-MALE,NO
House1729-1725-FEMALE,NO
House2275-10736-FEMALE,NO
House116-12175-MALE,NO
House5526-6580-MALE,NO
House3707-8240-FEMALE,NO
House3353-13612-MALE,NO
House1286-7836-MALE,NO
House199-10797-MALE,YES
House3093-3068-MALE,NO
House5763-11751-MALE,NO
House5561-5557-FEMALE,NO
House5226-13346-MALE,YES
House3111-10540-FEMALE,NO
House621-10116-MALE,NO
House5492-5482-MALE,NO
House5378-5356-MALE,NO
House3771-9360-MALE,NO
House1874-8262-FEMALE,NO
House6019-10942-FEMALE,NO
House1075-12008-MALE,NO
House4812-6828-MALE,NO
House720-10093-FEMALE,NO
House2180-12619-FEMALE,NO
House6019-14259-FEMALE,NO
House873-10396-MALE,NO
House1573-12017-FEMALE,NO
House186-166-MALE,NO
House2594-8338-MALE,NO
House846-9738-MALE,YES
House2041-11936-MALE,NO
House6019-11374-FEMALE,NO
House4827-4799-FEMALE,NO
House999-13893-FEMALE,NO
House5244-11077-MALE,NO
House3713-3656-MALE,NO
House3746-12153-FEMALE,NO
House1915-12930-FEMALE,NO
House4684-4655-FEMALE,NO
House1240-10633-MALE,NO
House1166-13442-MALE,NO
House984-11765-MALE,NO
House1387-1369-FEMALE,NO
House2594-2605-FEMALE,NO
House3607-6598-MALE,NO
House2645-13651-MALE,NO
House2064-12917-MALE,YES
House1520-11306-MALE,NO
House1771-11980-MALE,YES
House2919-12293-MALE,NO
House726-7172-MALE,NO
House3615-3561-FEMALE,YES
House4006-3964-MALE,NO
House42-9578-MALE,NO
House580-548-MALE,NO
House2210-13265-FEMALE,NO
House6019-12481-FEMALE,NO
House1890-12589-MALE,YES
House4208-11808-MALE,NO
House304-11759-FEMALE,NO
House6019-12297-FEMALE,NO
House474-7661-FEMALE,NO
House5353-9469-MALE,NO
House4132-4093-FEMALE,NO
House3230-12157-FEMALE,NO
House831-12282-MALE,NO
House260-241-FEMALE,NO
House1139-7028-MALE,NO
House5988-5962-MALE,NO
House1247-11450-MALE,NO
House5353-9539-FEMALE,YES
House6019-10485-FEMALE,NO
House5293-5273-FEMALE,NO
House4422-8020-MALE,NO
House4643-7780-FEMALE,NO
House6019-12359-FEMALE,NO
House4252-13777-MALE,NO
House6019-13206-FEMALE,NO
House5773-5758-MALE,NO
House220-13727-MALE,YES
House1571-12631-MALE,YES
House3450-10826-MALE,NO
House2569-13890-MALE,NO
House2188-14542-MALE,NO
House309-9130-FEMALE,NO
House2911-11151-FEMALE,NO
House4906-11708-MALE,YES
House3354-13029-FEMALE,NO
House5668-5655-FEMALE,NO
House5891-7331-MALE,NO
House2102-10053-FEMALE,NO
House1621-9562-FEMALE,NO
House3135-11214-MALE,NO
House3385-3333-FEMALE,NO
House2398-15306-MALE,YES
House3885-7904-MALE,NO
House5946-5925-FEMALE,NO
House152-136-MALE,NO
House875-862-MALE,YES
House9-9-FEMALE,NO
House3404-9514-FEMALE,NO
House3666-3606-MALE,NO
House778-758-MALE,NO
House1620-10333-FEMALE,NO
House3325-3274-MALE,NO
House3597-8856-FEMALE,NO
House1637-14926-FEMALE,NO
House976-13802-MALE,NO
House1075-12180-FEMALE,NO
House2847-2839-FEMALE,NO
House512-489-FEMALE,NO
House670-12774-MALE,NO
House2336-9974-FEMALE,NO
House2937-12600-MALE,NO
House1333-14446-FEMALE,YES
House151-13587-MALE,NO
House406-391-FEMALE,NO
House2171-10747-MALE,NO
House4089-4044-MALE,NO
House1717-9760-FEMALE,NO
House5254-5231-FEMALE,YES
House5107-6739-MALE,NO
House1088-14469-MALE,YES
House5614-8581-FEMALE,NO
House772-8035-MALE,NO
House6019-11858-FEMALE,NO
House2450-12028-FEMALE,YES
House3216-13136-MALE,NO
House4373-6280-MALE,NO
House4881-12846-FEMALE,NO
House6019-12513-FEMALE,NO
House39-31-FEMALE,NO
House59-44-MALE,NO
House5755-14289-MALE,YES
House209-7997-MALE,NO
House2371-10802-FEMALE,NO
House2111-2125-FEMALE,NO
House1680-9198-MALE,NO
House5784-5772-MALE,NO
House492-13894-MALE,YES
House4444-7784-MALE,NO
House4156-4116-MALE,NO
House2846-11533-FEMALE,NO
House6019-10721-FEMALE,NO
House5988-5963-FEMALE,NO
House587-554-MALE,NO
House5018-4990-MALE,NO
House203-10598-MALE,NO
House193-10149-MALE,NO
House580-13792-FEMALE,NO
House5077-5045-FEMALE,NO
House3443-13780-MALE,NO
House167-15780-MALE,YES
House5259-8263-FEMALE,YES
House1552-15241-MALE,YES
House1566-10859-MALE,NO
House6019-11681-FEMALE,NO
House3516-6397-MALE,NO
House5833-9905-MALE,NO
House4937-4910-MALE,YES
House1183-11903-FEMALE,NO
House2057-9953-FEMALE,NO
House6019-12758-FEMALE,NO
House1180-11898-FEMALE,NO
House35-9734-MALE,NO
House168-6671-FEMALE,NO
House3099-12638-MALE,NO
House3057-11502-MALE,NO
House685-13908-FEMALE,YES
House351-9787-FEMALE,NO
House4525-11409-FEMALE,NO
House3432-12324-MALE,NO
House3506-3450-MALE,NO
House4074-9621-MALE,YES
House6008-11262-MALE,YES
House6019-9464-FEMALE,NO
House3075-3053-FEMALE,YES
House1559-7119-MALE,NO
House5256-12445-MALE,NO
House4203-6389-MALE,NO
House678-8306-FEMALE,NO
House5304-5289-FEMALE,NO
House2298-14052-FEMALE,NO
House3842-12829-MALE,NO
House3620-12405-MALE,NO
House4860-14665-MALE,YES
House1922-13280-MALE,NO
House6019-10420-FEMALE,NO
House5754-8407-FEMALE,NO
House4711-11436-MALE,NO
House4234-9697-FEMALE,NO
House1204-9646-MALE,NO
House2856-13461-MALE,NO
House2691-6472-FEMALE,NO
House2712-11118-MALE,NO
House2631-11668-MALE,NO
House482-13441-MALE,NO
House2957-11039-FEMALE,NO
House124-14884-MALE,YES
House2387-13141-FEMALE,YES
House5726-6928-MALE,NO
House483-13746-MALE,NO
House4965-4945-FEMALE,NO
House3404-9261-MALE,NO
House4862-12626-FEMALE,NO
House5827-11686-MALE,NO
House3732-3677-FEMALE,NO
House5516-5506-MALE,YES
House4968-11593-FEMALE,NO
House2572-11605-MALE,NO
House1630-14867-MALE,NO
House6019-14330-FEMALE,NO
House3473-3422-MALE,NO
House6019-10913-FEMALE,NO
House604-571-FEMALE,NO
House101-9900-MALE,NO
House981-10752-FEMALE,YES
House4360-8973-FEMALE,NO
House3809-3761-FEMALE,NO
House3368-3312-MALE,NO
House4152-7071-FEMALE,YES
House2405-9724-MALE,NO
House4811-4780-MALE,NO
House5755-8317-FEMALE,NO
House5642-5622-MALE,NO
House43-32-MALE,NO
House689-656-MALE,NO
House1358-10434-MALE,NO
House1453-11238-MALE,NO
House1657-1649-FEMALE,NO
House160-13906-MALE,NO
House2779-7341-FEMALE,NO
House682-9455-MALE,NO
House318-12296-MALE,NO
House4476-4445-FEMALE,YES
House2751-14472-MALE,YES
House1874-9185-MALE,NO
House5285-14265-MALE,NO
House5678-5667-FEMALE,NO
House526-8436-MALE,NO
House2860-13124-FEMALE,NO
House5663-12179-MALE,NO
House6019-8889-FEMALE,NO
House4364-15247-FEMALE,YES
House2347-11672-MALE,NO
House2070-13510-FEMALE,NO
House464-14663-FEMALE,YES
House2912-2910-MALE,NO
House4101-13459-MALE,YES
House2724-12897-FEMALE,NO
House919-13508-MALE,NO
House2939-11445-FEMALE,NO
House3680-15734-MALE,YES
House1456-9929-FEMALE,NO
House1419-14131-MALE,YES
House2468-2488-MALE,NO
House6019-13319-FEMALE,NO
House6019-13952-FEMALE,YES
House807-784-MALE,NO
House528-10623-FEMALE,YES
House4500-11252-FEMALE,YES
House35-10286-FEMALE,NO
House686-9240-FEMALE,NO
House1080-13333-FEMALE,NO
House4529-4482-MALE,NO
House1956-1950-MALE,NO
House970-13544-MALE,NO
House2980-14413-MALE,NO
House6019-12221-FEMALE,NO
House3354-13085-MALE,NO
House1486-11806-MALE,NO
House2635-10976-FEMALE,NO
House2918-2917-FEMALE,NO
House847-10552-FEMALE,NO
House921-906-MALE,NO
House5028-9661-MALE,NO
House2036-11618-MALE,NO
House2070-14425-MALE,NO
House5419-6861-MALE,YES
House2573-9064-FEMALE,NO
House3633-3576-MALE,NO
House5964-12529-FEMALE,NO
House2008-9741-MALE,YES
House1335-1311-FEMALE,NO
House2100-9979-MALE,YES
House5163-10909-MALE,NO
House1176-9699-FEMALE,NO
House2200-15518-FEMALE,YES
House2809-13721-FEMALE,NO
House1290-9156-FEMALE,NO
House5544-12789-MALE,NO
House6019-11111-FEMALE,NO
House1842-13948-MALE,YES
House1304-6388-MALE,NO
House3541-8136-MALE,NO
House2494-6353-FEMALE,NO
House2332-12303-FEMALE,NO
House1560-1539-FEMALE,NO
House2426-13311-MALE,NO
House732-14167-FEMALE,NO
House2481-2502-MALE,NO
House2341-12160-FEMALE,YES
House2289-7705-FEMALE,NO
House6019-13851-FEMALE,NO
House512-11224-MALE,YES
House3903-11860-MALE,NO
House250-13593-MALE,NO
House76-61-FEMALE,NO
House2582-15258-MALE,YES
House748-6933-FEMALE,NO
House2419-14060-MALE,YES
House518-13560-FEMALE,NO
House5369-5347-FEMALE,YES
House2991-11371-MALE,NO
House2328-13027-MALE,NO
House1094-13996-MALE,NO
House2194-14694-MALE,NO
House365-14004-MALE,NO
House1440-1427-FEMALE,NO
House1004-12667-FEMALE,NO
House244-10301-MALE,NO
House1058-1033-FEMALE,NO
House461-432-MALE,NO
House2517-2534-MALE,NO
House1850-10542-MALE,NO
House5706-5697-FEMALE,NO
House6019-12761-FEMALE,NO
House125-10996-MALE,NO
House2894-9691-FEMALE,NO
House5111-5071-FEMALE,NO
House3542-12257-FEMALE,NO
House1356-10437-MALE,NO
House1293-11056-MALE,NO
House2434-10398-MALE,NO
House6019-12068-FEMALE,NO
House238-9720-MALE,NO
House2832-9307-FEMALE,NO
House3727-3669-FEMALE,NO
House4510-7631-MALE,NO
House5481-10814-FEMALE,NO
House4438-12001-FEMALE,NO
House2745-12056-MALE,NO
House1906-14358-MALE,YES
House1407-9797-FEMALE,NO
House6019-13621-FEMALE,NO
House2635-11400-MALE,NO
House5029-9348-FEMALE,NO
House1376-11569-FEMALE,NO
House6019-14393-FEMALE,YES
House6019-13267-FEMALE,YES
House2405-6993-FEMALE,NO
House569-539-FEMALE,NO
House887-11550-MALE,NO
House1607-11070-MALE,NO
House978-11285-MALE,YES
House1393-10836-MALE,NO
House1879-10745-FEMALE,YES
House3306-15869-MALE,YES
House4637-4602-MALE,NO
House954-12186-MALE,NO
House2299-2308-MALE,YES
House2889-12992-MALE,YES
House243-224-MALE,NO
House6019-12235-FEMALE,NO
House852-6226-FEMALE,NO
House633-9019-FEMALE,NO
House155-14138-MALE,NO
House3418-7513-FEMALE,NO
House3451-10588-FEMALE,NO
House2439-13362-FEMALE,NO
House705-14100-MALE,NO
House5-13139-MALE,YES
House1041-13762-MALE,NO
House153-12123-MALE,NO
House452-12764-MALE,NO
House2303-12592-MALE,NO
House4979-4955-FEMALE,NO
House340-14157-MALE,YES
House797-14267-MALE,NO
House5657-5644-MALE,NO
House2926-12581-FEMALE,NO
House4874-4849-FEMALE,NO
House194-174-MALE,NO
House2032-2033-FEMALE,NO
House2865-11217-MALE,NO
House760-11145-MALE,NO
House6019-11501-FEMALE,NO
House3620-11472-FEMALE,NO
House4184-8912-MALE,NO
House1282-10210-FEMALE,NO
House2073-13675-FEMALE,YES
House5994-5970-MALE,NO
House1708-14148-MALE,NO
House5579-5573-FEMALE,NO
House1592-9869-FEMALE,NO
House1707-10900-FEMALE,NO
House4792-13167-FEMALE,NO
House1478-12848-MALE,NO
House1138-14587-FEMALE,YES
House85-10287-MALE,YES
House1015-10228-FEMALE,YES
House621-10442-FEMALE,NO
House94-12859-MALE,NO
House3973-3932-MALE,NO
House1852-10533-MALE,YES
House1682-1683-FEMALE,YES
House888-13186-MALE,NO
House180-13205-MALE,YES
House3174-3134-MALE,NO
House502-10561-MALE,NO
House775-12825-FEMALE,YES
House693-9253-MALE,NO
House264-12444-MALE,NO
House2826-14302-FEMALE,NO
House276-249-FEMALE,NO
House1567-11769-FEMALE,NO
House705-13177-FEMALE,NO
House697-666-MALE,NO
House5762-14199-FEMALE,NO
House5795-9026-FEMALE,NO
House2038-12788-MALE,NO
House2738-2739-FEMALE,NO
House756-734-MALE,NO
House4940-13010-MALE,NO
House2660-10870-FEMALE,NO
House497-13367-FEMALE,NO
House5111-5070-MALE,NO
House1358-13562-FEMALE,YES
House4037-3997-FEMALE,NO
House3204-3154-MALE,NO
House421-402-MALE,NO
House4985-4958-MALE,NO
House4403-4368-MALE,NO
House5117-14134-FEMALE,YES
House3965-3922-MALE,NO
House4968-12560-MALE,NO
House2729-15456-FEMALE,YES
House414-15153-MALE,YES
House3943-7756-MALE,NO
House1111-10408-FEMALE,NO
House61-9586-FEMALE,NO
House6019-12393-FEMALE,NO
House685-13916-MALE,NO
House4998-13148-FEMALE,YES
House4593-6322-MALE,NO
House3903-7393-FEMALE,NO
House5995-5972-MALE,NO
House4989-7635-FEMALE,NO
House6019-12349-FEMALE,NO
House3746-3698-MALE,NO
House5724-14843-MALE,NO
House2146-13433-MALE,NO
House3549-9071-FEMALE,NO
House196-11100-MALE,NO
House519-6304-FEMALE,NO
House4571-12506-MALE,NO
House1723-10957-MALE,NO
House370-7426-FEMALE,YES
House1505-7726-MALE,NO
House4376-10649-FEMALE,NO
House3673-6708-MALE,YES
House678-15993-MALE,YES
House725-705-FEMALE,NO
House1497-8576-MALE,NO
House2204-9244-MALE,NO
House207-189-FEMALE,NO
House6013-13222-MALE,NO
House5783-13617-FEMALE,NO
House1307-14113-FEMALE,NO
House5123-5087-FEMALE,NO
House3061-3040-MALE,NO
House638-600-MALE,NO
House6019-12154-FEMALE,NO
House1455-9438-MALE,NO
House1031-11784-MALE,NO
House2327-12608-MALE,NO
House4337-10074-FEMALE,NO
House6019-13306-FEMALE,NO
House1384-12787-MALE,NO
House5705-7085-FEMALE,NO
House3838-3797-FEMALE,NO
House2807-2800-MALE,NO
House4808-7994-MALE,NO
House2862-11025-MALE,NO
House5732-9879-MALE,NO
House4146-4103-FEMALE,NO
House1215-11276-FEMALE,NO
House641-10179-MALE,NO
House1978-11205-MALE,NO
House3814-3765-FEMALE,NO
House565-10407-FEMALE,NO
House3535-3482-MALE,NO
House1401-1382-MALE,YES
House2298-11772-MALE,NO
House3726-3666-MALE,NO
House4419-4383-FEMALE,NO
House2702-11043-MALE,NO
House3663-15607-FEMALE,YES
House2787-2780-MALE,NO
House4977-11058-FEMALE,NO
House4207-9394-MALE,NO
House2579-12646-FEMALE,NO
House939-12729-MALE,YES
House1633-10614-MALE,NO
House1505-7623-FEMALE,NO
House1200-11741-FEMALE,NO
House4823-11082-FEMALE,NO
House1053-14997-MALE,YES
House379-14291-MALE,NO
House2415-13962-MALE,NO
House3888-14969-FEMALE,NO
House2664-2675-FEMALE,NO
House889-883-FEMALE,NO
House5050-5025-FEMALE,NO
House499-6884-FEMALE,YES
House5435-11273-MALE,NO
House6019-11906-FEMALE,NO
House2011-8741-MALE,NO
House547-13244-MALE,NO
House745-727-FEMALE,YES
House435-13154-MALE,NO
House557-528-MALE,NO
House1746-1739-FEMALE,NO
House2706-13020-MALE,NO
House6019-14936-FEMALE,NO
House2546-13545-MALE,NO
House2598-8757-FEMALE,NO
House2630-15491-FEMALE,YES
House539-12807-FEMALE,NO
House4258-11330-FEMALE,NO
House882-12775-MALE,YES
House2404-10316-MALE,NO
House1738-12485-FEMALE,YES
House2431-9835-FEMALE,NO
House4128-7385-MALE,NO
House271-11021-MALE,YES
House4038-12590-MALE,NO
House5718-14687-MALE,NO
House4076-4034-MALE,NO
House6019-14427-FEMALE,NO
House3330-8137-MALE,NO
House2722-9153-MALE,NO
House967-10332-MALE,NO
House1578-10960-FEMALE,NO
House4527-8284-MALE,NO
House2763-9449-MALE,NO
House623-13553-MALE,NO
House1952-12469-MALE,NO
House2663-2672-MALE,NO
House138-7327-FEMALE,NO
House2964-10981-MALE,NO
House5391-10310-MALE,NO
House2281-9332-MALE,NO
House2377-13641-MALE,NO
House77-10283-MALE,NO
House3820-3772-MALE,NO
House1826-13061-MALE,NO
House4456-4423-FEMALE,NO
House2764-14047-FEMALE,NO
House6010-5993-FEMALE,NO
House3755-12379-MALE,NO
House431-10696-MALE,NO
House1236-1221-FEMALE,NO
House1435-12828-MALE,NO
House3156-12004-FEMALE,NO
House6002-5980-MALE,NO
House2695-9311-MALE,NO
House1221-12891-FEMALE,NO
House1436-10527-MALE,NO
House1085-1057-FEMALE,NO
House949-13629-MALE,YES
House2527-13642-MALE,NO
House2364-11832-MALE,NO
House3162-10282-MALE,NO
House5825-5806-MALE,NO
House2144-8419-MALE,NO
House3582-12193-MALE,NO
House6019-10985-FEMALE,NO
House2020-10465-MALE,NO
House2470-2493-FEMALE,NO
House973-6851-MALE,NO
House3005-12110-MALE,NO
House275-14787-MALE,YES
House1910-6435-MALE,NO
House587-555-FEMALE,NO
House6019-14078-FEMALE,NO
House2295-2303-FEMALE,NO
House657-623-FEMALE,NO
House3368-10629-FEMALE,NO
House1559-6950-FEMALE,YES
House311-290-MALE,NO
House5738-5719-FEMALE,NO
House833-12923-FEMALE,YES
House897-887-FEMALE,YES
House4468-4436-MALE,NO
House3344-11934-FEMALE,NO
House3788-12821-MALE,NO
House5704-12612-FEMALE,NO
House2296-15432-MALE,YES
House235-11359-MALE,NO
House5289-5269-FEMALE,NO
House1110-12121-MALE,YES
House975-9663-FEMALE,NO
House1533-1517-FEMALE,NO
House4830-9725-MALE,NO
House3715-3661-FEMALE,NO
House1363-1343-FEMALE,NO
House5621-5611-FEMALE,NO
House2043-14049-FEMALE,NO
House6019-13466-FEMALE,NO
House1451-11116-MALE,NO
House6019-10648-FEMALE,NO
House427-11914-FEMALE,NO
House338-6419-FEMALE,NO
House3095-10358-FEMALE,NO
House1431-12417-FEMALE,NO
House2812-9413-MALE,NO
House3807-3759-FEMALE,NO
House1585-12147-FEMALE,NO
House3042-7570-MALE,NO
House4839-9442-FEMALE,NO
House861-14929-MALE,YES
House3257-6426-MALE,NO
House2038-15246-FEMALE,YES
House1643-10475-MALE,YES
House5679-7638-FEMALE,NO
House4941-11277-MALE,NO
House3126-3093-FEMALE,NO
House897-11553-MALE,NO
House3295-7609-MALE,NO
House5120-6617-FEMALE,NO
House571-12330-FEMALE,NO
House2663-11862-FEMALE,NO
House1301-1278-MALE,NO
House528-10890-MALE,NO
House2652-9176-MALE,NO
House5210-8787-FEMALE,NO
House3852-11855-MALE,NO
House1504-9192-MALE,NO
House1405-13961-MALE,NO
House2455-2475-FEMALE,NO
House1460-12105-FEMALE,NO
House5496-11821-MALE,NO
House1880-1867-FEMALE,NO
House6019-10987-FEMALE,NO
House4095-4051-FEMALE,YES
House279-13717-FEMALE,NO
House1030-1005-FEMALE,NO
House6019-7996-FEMALE,NO
House1590-10431-MALE,NO
House2190-10735-MALE,NO
House669-13664-FEMALE,YES
House4047-7147-MALE,YES
House6019-12484-FEMALE,NO
House5562-8711-MALE,YES
House2134-9829-MALE,NO
House2004-13982-FEMALE,NO
House1182-11810-MALE,NO
House3682-6402-FEMALE,NO
House419-12888-MALE,YES
House2672-13543-MALE,YES
House697-667-FEMALE,NO
House817-12344-MALE,NO
House6019-9875-FEMALE,NO
House145-11192-MALE,NO
House960-12197-MALE,NO
House1591-13268-FEMALE,NO
House1697-1698-MALE,NO
House2469-11019-MALE,NO
House4015-3970-MALE,NO
House2184-13122-FEMALE,NO
House2371-10076-MALE,NO
House1591-12340-MALE,NO
House790-15648-MALE,NO
House135-13391-MALE,NO
House1079-15543-MALE,YES
House2056-8853-MALE,NO
House585-13752-MALE,YES
House11-12826-MALE,NO
House1542-8372-MALE,NO
House2251-2271-FEMALE,NO
House4165-8063-FEMALE,NO
House2818-2811-FEMALE,YES
House1225-10622-MALE,NO
House6019-11433-FEMALE,NO
House1140-13049-MALE,YES
House3956-3914-MALE,NO
House4514-9330-FEMALE,YES
House1570-9233-MALE,YES
House980-10784-MALE,NO
House3964-3920-MALE,YES
House3495-3443-FEMALE,NO
House2147-12132-MALE,NO
House5794-10697-FEMALE,NO
House6019-12323-FEMALE,NO
House1882-13971-MALE,NO
House6019-11626-FEMALE,NO
House4362-8300-FEMALE,YES
House2183-11081-MALE,NO
House5599-8110-MALE,NO
House1675-12898-MALE,NO
House2746-2751-FEMALE,NO
House3042-7484-FEMALE,NO
House3000-2990-MALE,NO
House5863-14136-MALE,NO
House1445-11109-FEMALE,NO
House571-12593-MALE,NO
House2504-7592-MALE,NO
House2898-10086-MALE,NO
House156-12641-MALE,NO
House2591-12715-FEMALE,NO
House1561-14234-MALE,NO
House2191-7677-MALE,NO
House1939-11474-MALE,NO
House3949-11592-MALE,NO
House2725-8183-FEMALE,NO
House3006-2997-FEMALE,NO
House2000-11731-MALE,NO
House2655-2659-FEMALE,NO
House2089-10508-MALE,NO
House3809-3760-MALE,NO
House2437-12192-MALE,NO
House843-11006-MALE,NO
House5259-7109-MALE,NO
House11-15507-FEMALE,YES
House3001-14252-MALE,YES
House645-11549-MALE,NO
House1685-7492-FEMALE,NO
House6019-13794-FEMALE,NO
House573-10126-MALE,NO
House2777-13849-FEMALE,NO
House2598-10476-MALE,NO
House1468-10156-MALE,NO
House4955-4931-FEMALE,NO
House1623-10351-MALE,NO
House3191-11703-MALE,NO
House1442-1431-FEMALE,NO
House174-9202-MALE,NO
House1343-1321-FEMALE,NO
House115-97-FEMALE,NO
House6019-11614-FEMALE,NO
House2526-8163-FEMALE,NO
House5621-5610-MALE,NO
House2284-14574-MALE,NO
House2199-6244-FEMALE,NO
House2665-13263-MALE,NO
House3747-12236-MALE,NO
House4028-3988-MALE,NO
House4372-4334-MALE,NO
House618-8551-MALE,NO
House5443-5428-MALE,NO
House4644-12981-MALE,NO
House977-7121-FEMALE,NO
House2367-10925-MALE,NO
House4792-4756-MALE,NO
House344-328-MALE,NO
House4830-9693-FEMALE,NO
House2961-2954-MALE,NO
House4887-13427-MALE,NO
House4720-4694-MALE,NO
House1251-10089-MALE,NO
House1500-7961-MALE,YES
House5759-14886-FEMALE,NO
House1380-11841-MALE,NO
House3703-12006-FEMALE,NO
House3224-8825-MALE,NO
House6019-11662-FEMALE,NO
House5704-13099-MALE,NO
House2659-11825-FEMALE,NO
House1232-1216-MALE,NO
House841-827-FEMALE,NO
House5921-14036-FEMALE,YES
House2537-2555-FEMALE,YES
House285-14572-MALE,YES
House891-12819-MALE,NO
House6001-5978-MALE,NO
House5720-11473-FEMALE,NO
House1355-7197-FEMALE,NO
House5451-10791-MALE,NO
House2529-2543-FEMALE,NO
House1754-14617-MALE,NO
House1910-1905-FEMALE,NO
House2892-13914-MALE,NO
House687-652-MALE,NO
House2732-2733-FEMALE,NO
House698-14254-MALE,NO
House5060-5033-FEMALE,NO
House974-959-FEMALE,NO
House2364-13554-FEMALE,YES
House84-12262-FEMALE,NO
House5876-9306-FEMALE,NO
House5524-5518-MALE,NO
House2517-13269-FEMALE,NO
House4117-11242-MALE,NO
House2988-7895-FEMALE,NO
House1234-12327-FEMALE,NO
House5538-5532-MALE,NO
House6019-12870-FEMALE,NO
House2286-2298-MALE,NO
House2615-12021-MALE,NO
House2206-12566-FEMALE,NO
House3461-12473-MALE,NO
House3837-9962-MALE,NO
House6019-12181-FEMALE,NO
House923-909-FEMALE,NO
House1460-11685-MALE,NO
House329-14943-FEMALE,YES
House5179-13883-FEMALE,NO
House5397-5377-FEMALE,NO
House1205-1182-MALE,NO
House91-12248-FEMALE,NO
House1350-1328-MALE,NO
House4097-9054-MALE,YES
House155-7749-FEMALE,NO
House672-11778-MALE,NO
House661-11950-MALE,YES
House978-10830-FEMALE,YES
House371-14832-MALE,NO
House4101-12127-FEMALE,YES
House2380-2395-FEMALE,NO
House1294-1268-MALE,NO
House4690-14069-FEMALE,NO
House2873-11295-FEMALE,NO
House1738-8776-MALE,NO
House796-13100-MALE,YES
House5338-5316-MALE,NO
House3432-10491-FEMALE,NO
House2646-13684-MALE,NO
House1278-10016-MALE,NO
House1881-11579-MALE,NO
House1637-9761-MALE,NO
House2826-12901-MALE,NO
House1492-12465-MALE,YES
House148-131-FEMALE,NO
House2777-11156-MALE,NO
House4444-4411-FEMALE,NO
House5210-7072-MALE,NO
House3138-9110-FEMALE,YES
House4912-11431-FEMALE,NO
House671-10481-FEMALE,NO
House5962-5939-FEMALE,NO
House1962-10300-FEMALE,NO
House1678-11294-FEMALE,NO
House2865-10615-FEMALE,NO
House5975-9341-FEMALE,NO
House2667-10166-FEMALE,NO
House608-14001-FEMALE,NO
House1272-8455-FEMALE,YES
House1319-1299-FEMALE,NO
House1521-1500-MALE,NO
House5206-6208-FEMALE,NO
House1970-9982-MALE,NO
House1545-12288-MALE,NO
House3238-3194-MALE,NO
House2614-9937-MALE,YES
House642-9873-FEMALE,NO
House1646-9782-MALE,NO
House5673-10235-MALE,YES
House5854-14786-MALE,NO
House2285-12596-FEMALE,NO
House266-8588-MALE,NO
House1403-10725-MALE,NO
House484-11807-FEMALE,NO
House45-9596-FEMALE,NO
House1523-14895-MALE,YES
House1144-10766-MALE,NO
House637-11577-FEMALE,NO
House3827-3783-FEMALE,NO
House6019-13712-FEMALE,YES
House2456-14381-FEMALE,NO
House187-12287-MALE,NO
House1364-1344-MALE,NO
House1355-9329-MALE,NO
House830-8767-FEMALE,NO
House1212-10969-MALE,NO
House2887-12243-MALE,NO
House2885-11863-FEMALE,NO
House329-11112-MALE,NO
House2292-11705-FEMALE,NO
House246-229-FEMALE,YES
House1198-11305-FEMALE,YES
House5524-5519-FEMALE,NO
House3707-10329-MALE,NO
House1311-11995-MALE,NO
House86-9122-FEMALE,NO
House403-12850-MALE,NO
House856-840-MALE,NO
House5338-5317-FEMALE,NO
House2208-10439-MALE,NO
House2134-2143-FEMALE,NO
House5718-11500-FEMALE,NO
House1269-11337-MALE,NO
House538-13231-MALE,YES
House4914-4888-MALE,NO
House1185-1158-MALE,NO
House2320-12271-MALE,NO
House1158-12960-FEMALE,NO
House2499-14657-MALE,NO
House547-12849-FEMALE,NO
House3316-3269-FEMALE,YES
House5308-12315-FEMALE,NO
House4045-4004-MALE,NO
House2698-11968-FEMALE,NO
House6019-13527-FEMALE,NO
House1577-14280-MALE,NO
House3730-3673-FEMALE,NO
House667-8590-FEMALE,YES
House52-39-FEMALE,NO
House1189-7070-FEMALE,NO
House785-9759-MALE,NO
House3604-11210-FEMALE,NO
House938-14068-MALE,NO
House140-13960-MALE,NO
House5303-10454-FEMALE,NO
House6019-11138-FEMALE,NO
House5532-11529-MALE,NO
House2338-9822-FEMALE,NO
House4801-4764-MALE,NO
House4373-4337-FEMALE,NO
House5289-5268-MALE,YES
House5959-7408-FEMALE,NO
House1052-12827-MALE,NO
House2314-13398-MALE,NO
House1284-1260-MALE,NO
House569-538-MALE,NO
House1712-10511-MALE,NO
House6019-7531-FEMALE,NO
House2061-13358-MALE,NO
House6019-11366-FEMALE,NO
House1179-10986-MALE,NO
House3047-11392-FEMALE,NO
House2700-2713-FEMALE,NO
House5617-5607-FEMALE,NO
House2190-2213-FEMALE,NO
House3647-3591-FEMALE,NO
House5214-14007-MALE,YES
House5369-5346-MALE,NO
House302-11842-FEMALE,NO
House3711-7159-FEMALE,NO
House2466-15490-FEMALE,YES
House2732-2732-MALE,NO
House2520-7478-FEMALE,YES
House254-12680-MALE,NO
House2117-14468-MALE,NO
House5242-5215-FEMALE,NO
House4822-13247-MALE,NO
House2772-12126-MALE,NO
House430-415-FEMALE,NO
House2481-2503-FEMALE,NO
House4097-4053-FEMALE,YES
House5054-11929-FEMALE,NO
House4239-4190-MALE,NO
House2285-11434-MALE,NO
House2441-10851-MALE,NO
House4556-11357-MALE,NO
House997-10560-MALE,NO
House2895-12003-MALE,NO
House178-9677-MALE,NO
House6019-11671-FEMALE,NO
House1929-1926-MALE,NO
House5473-9844-FEMALE,NO
House2626-12500-FEMALE,NO
House4320-12477-MALE,NO
House2824-12983-MALE,NO
House5695-7049-MALE,NO
House2339-11110-MALE,NO
House1196-1168-MALE,NO
House2697-12564-MALE,NO
House1511-11171-MALE,NO
House3850-9206-FEMALE,NO
House4510-7708-FEMALE,NO
House4158-12232-FEMALE,NO
House6019-15611-FEMALE,YES
House3320-14009-FEMALE,NO
House1315-1293-FEMALE,NO
House4643-8580-MALE,NO
House5100-8040-FEMALE,NO
House3076-3054-MALE,NO
House6019-13674-FEMALE,NO
House2645-8926-FEMALE,YES
House3047-7539-MALE,NO
House5472-5462-MALE,NO
House1030-13400-MALE,YES
House973-957-FEMALE,NO
House3753-3706-MALE,YES
House338-6918-MALE,NO
House1686-11556-FEMALE,NO
House4046-7234-FEMALE,NO
House72-13889-MALE,YES
House2139-12108-MALE,NO
House1482-6471-MALE,NO
House1578-11104-MALE,NO
House1048-10471-MALE,NO
House1962-14873-MALE,YES
House12-8894-MALE,NO
House3203-7627-MALE,YES
House6010-5992-MALE,NO
House816-12430-MALE,NO
House5461-5445-FEMALE,NO
House3138-7340-MALE,YES
House1644-13951-MALE,YES
House2769-2767-FEMALE,NO
House2952-15052-MALE,YES
House6019-11828-FEMALE,NO
House2917-13584-MALE,NO
House2649-7293-FEMALE,NO
House169-6998-FEMALE,NO
House2846-9708-MALE,NO
House3289-9826-MALE,YES
House3039-6335-MALE,NO
House2293-14104-FEMALE,NO
House835-13582-MALE,YES
House2346-13995-MALE,NO
House1384-15045-FEMALE,YES
House782-765-FEMALE,NO
House670-12802-FEMALE,NO
House689-13678-FEMALE,NO
House1010-12378-MALE,NO
House1961-12664-MALE,NO
House3238-3195-FEMALE,NO
House1412-9157-FEMALE,YES
House2741-2744-MALE,NO
House4527-8663-FEMALE,NO
House2845-12000-MALE,NO
House3280-3241-FEMALE,NO
House6019-10726-FEMALE,NO
House17-11775-FEMALE,NO
House4309-4262-MALE,NO
